[42.520169,-83.043801]
[42.520169, -83.043801]
[42.520169, -83.043801]
[42.520169, -83.043801]
[42.520169, -83.043801]
[42.520169, -83.043801]
[42.520169, -83.043801]
[42.520169, -83.043801]
[42.520169, -83.043801]
[42.520169, -83.043801]
[42.520169, -83.043801]
[42.520169, -83.043801]
[42.520169, -83.043801]
[42.520169, -83.043801]
[42.520169, -83.043801]
[42.520169, -83.043801]
[42.520169, -83.043801]
[42.520169, -83.043801]
[42.520169, -83.043801]
[42.520170, -83.043801]
[42.520170, -83.043801]
[42.520170, -83.043801]
[42.520170, -83.043801]
[42.520170, -83.043801]
[42.520170, -83.043801]
[42.520170, -83.043801]
[42.520170, -83.043801]
[42.520170, -83.043801]
[42.520170, -83.043801]
[42.520170, -83.043801]
[42.520170, -83.043801]
[42.520170, -83.043801]
[42.520170, -83.043801]
[42.520170, -83.043801]
[42.520170, -83.043801]
[42.520170, -83.043801]
[42.520170, -83.043801]
[42.520170, -83.043801]
[42.520170, -83.043801]
[42.520170, -83.043801]
[42.520170, -83.043801]
[42.520170, -83.043801]
[42.520170, -83.043801]
[42.520170, -83.043801]
[42.520170, -83.043801]
[42.520170, -83.043801]
[42.520170, -83.043801]
[42.520170, -83.043801]
[42.520170, -83.043801]
[42.520170, -83.043801]
[42.520170, -83.043801]
[42.520169, -83.043801]
[42.520169, -83.043801]
[42.520169, -83.043801]
[42.520169, -83.043801]
[42.520169, -83.043801]
[42.520169, -83.043801]
[42.520169, -83.043801]
[42.520169, -83.043800]
[42.520169, -83.043800]
[42.520169, -83.043800]
[42.520169, -83.043800]
[42.520169, -83.043800]
[42.520169, -83.043800]
[42.520169, -83.043800]
[42.520169, -83.043800]
[42.520169, -83.043800]
[42.520169, -83.043800]
[42.520170, -83.043800]
[42.520170, -83.043800]
[42.520170, -83.043800]
[42.520170, -83.043800]
[42.520170, -83.043800]
[42.520170, -83.043800]
[42.520170, -83.043800]
[42.520170, -83.043800]
[42.520170, -83.043800]
[42.520170, -83.043800]
[42.520170, -83.043800]
[42.520170, -83.043800]
[42.520170, -83.043800]
[42.520170, -83.043800]
[42.520170, -83.043800]
[42.520170, -83.043800]
[42.520170, -83.043800]
[42.520170, -83.043800]
[42.520170, -83.043800]
[42.520170, -83.043800]
[42.520170, -83.043800]
[42.520170, -83.043800]
[42.520170, -83.043800]
[42.520170, -83.043800]
[42.520169, -83.043800]
[42.520169, -83.043800]
[42.520169, -83.043800]
[42.520169, -83.043800]
[42.520169, -83.043800]
[42.520169, -83.043800]
[42.520169, -83.043800]
[42.520169, -83.043800]
[42.520169, -83.043800]
[42.520169, -83.043800]
[42.520169, -83.043800]
[42.520169, -83.043800]
[42.520169, -83.043800]
[42.520169, -83.043800]
[42.520169, -83.043800]
[42.520169, -83.043800]
[42.520168, -83.043800]
[42.520168, -83.043800]
[42.520168, -83.043800]
[42.520168, -83.043800]
[42.520168, -83.043800]
[42.520168, -83.043800]
[42.520168, -83.043800]
[42.520168, -83.043800]
[42.520168, -83.043800]
[42.520168, -83.043800]
[42.520168, -83.043800]
[42.520168, -83.043800]
[42.520168, -83.043800]
[42.520168, -83.043800]
[42.520168, -83.043800]
[42.520168, -83.043800]
[42.520168, -83.043800]
[42.520168, -83.043800]
[42.520168, -83.043800]
[42.520168, -83.043800]
[42.520168, -83.043800]
[42.520168, -83.043800]
[42.520168, -83.043800]
[42.520168, -83.043800]
[42.520168, -83.043800]
[42.520168, -83.043800]
[42.520168, -83.043800]
[42.520168, -83.043800]
[42.520168, -83.043800]
[42.520168, -83.043800]
[42.520168, -83.043800]
[42.520168, -83.043800]
[42.520168, -83.043800]
[42.520168, -83.043800]
[42.520168, -83.043800]
[42.520168, -83.043800]
[42.520168, -83.043800]
[42.520168, -83.043799]
[42.520168, -83.043799]
[42.520167, -83.043799]
[42.520167, -83.043799]
[42.520167, -83.043799]
[42.520167, -83.043799]
[42.520167, -83.043799]
[42.520167, -83.043799]
[42.520167, -83.043799]
[42.520167, -83.043799]
[42.520167, -83.043799]
[42.520167, -83.043799]
[42.520167, -83.043799]
[42.520167, -83.043799]
[42.520167, -83.043799]
[42.520167, -83.043799]
[42.520167, -83.043799]
[42.520167, -83.043799]
[42.520167, -83.043799]
[42.520167, -83.043799]
[42.520167, -83.043799]
[42.520167, -83.043799]
[42.520167, -83.043799]
[42.520167, -83.043799]
[42.520167, -83.043799]
[42.520167, -83.043799]
[42.520167, -83.043799]
[42.520167, -83.043799]
[42.520167, -83.043799]
[42.520167, -83.043799]
[42.520167, -83.043799]
[42.520167, -83.043799]
[42.520167, -83.043799]
[42.520167, -83.043799]
[42.520167, -83.043799]
[42.520167, -83.043799]
[42.520167, -83.043799]
[42.520167, -83.043799]
[42.520167, -83.043799]
[42.520167, -83.043799]
[42.520167, -83.043799]
[42.520167, -83.043799]
[42.520167, -83.043799]
[42.520166, -83.043799]
[42.520166, -83.043799]
[42.520166, -83.043799]
[42.520166, -83.043799]
[42.520166, -83.043799]
[42.520166, -83.043799]
[42.520166, -83.043799]
[42.520166, -83.043799]
[42.520166, -83.043799]
[42.520166, -83.043799]
[42.520166, -83.043799]
[42.520166, -83.043799]
[42.520166, -83.043799]
[42.520166, -83.043799]
[42.520166, -83.043799]
[42.520166, -83.043799]
[42.520166, -83.043799]
[42.520166, -83.043799]
[42.520166, -83.043799]
[42.520166, -83.043799]
[42.520166, -83.043799]
[42.520166, -83.043799]
[42.520166, -83.043799]
[42.520166, -83.043799]
[42.520166, -83.043799]
[42.520166, -83.043799]
[42.520166, -83.043799]
[42.520166, -83.043799]
[42.520166, -83.043799]
[42.520166, -83.043799]
[42.520167, -83.043799]
[42.520167, -83.043799]
[42.520167, -83.043799]
[42.520167, -83.043799]
[42.520167, -83.043799]
[42.520167, -83.043799]
[42.520167, -83.043799]
[42.520167, -83.043799]
[42.520167, -83.043799]
[42.520167, -83.043799]
[42.520167, -83.043799]
[42.520167, -83.043799]
[42.520167, -83.043799]
[42.520167, -83.043799]
[42.520167, -83.043799]
[42.520167, -83.043799]
[42.520167, -83.043799]
[42.520167, -83.043799]
[42.520167, -83.043799]
[42.520167, -83.043799]
[42.520167, -83.043799]
[42.520167, -83.043799]
[42.520167, -83.043799]
[42.520167, -83.043799]
[42.520167, -83.043799]
[42.520167, -83.043799]
[42.520167, -83.043799]
[42.520167, -83.043799]
[42.520167, -83.043799]
[42.520167, -83.043799]
[42.520167, -83.043799]
[42.520167, -83.043799]
[42.520167, -83.043799]
[42.520167, -83.043799]
[42.520167, -83.043799]
[42.520167, -83.043799]
[42.520167, -83.043799]
[42.520167, -83.043799]
[42.520167, -83.043799]
[42.520167, -83.043799]
[42.520168, -83.043799]
[42.520168, -83.043799]
[42.520168, -83.043799]
[42.520168, -83.043799]
[42.520168, -83.043799]
[42.520168, -83.043799]
[42.520168, -83.043799]
[42.520168, -83.043799]
[42.520168, -83.043799]
[42.520168, -83.043799]
[42.520168, -83.043799]
[42.520168, -83.043799]
[42.520168, -83.043799]
[42.520168, -83.043799]
[42.520168, -83.043799]
[42.520168, -83.043799]
[42.520168, -83.043799]
[42.520168, -83.043799]
[42.520169, -83.043799]
[42.520169, -83.043799]
[42.520169, -83.043799]
[42.520169, -83.043799]
[42.520169, -83.043799]
[42.520169, -83.043799]
[42.520169, -83.043799]
[42.520169, -83.043799]
[42.520169, -83.043799]
[42.520169, -83.043799]
[42.520169, -83.043799]
[42.520169, -83.043799]
[42.520169, -83.043799]
[42.520169, -83.043799]
[42.520169, -83.043799]
[42.520169, -83.043799]
[42.520169, -83.043799]
[42.520169, -83.043799]
[42.520169, -83.043799]
[42.520169, -83.043799]
[42.520169, -83.043799]
[42.520169, -83.043799]
[42.520169, -83.043799]
[42.520169, -83.043799]
[42.520169, -83.043799]
[42.520169, -83.043799]
[42.520169, -83.043799]
[42.520169, -83.043799]
[42.520169, -83.043799]
[42.520169, -83.043799]
[42.520169, -83.043799]
[42.520169, -83.043799]
[42.520169, -83.043799]
[42.520169, -83.043799]
[42.520169, -83.043800]
[42.520169, -83.043800]
[42.520169, -83.043800]
[42.520169, -83.043800]
[42.520169, -83.043800]
[42.520169, -83.043800]
[42.520169, -83.043800]
[42.520169, -83.043800]
[42.520169, -83.043800]
[42.520169, -83.043800]
[42.520169, -83.043800]
[42.520169, -83.043800]
[42.520169, -83.043800]
[42.520169, -83.043800]
[42.520169, -83.043800]
[42.520169, -83.043800]
[42.520169, -83.043800]
[42.520169, -83.043800]
[42.520169, -83.043800]
[42.520169, -83.043800]
[42.520169, -83.043800]
[42.520169, -83.043800]
[42.520169, -83.043800]
[42.520169, -83.043800]
[42.520169, -83.043800]
[42.520169, -83.043800]
[42.520169, -83.043800]
[42.520169, -83.043800]
[42.520169, -83.043800]
[42.520169, -83.043800]
[42.520169, -83.043800]
[42.520169, -83.043800]
[42.520169, -83.043800]
[42.520169, -83.043800]
[42.520169, -83.043800]
[42.520169, -83.043800]
[42.520169, -83.043800]
[42.520169, -83.043800]
[42.520169, -83.043800]
[42.520169, -83.043800]
[42.520169, -83.043800]
[42.520169, -83.043800]
[42.520169, -83.043800]
[42.520169, -83.043800]
[42.520169, -83.043800]
[42.520169, -83.043800]
[42.520169, -83.043800]
[42.520169, -83.043800]
[42.520169, -83.043800]
[42.520169, -83.043800]
[42.520169, -83.043800]
[42.520169, -83.043800]
[42.520169, -83.043800]
[42.520169, -83.043800]
[42.520169, -83.043800]
[42.520169, -83.043800]
[42.520168, -83.043800]
[42.520168, -83.043800]
[42.520168, -83.043800]
[42.520168, -83.043800]
[42.520168, -83.043800]
[42.520168, -83.043800]
[42.520168, -83.043800]
[42.520168, -83.043800]
[42.520168, -83.043800]
[42.520168, -83.043800]
[42.520168, -83.043800]
[42.520168, -83.043800]
[42.520168, -83.043800]
[42.520168, -83.043800]
[42.520168, -83.043800]
[42.520168, -83.043800]
[42.520168, -83.043800]
[42.520168, -83.043800]
[42.520168, -83.043800]
[42.520168, -83.043800]
[42.520168, -83.043800]
[42.520168, -83.043800]
[42.520168, -83.043800]
[42.520168, -83.043800]
[42.520168, -83.043800]
[42.520168, -83.043800]
[42.520168, -83.043800]
[42.520168, -83.043800]
[42.520168, -83.043800]
[42.520168, -83.043800]
[42.520168, -83.043800]
[42.520168, -83.043800]
[42.520168, -83.043800]
[42.520168, -83.043800]
[42.520168, -83.043800]
[42.520168, -83.043800]
[42.520168, -83.043800]
[42.520168, -83.043800]
[42.520168, -83.043800]
[42.520168, -83.043800]
[42.520168, -83.043800]
[42.520168, -83.043800]
[42.520168, -83.043800]
[42.520168, -83.043800]
[42.520168, -83.043800]
[42.520168, -83.043800]
[42.520168, -83.043800]
[42.520168, -83.043800]
[42.520169, -83.043800]
[42.520169, -83.043800]
[42.520169, -83.043800]
[42.520169, -83.043800]
[42.520169, -83.043800]
[42.520169, -83.043800]
[42.520169, -83.043800]
[42.520169, -83.043800]
[42.520169, -83.043800]
[42.520169, -83.043800]
[42.520169, -83.043800]
[42.520169, -83.043800]
[42.520169, -83.043800]
[42.520169, -83.043800]
[42.520169, -83.043800]
[42.520169, -83.043800]
[42.520169, -83.043800]
[42.520169, -83.043800]
[42.520169, -83.043800]
[42.520169, -83.043800]
[42.520169, -83.043800]
[42.520169, -83.043800]
[42.520169, -83.043800]
[42.520169, -83.043800]
[42.520169, -83.043800]
[42.520169, -83.043800]
[42.520169, -83.043800]
[42.520169, -83.043800]
[42.520169, -83.043800]
[42.520169, -83.043800]
[42.520169, -83.043800]
[42.520169, -83.043800]
[42.520169, -83.043800]
[42.520169, -83.043800]
[42.520169, -83.043800]
[42.520169, -83.043800]
[42.520169, -83.043800]
[42.520169, -83.043800]
[42.520169, -83.043800]
[42.520169, -83.043800]
[42.520169, -83.043800]
[42.520169, -83.043800]
[42.520169, -83.043800]
[42.520169, -83.043800]
[42.520169, -83.043800]
[42.520169, -83.043800]
[42.520169, -83.043800]
[42.520169, -83.043800]
[42.520169, -83.043800]
[42.520169, -83.043800]
[42.520169, -83.043800]
[42.520169, -83.043800]
[42.520169, -83.043800]
[42.520169, -83.043800]
[42.520169, -83.043800]
[42.520169, -83.043800]
[42.520169, -83.043800]
[42.520169, -83.043800]
[42.520170, -83.043801]
[42.520170, -83.043801]
[42.520170, -83.043801]
[42.520170, -83.043801]
[42.520170, -83.043801]
[42.520170, -83.043800]
[42.520170, -83.043800]
[42.520170, -83.043800]
[42.520170, -83.043801]
[42.520170, -83.043801]
[42.520170, -83.043801]
[42.520170, -83.043800]
[42.520170, -83.043800]
[42.520170, -83.043800]
[42.520170, -83.043800]
[42.520170, -83.043800]
[42.520170, -83.043800]
[42.520170, -83.043800]
[42.520170, -83.043800]
[42.520170, -83.043800]
[42.520170, -83.043800]
[42.520170, -83.043800]
[42.520170, -83.043800]
[42.520170, -83.043800]
[42.520170, -83.043800]
[42.520170, -83.043800]
[42.520170, -83.043800]
[42.520170, -83.043800]
[42.520170, -83.043800]
[42.520170, -83.043800]
[42.520170, -83.043800]
[42.520169, -83.043800]
[42.520169, -83.043800]
[42.520169, -83.043800]
[42.520169, -83.043800]
[42.520169, -83.043800]
[42.520169, -83.043800]
[42.520169, -83.043800]
[42.520169, -83.043800]
[42.520169, -83.043800]
[42.520170, -83.043800]
[42.520170, -83.043800]
[42.520170, -83.043800]
[42.520170, -83.043800]
[42.520169, -83.043800]
[42.520169, -83.043800]
[42.520169, -83.043800]
[42.520169, -83.043800]
[42.520169, -83.043800]
[42.520169, -83.043800]
[42.520169, -83.043800]
[42.520169, -83.043800]
[42.520169, -83.043800]
[42.520169, -83.043800]
[42.520169, -83.043800]
[42.520169, -83.043800]
[42.520169, -83.043800]
[42.520169, -83.043800]
[42.520169, -83.043800]
[42.520169, -83.043800]
[42.520169, -83.043800]
[42.520169, -83.043800]
[42.520169, -83.043800]
[42.520169, -83.043800]
[42.520169, -83.043800]
[42.520169, -83.043800]
[42.520169, -83.043800]
[42.520169, -83.043800]
[42.520169, -83.043800]
[42.520169, -83.043800]
[42.520169, -83.043800]
[42.520169, -83.043800]
[42.520169, -83.043800]
[42.520169, -83.043800]
[42.520169, -83.043800]
[42.520170, -83.043800]
[42.520170, -83.043800]
[42.520170, -83.043800]
[42.520170, -83.043800]
[42.520170, -83.043800]
[42.520170, -83.043800]
[42.520170, -83.043801]
[42.520170, -83.043801]
[42.520170, -83.043801]
[42.520170, -83.043801]
[42.520170, -83.043801]
[42.520170, -83.043801]
[42.520170, -83.043801]
[42.520170, -83.043801]
[42.520170, -83.043801]
[42.520169, -83.043801]
[42.520169, -83.043801]
[42.520169, -83.043801]
[42.520169, -83.043801]
[42.520169, -83.043801]
[42.520169, -83.043800]
[42.520169, -83.043801]
[42.520169, -83.043801]
[42.520169, -83.043801]
[42.520169, -83.043801]
[42.520169, -83.043801]
[42.520169, -83.043801]
[42.520169, -83.043801]
[42.520169, -83.043801]
[42.520169, -83.043801]
[42.520169, -83.043801]
[42.520169, -83.043801]
[42.520169, -83.043801]
[42.520169, -83.043801]
[42.520169, -83.043801]
[42.520169, -83.043801]
[42.520169, -83.043801]
[42.520169, -83.043801]
[42.520169, -83.043801]
[42.520169, -83.043801]
[42.520169, -83.043801]
[42.520169, -83.043800]
[42.520169, -83.043800]
[42.520169, -83.043800]
[42.520169, -83.043800]
[42.520169, -83.043800]
[42.520169, -83.043800]
[42.520169, -83.043800]
[42.520169, -83.043800]
[42.520169, -83.043800]
[42.520169, -83.043800]
[42.520169, -83.043800]
[42.520169, -83.043800]
[42.520169, -83.043800]
[42.520169, -83.043800]
[42.520169, -83.043800]
[42.520169, -83.043800]
[42.520169, -83.043800]
[42.520169, -83.043800]
--start execution--
--start execution--
--stop execution--
[42.517368, -83.045219]
[42.517368, -83.045220]
[42.517368, -83.045220]
[42.517368, -83.045219]
[42.517368, -83.045219]
[42.517368, -83.045219]
[42.517368, -83.045219]
[42.517368, -83.045219]
[42.517368, -83.045219]
[42.517368, -83.045219]
[42.517368, -83.045219]
[42.517368, -83.045219]
[42.517368, -83.045219]
[42.517368, -83.045219]
[42.517368, -83.045219]
[42.517369, -83.045219]
[42.517369, -83.045219]
[42.517369, -83.045219]
[42.517368, -83.045219]
[42.517368, -83.045218]
[42.517368, -83.045218]
[42.517368, -83.045218]
[42.517368, -83.045218]
[42.517368, -83.045218]
[42.517368, -83.045218]
[42.517368, -83.045218]
[42.517368, -83.045218]
[42.517368, -83.045218]
[42.517368, -83.045218]
[42.517368, -83.045218]
[42.517368, -83.045218]
[42.517368, -83.045217]
[42.517368, -83.045217]
[42.517368, -83.045217]
[42.517368, -83.045217]
[42.517368, -83.045217]
[42.517368, -83.045217]
[42.517368, -83.045217]
[42.517368, -83.045217]
[42.517368, -83.045217]
[42.517369, -83.045217]
[42.517369, -83.045218]
[42.517369, -83.045218]
[42.517369, -83.045218]
[42.517369, -83.045219]
[42.517369, -83.045219]
[42.517369, -83.045219]
[42.517369, -83.045219]
[42.517370, -83.045220]
[42.517370, -83.045220]
[42.517370, -83.045220]
[42.517370, -83.045220]
[42.517370, -83.045220]
[42.517370, -83.045220]
[42.517370, -83.045220]
[42.517370, -83.045219]
[42.517370, -83.045219]
[42.517371, -83.045219]
[42.517371, -83.045219]
[42.517371, -83.045219]
[42.517371, -83.045219]
[42.517371, -83.045219]
[42.517371, -83.045219]
[42.517371, -83.045218]
[42.517372, -83.045218]
[42.517372, -83.045218]
[42.517372, -83.045218]
[42.517372, -83.045218]
[42.517372, -83.045217]
[42.517372, -83.045217]
[42.517372, -83.045217]
[42.517372, -83.045217]
[42.517372, -83.045217]
[42.517372, -83.045216]
[42.517372, -83.045216]
[42.517372, -83.045216]
[42.517372, -83.045216]
[42.517372, -83.045216]
[42.517372, -83.045215]
[42.517372, -83.045215]
[42.517372, -83.045215]
[42.517372, -83.045215]
[42.517372, -83.045215]
[42.517372, -83.045215]
[42.517372, -83.045214]
[42.517372, -83.045214]
[42.517372, -83.045214]
[42.517372, -83.045214]
[42.517372, -83.045214]
[42.517372, -83.045214]
[42.517372, -83.045213]
[42.517372, -83.045213]
[42.517372, -83.045213]
[42.517372, -83.045213]
[42.517372, -83.045213]
[42.517372, -83.045213]
[42.517371, -83.045213]
[42.517371, -83.045212]
[42.517371, -83.045212]
[42.517371, -83.045212]
[42.517371, -83.045212]
[42.517371, -83.045212]
[42.517371, -83.045212]
[42.517371, -83.045212]
[42.517371, -83.045212]
[42.517371, -83.045212]
[42.517371, -83.045212]
[42.517371, -83.045212]
[42.517371, -83.045212]
[42.517371, -83.045212]
[42.517371, -83.045212]
[42.517371, -83.045212]
[42.517371, -83.045212]
[42.517370, -83.045212]
[42.517370, -83.045212]
[42.517370, -83.045212]
[42.517370, -83.045212]
[42.517370, -83.045212]
[42.517370, -83.045212]
[42.517370, -83.045212]
[42.517370, -83.045213]
[42.517370, -83.045213]
[42.517370, -83.045213]
[42.517370, -83.045213]
[42.517370, -83.045213]
[42.517370, -83.045213]
[42.517370, -83.045213]
[42.517370, -83.045213]
[42.517370, -83.045213]
[42.517370, -83.045214]
[42.517370, -83.045214]
[42.517370, -83.045214]
[42.517370, -83.045214]
[42.517370, -83.045214]
[42.517370, -83.045214]
[42.517370, -83.045214]
[42.517370, -83.045215]
[42.517370, -83.045215]
[42.517370, -83.045215]
[42.517370, -83.045215]
[42.517370, -83.045215]
[42.517370, -83.045215]
[42.517370, -83.045215]
[42.517370, -83.045215]
[42.517369, -83.045216]
[42.517369, -83.045216]
[42.517369, -83.045216]
[42.517369, -83.045216]
[42.517369, -83.045216]
[42.517369, -83.045216]
[42.517369, -83.045216]
[42.517369, -83.045216]
[42.517369, -83.045216]
[42.517369, -83.045216]
[42.517369, -83.045216]
[42.517369, -83.045217]
[42.517369, -83.045217]
[42.517369, -83.045217]
[42.517369, -83.045217]
[42.517369, -83.045217]
[42.517369, -83.045217]
[42.517369, -83.045218]
[42.517369, -83.045218]
[42.517369, -83.045218]
[42.517369, -83.045218]
[42.517369, -83.045218]
[42.517369, -83.045218]
[42.517369, -83.045218]
[42.517369, -83.045218]
[42.517369, -83.045218]
[42.517369, -83.045219]
[42.517369, -83.045219]
[42.517369, -83.045219]
[42.517369, -83.045219]
[42.517369, -83.045219]
[42.517369, -83.045219]
[42.517369, -83.045219]
[42.517369, -83.045219]
[42.517369, -83.045220]
[42.517369, -83.045220]
[42.517369, -83.045220]
[42.517369, -83.045220]
[42.517369, -83.045220]
[42.517369, -83.045220]
[42.517369, -83.045220]
[42.517369, -83.045220]
[42.517369, -83.045220]
[42.517369, -83.045220]
[42.517369, -83.045220]
[42.517369, -83.045220]
[42.517369, -83.045220]
[42.517369, -83.045220]
[42.517369, -83.045220]
[42.517369, -83.045220]
[42.517369, -83.045220]
[42.517369, -83.045220]
[42.517369, -83.045220]
[42.517369, -83.045220]
[42.517369, -83.045220]
[42.517369, -83.045220]
[42.517369, -83.045220]
[42.517369, -83.045221]
[42.517369, -83.045221]
[42.517369, -83.045221]
[42.517369, -83.045221]
[42.517369, -83.045221]
[42.517369, -83.045221]
[42.517369, -83.045221]
[42.517369, -83.045221]
[42.517369, -83.045221]
[42.517369, -83.045221]
[42.517369, -83.045221]
[42.517369, -83.045221]
[42.517369, -83.045221]
[42.517369, -83.045221]
[42.517369, -83.045221]
[42.517369, -83.045221]
[42.517369, -83.045221]
[42.517370, -83.045221]
[42.517370, -83.045221]
[42.517370, -83.045221]
[42.517370, -83.045221]
[42.517370, -83.045221]
[42.517370, -83.045221]
[42.517370, -83.045221]
[42.517370, -83.045221]
[42.517370, -83.045221]
[42.517370, -83.045221]
[42.517370, -83.045221]
[42.517370, -83.045221]
[42.517370, -83.045221]
[42.517370, -83.045221]
[42.517370, -83.045221]
[42.517370, -83.045221]
[42.517370, -83.045221]
[42.517370, -83.045221]
[42.517370, -83.045221]
[42.517370, -83.045222]
[42.517370, -83.045222]
[42.517370, -83.045222]
[42.517370, -83.045222]
[42.517370, -83.045222]
[42.517370, -83.045222]
[42.517371, -83.045222]
[42.517371, -83.045222]
[42.517371, -83.045222]
[42.517371, -83.045222]
[42.517371, -83.045222]
[42.517371, -83.045222]
[42.517371, -83.045222]
[42.517371, -83.045222]
[42.517371, -83.045222]
[42.517371, -83.045222]
[42.517371, -83.045223]
[42.517370, -83.045223]
[42.517370, -83.045223]
[42.517370, -83.045223]
[42.517370, -83.045223]
[42.517370, -83.045224]
[42.517370, -83.045224]
[42.517370, -83.045224]
[42.517370, -83.045224]
[42.517370, -83.045224]
[42.517370, -83.045224]
[42.517370, -83.045225]
[42.517370, -83.045225]
[42.517370, -83.045225]
[42.517370, -83.045225]
[42.517370, -83.045225]
[42.517370, -83.045225]
[42.517370, -83.045225]
[42.517370, -83.045225]
[42.517370, -83.045226]
[42.517370, -83.045226]
[42.517370, -83.045226]
[42.517370, -83.045226]
[42.517370, -83.045226]
[42.517370, -83.045226]
[42.517370, -83.045226]
[42.517370, -83.045226]
[42.517370, -83.045226]
[42.517370, -83.045226]
[42.517370, -83.045226]
[42.517370, -83.045227]
[42.517370, -83.045227]
[42.517370, -83.045226]
[42.517370, -83.045226]
[42.517370, -83.045226]
[42.517370, -83.045226]
[42.517370, -83.045226]
[42.517370, -83.045226]
[42.517370, -83.045226]
[42.517370, -83.045226]
[42.517370, -83.045226]
[42.517369, -83.045226]
[42.517369, -83.045226]
[42.517369, -83.045226]
[42.517369, -83.045226]
[42.517369, -83.045226]
[42.517369, -83.045226]
[42.517369, -83.045226]
[42.517369, -83.045225]
[42.517369, -83.045225]
[42.517369, -83.045225]
[42.517369, -83.045225]
[42.517369, -83.045225]
[42.517369, -83.045225]
[42.517369, -83.045225]
[42.517369, -83.045225]
[42.517370, -83.045225]
[42.517370, -83.045225]
[42.517370, -83.045224]
[42.517370, -83.045224]
--start execution--
--start execution--
--stop execution--
--stop execution--
--stop execution--
--stop execution--
[42.520175, -83.043515]
[42.520175, -83.043515]
[42.520175, -83.043515]
[42.520175, -83.043515]
[42.520175, -83.043515]
[42.520175, -83.043515]
[42.520175, -83.043515]
[42.520175, -83.043515]
[42.520175, -83.043516]
[42.520175, -83.043516]
[42.520175, -83.043516]
[42.520175, -83.043516]
[42.520175, -83.043516]
[42.520175, -83.043516]
[42.520175, -83.043516]
[42.520174, -83.043516]
[42.520174, -83.043516]
[42.520174, -83.043516]
[42.520174, -83.043516]
[42.520174, -83.043516]
[42.520174, -83.043516]
[42.520174, -83.043516]
[42.520174, -83.043516]
[42.520174, -83.043516]
[42.520174, -83.043516]
[42.520174, -83.043516]
[42.520174, -83.043516]
[42.520175, -83.043516]
[42.520175, -83.043516]
[42.520175, -83.043516]
[42.520174, -83.043516]
[42.520174, -83.043516]
[42.520174, -83.043516]
[42.520174, -83.043516]
[42.520174, -83.043516]
[42.520174, -83.043516]
[42.520174, -83.043516]
[42.520174, -83.043516]
[42.520174, -83.043516]
[42.520174, -83.043516]
[42.520174, -83.043516]
[42.520174, -83.043516]
[42.520174, -83.043516]
[42.520174, -83.043516]
[42.520174, -83.043517]
[42.520174, -83.043517]
[42.520174, -83.043517]
[42.520174, -83.043517]
[42.520174, -83.043517]
[42.520174, -83.043517]
[42.520173, -83.043517]
[42.520173, -83.043516]
[42.520173, -83.043516]
[42.520173, -83.043516]
[42.520173, -83.043516]
[42.520173, -83.043516]
[42.520173, -83.043516]
[42.520173, -83.043516]
[42.520173, -83.043516]
[42.520173, -83.043516]
[42.520173, -83.043516]
[42.520173, -83.043516]
[42.520173, -83.043516]
[42.520173, -83.043516]
--start execution--
--stop execution--
[42.520172, -83.043511]
[42.520172, -83.043511]
[42.520172, -83.043511]
[42.520172, -83.043511]
[42.520172, -83.043511]
[42.520172, -83.043512]
[42.520172, -83.043512]
[42.520172, -83.043512]
[42.520172, -83.043512]
[42.520172, -83.043512]
[42.520172, -83.043513]
[42.520172, -83.043516]
[42.520172, -83.043519]
[42.520172, -83.043523]
[42.520173, -83.043531]
[42.520173, -83.043535]
[42.520173, -83.043538]
[42.520173, -83.043541]
[42.520173, -83.043541]
[42.520173, -83.043541]
[42.520173, -83.043541]
[42.520173, -83.043541]
[42.520173, -83.043541]
[42.520173, -83.043541]
[42.520173, -83.043541]
[42.520173, -83.043541]
[42.520173, -83.043541]
[42.520173, -83.043541]
[42.520173, -83.043541]
[42.520173, -83.043541]
[42.520173, -83.043541]
[42.520173, -83.043541]
[42.520173, -83.043539]
[42.520173, -83.043538]
[42.520173, -83.043537]
[42.520173, -83.043532]
[42.520173, -83.043527]
[42.520173, -83.043520]
[42.520173, -83.043512]
[42.520173, -83.043506]
[42.520173, -83.043500]
[42.520173, -83.043491]
[42.520173, -83.043487]
[42.520173, -83.043488]
[42.520173, -83.043488]
[42.520173, -83.043488]
[42.520173, -83.043488]
[42.520173, -83.043488]
[42.520173, -83.043488]
[42.520173, -83.043488]
[42.520173, -83.043488]
[42.520173, -83.043488]
[42.520173, -83.043488]
[42.520173, -83.043488]
[42.520173, -83.043488]
--start execution--
--stop execution--
[42.520297, -83.043387]
[42.520297, -83.043387]
[42.520297, -83.043387]
[42.520297, -83.043387]
[42.520297, -83.043387]
[42.520297, -83.043387]
[42.520297, -83.043388]
[42.520297, -83.043388]
[42.520297, -83.043388]
[42.520297, -83.043388]
[42.520297, -83.043388]
[42.520297, -83.043388]
[42.520297, -83.043388]
[42.520297, -83.043388]
[42.520297, -83.043388]
[42.520297, -83.043388]
[42.520297, -83.043388]
[42.520297, -83.043388]
[42.520297, -83.043388]
[42.520298, -83.043388]
[42.520298, -83.043388]
[42.520298, -83.043388]
[42.520298, -83.043389]
[42.520298, -83.043389]
[42.520298, -83.043389]
[42.520298, -83.043389]
[42.520298, -83.043389]
[42.520298, -83.043389]
[42.520298, -83.043389]
[42.520298, -83.043389]
[42.520298, -83.043389]
[42.520298, -83.043389]
[42.520298, -83.043389]
[42.520298, -83.043389]
[42.520298, -83.043389]
[42.520298, -83.043390]
[42.520298, -83.043390]
[42.520298, -83.043390]
[42.520298, -83.043390]
[42.520298, -83.043390]
[42.520299, -83.043390]
[42.520299, -83.043390]
[42.520299, -83.043390]
[42.520299, -83.043390]
[42.520299, -83.043390]
[42.520299, -83.043390]
[42.520299, -83.043390]
[42.520299, -83.043390]
[42.520299, -83.043390]
[42.520299, -83.043390]
[42.520299, -83.043390]
[42.520299, -83.043390]
[42.520299, -83.043390]
[42.520299, -83.043390]
[42.520299, -83.043390]
[42.520299, -83.043390]
[42.520299, -83.043390]
[42.520299, -83.043390]
[42.520299, -83.043390]
[42.520299, -83.043390]
[42.520299, -83.043390]
[42.520299, -83.043390]
[42.520299, -83.043390]
[42.520299, -83.043390]
[42.520299, -83.043390]
[42.520299, -83.043390]
[42.520299, -83.043390]
[42.520299, -83.043390]
[42.520299, -83.043390]
[42.520299, -83.043390]
[42.520299, -83.043390]
[42.520299, -83.043390]
[42.520299, -83.043390]
[42.520299, -83.043390]
[42.520299, -83.043390]
[42.520299, -83.043390]
[42.520299, -83.043390]
[42.520299, -83.043389]
[42.520299, -83.043390]
[42.520299, -83.043389]
[42.520299, -83.043389]
[42.520299, -83.043389]
[42.520299, -83.043389]
[42.520299, -83.043389]
[42.520299, -83.043389]
[42.520299, -83.043389]
[42.520299, -83.043389]
[42.520299, -83.043389]
[42.520299, -83.043389]
[42.520299, -83.043389]
[42.520299, -83.043389]
[42.520299, -83.043389]
--stop execution--
[42.520299, -83.043389]
[42.520299, -83.043389]
[42.520299, -83.043389]
[42.520299, -83.043389]
[42.520299, -83.043389]
[42.520299, -83.043389]
[42.520299, -83.043389]
[42.520298, -83.043389]
[42.520298, -83.043389]
[42.520298, -83.043389]
[42.520298, -83.043389]
[42.520298, -83.043388]
[42.520298, -83.043388]
[42.520298, -83.043388]
[42.520298, -83.043388]
[42.520298, -83.043388]
[42.520298, -83.043388]
[42.520298, -83.043388]
[42.520298, -83.043388]
[42.520298, -83.043388]
[42.520298, -83.043388]
[42.520298, -83.043388]
[42.520298, -83.043388]
[42.520298, -83.043388]
[42.520298, -83.043388]
[42.520298, -83.043388]
[42.520298, -83.043388]
[42.520298, -83.043388]
[42.520298, -83.043388]
[42.520298, -83.043388]
[42.520298, -83.043388]
[42.520298, -83.043388]
[42.520298, -83.043388]
[42.520298, -83.043388]
[42.520298, -83.043388]
[42.520297, -83.043388]
[42.520297, -83.043388]
[42.520297, -83.043388]
[42.520297, -83.043388]
[42.520297, -83.043388]
[42.520297, -83.043388]
[42.520297, -83.043388]
[42.520297, -83.043388]
[42.520297, -83.043388]
[42.520297, -83.043388]
[42.520297, -83.043388]
[42.520297, -83.043388]
[42.520297, -83.043388]
[42.520297, -83.043388]
[42.520297, -83.043387]
[42.520297, -83.043387]
[42.520297, -83.043387]
[42.520297, -83.043387]
[42.520297, -83.043387]
[42.520297, -83.043387]
[42.520297, -83.043387]
[42.520297, -83.043387]
[42.520297, -83.043387]
[42.520297, -83.043387]
[42.520297, -83.043387]
[42.520297, -83.043387]
[42.520297, -83.043387]
[42.520297, -83.043387]
[42.520297, -83.043387]
[42.520297, -83.043387]
[42.520297, -83.043386]
[42.520297, -83.043386]
[42.520297, -83.043386]
[42.520297, -83.043386]
[42.520297, -83.043386]
[42.520297, -83.043386]
[42.520297, -83.043386]
[42.520297, -83.043386]
[42.520297, -83.043386]
[42.520297, -83.043386]
[42.520297, -83.043386]
[42.520297, -83.043386]
[42.520297, -83.043386]
[42.520297, -83.043386]
[42.520297, -83.043386]
[42.520297, -83.043386]
[42.520297, -83.043386]
[42.520297, -83.043386]
[42.520297, -83.043386]
[42.520297, -83.043386]
[42.520297, -83.043386]
[42.520297, -83.043386]
[42.520296, -83.043386]
[42.520297, -83.043386]
[42.520296, -83.043386]
[42.520296, -83.043386]
[42.520296, -83.043386]
[42.520296, -83.043386]
[42.520296, -83.043386]
[42.520296, -83.043386]
[42.520296, -83.043386]
[42.520296, -83.043386]
[42.520296, -83.043386]
[42.520296, -83.043386]
[42.520296, -83.043386]
[42.520296, -83.043386]
[42.520296, -83.043386]
[42.520296, -83.043386]
[42.520296, -83.043386]
[42.520296, -83.043386]
[42.520296, -83.043386]
[42.520296, -83.043386]
[42.520296, -83.043386]
[42.520296, -83.043386]
[42.520296, -83.043386]
[42.520296, -83.043386]
[42.520296, -83.043386]
[42.520296, -83.043386]
[42.520296, -83.043386]
[42.520296, -83.043386]
[42.520296, -83.043386]
[42.520296, -83.043386]
[42.520296, -83.043386]
[42.520296, -83.043386]
[42.520296, -83.043386]
[42.520296, -83.043386]
[42.520296, -83.043386]
[42.520296, -83.043386]
[42.520296, -83.043386]
[42.520296, -83.043386]
[42.520296, -83.043386]
[42.520296, -83.043386]
[42.520296, -83.043386]
[42.520296, -83.043386]
[42.520296, -83.043386]
[42.520296, -83.043386]
[42.520296, -83.043386]
[42.520296, -83.043386]
[42.520296, -83.043386]
[42.520296, -83.043386]
[42.520296, -83.043386]
[42.520296, -83.043386]
[42.520296, -83.043386]
[42.520296, -83.043386]
[42.520296, -83.043386]
[42.520296, -83.043386]
[42.520296, -83.043386]
[42.520296, -83.043386]
[42.520296, -83.043386]
[42.520296, -83.043386]
[42.520296, -83.043386]
[42.520296, -83.043386]
[42.520296, -83.043386]
[42.520296, -83.043386]
[42.520295, -83.043386]
[42.520295, -83.043386]
[42.520295, -83.043386]
[42.520295, -83.043386]
[42.520295, -83.043386]
[42.520295, -83.043386]
[42.520295, -83.043386]
[42.520295, -83.043386]
[42.520295, -83.043386]
[42.520295, -83.043386]
[42.520295, -83.043386]
[42.520295, -83.043386]
[42.520295, -83.043386]
[42.520295, -83.043386]
[42.520295, -83.043386]
[42.520295, -83.043386]
[42.520295, -83.043386]
[42.520295, -83.043386]
[42.520295, -83.043386]
[42.520295, -83.043386]
[42.520295, -83.043386]
[42.520295, -83.043386]
[42.520295, -83.043386]
[42.520295, -83.043386]
[42.520295, -83.043386]
[42.520295, -83.043386]
[42.520295, -83.043386]
[42.520295, -83.043386]
[42.520295, -83.043386]
[42.520294, -83.043386]
[42.520294, -83.043386]
[42.520294, -83.043386]
[42.520294, -83.043386]
[42.520294, -83.043386]
[42.520294, -83.043386]
[42.520294, -83.043386]
[42.520294, -83.043386]
[42.520294, -83.043386]
[42.520294, -83.043386]
[42.520294, -83.043386]
[42.520294, -83.043386]
[42.520294, -83.043386]
[42.520294, -83.043386]
[42.520294, -83.043386]
[42.520294, -83.043386]
[42.520294, -83.043386]
[42.520294, -83.043386]
[42.520294, -83.043386]
[42.520294, -83.043386]
[42.520294, -83.043386]
[42.520294, -83.043386]
[42.520294, -83.043386]
[42.520294, -83.043386]
[42.520294, -83.043386]
[42.520294, -83.043386]
[42.520294, -83.043386]
[42.520295, -83.043386]
[42.520295, -83.043386]
[42.520295, -83.043386]
[42.520295, -83.043386]
[42.520295, -83.043386]
[42.520295, -83.043386]
[42.520295, -83.043386]
[42.520295, -83.043386]
[42.520295, -83.043386]
[42.520295, -83.043386]
[42.520295, -83.043386]
[42.520295, -83.043386]
[42.520295, -83.043386]
[42.520295, -83.043386]
[42.520295, -83.043386]
[42.520295, -83.043386]
[42.520295, -83.043386]
[42.520295, -83.043387]
[42.520295, -83.043387]
[42.520295, -83.043387]
[42.520295, -83.043387]
[42.520295, -83.043387]
[42.520296, -83.043387]
[42.520296, -83.043387]
[42.520296, -83.043387]
[42.520296, -83.043387]
[42.520296, -83.043387]
[42.520296, -83.043387]
[42.520295, -83.043387]
[42.520296, -83.043387]
[42.520296, -83.043387]
[42.520296, -83.043387]
[42.520296, -83.043387]
[42.520295, -83.043387]
[42.520295, -83.043388]
[42.520295, -83.043388]
[42.520295, -83.043388]
[42.520295, -83.043388]
[42.520295, -83.043388]
[42.520295, -83.043388]
[42.520295, -83.043388]
[42.520296, -83.043388]
[42.520296, -83.043388]
[42.520296, -83.043388]
[42.520296, -83.043388]
[42.520296, -83.043388]
[42.520296, -83.043388]
[42.520296, -83.043388]
[42.520295, -83.043388]
[42.520295, -83.043388]
[42.520295, -83.043388]
[42.520295, -83.043388]
[42.520295, -83.043388]
[42.520295, -83.043388]
[42.520295, -83.043388]
[42.520295, -83.043388]
[42.520295, -83.043388]
[42.520295, -83.043388]
[42.520295, -83.043388]
[42.520295, -83.043387]
[42.520295, -83.043387]
[42.520295, -83.043387]
[42.520295, -83.043387]
[42.520295, -83.043387]
[42.520295, -83.043387]
[42.520295, -83.043387]
[42.520294, -83.043387]
[42.520294, -83.043387]
[42.520294, -83.043387]
[42.520294, -83.043387]
[42.520294, -83.043387]
[42.520294, -83.043387]
[42.520294, -83.043387]
[42.520294, -83.043387]
[42.520294, -83.043387]
[42.520294, -83.043387]
[42.520294, -83.043387]
[42.520294, -83.043387]
[42.520294, -83.043387]
[42.520294, -83.043387]
[42.520294, -83.043387]
[42.520294, -83.043387]
[42.520294, -83.043387]
[42.520294, -83.043387]
[42.520294, -83.043387]
[42.520294, -83.043387]
[42.520294, -83.043387]
[42.520294, -83.043387]
[42.520294, -83.043387]
[42.520294, -83.043387]
[42.520294, -83.043387]
[42.520294, -83.043387]
[42.520294, -83.043387]
[42.520294, -83.043387]
[42.520294, -83.043387]
[42.520294, -83.043386]
[42.520294, -83.043386]
[42.520294, -83.043386]
[42.520294, -83.043387]
[42.520294, -83.043387]
[42.520294, -83.043387]
[42.520294, -83.043387]
[42.520294, -83.043387]
[42.520294, -83.043387]
[42.520294, -83.043387]
[42.520294, -83.043387]
[42.520294, -83.043387]
[42.520294, -83.043387]
[42.520294, -83.043387]
[42.520294, -83.043387]
[42.520294, -83.043387]
[42.520294, -83.043387]
[42.520294, -83.043387]
[42.520294, -83.043387]
[42.520294, -83.043387]
[42.520294, -83.043387]
[42.520294, -83.043387]
[42.520294, -83.043387]
[42.520294, -83.043387]
[42.520294, -83.043387]
[42.520294, -83.043387]
[42.520295, -83.043387]
[42.520294, -83.043387]
[42.520293, -83.043387]
[42.520290, -83.043388]
[42.520288, -83.043388]
[42.520285, -83.043388]
[42.520282, -83.043389]
[42.520276, -83.043390]
[42.520272, -83.043391]
[42.520265, -83.043393]
[42.520258, -83.043397]
[42.520253, -83.043400]
[42.520246, -83.043406]
[42.520240, -83.043410]
[42.520234, -83.043418]
[42.520228, -83.043426]
[42.520223, -83.043435]
[42.520220, -83.043441]
[42.520214, -83.043454]
[42.520213, -83.043457]
[42.520212, -83.043463]
[42.520210, -83.043474]
[42.520209, -83.043483]
[42.520208, -83.043487]
[42.520207, -83.043492]
[42.520206, -83.043501]
[42.520205, -83.043504]
[42.520205, -83.043507]
[42.520204, -83.043511]
[42.520202, -83.043516]
[42.520201, -83.043520]
[42.520200, -83.043523]
[42.520198, -83.043529]
[42.520198, -83.043532]
[42.520197, -83.043537]
[42.520196, -83.043539]
[42.520196, -83.043542]
[42.520196, -83.043543]
[42.520196, -83.043545]
[42.520196, -83.043545]
[42.520196, -83.043545]
[42.520196, -83.043545]
[42.520196, -83.043545]
[42.520196, -83.043545]
[42.520196, -83.043545]
[42.520196, -83.043545]
[42.520195, -83.043545]
[42.520195, -83.043545]
[42.520195, -83.043545]
[42.520195, -83.043545]
[42.520195, -83.043545]
[42.520195, -83.043545]
[42.520195, -83.043544]
[42.520195, -83.043541]
[42.520195, -83.043538]
[42.520195, -83.043532]
[42.520195, -83.043527]
[42.520195, -83.043522]
[42.520195, -83.043514]
[42.520195, -83.043507]
[42.520195, -83.043498]
[42.520195, -83.043496]
[42.520195, -83.043497]
[42.520195, -83.043497]
[42.520195, -83.043497]
[42.520195, -83.043496]
[42.520195, -83.043497]
[42.520195, -83.043497]
[42.520195, -83.043497]
[42.520195, -83.043497]
[42.520195, -83.043497]
[42.520195, -83.043497]
[42.520195, -83.043497]
[42.520195, -83.043497]
[42.520195, -83.043497]
[42.520195, -83.043497]
[42.520195, -83.043497]
[42.520195, -83.043497]
[42.520195, -83.043497]
[42.520195, -83.043497]
[42.520195, -83.043497]
[42.520195, -83.043497]
[42.520195, -83.043497]
[42.520195, -83.043497]
[42.520195, -83.043497]
[42.520195, -83.043497]
[42.520195, -83.043497]
[42.520195, -83.043497]
[42.520195, -83.043497]
[42.520195, -83.043497]
[42.520195, -83.043497]
[42.520195, -83.043497]
[42.520195, -83.043497]
[42.520195, -83.043497]
[42.520195, -83.043497]
[42.520195, -83.043497]
[42.520195, -83.043497]
[42.520195, -83.043497]
[42.520195, -83.043497]
[42.520195, -83.043497]
[42.520195, -83.043497]
[42.520195, -83.043498]
[42.520195, -83.043498]
[42.520195, -83.043498]
[42.520195, -83.043498]
[42.520195, -83.043498]
[42.520195, -83.043498]
[42.520195, -83.043498]
[42.520195, -83.043498]
[42.520195, -83.043498]
[42.520195, -83.043498]
[42.520195, -83.043498]
[42.520195, -83.043498]
[42.520195, -83.043498]
[42.520195, -83.043498]
[42.520195, -83.043498]
[42.520195, -83.043498]
[42.520195, -83.043498]
[42.520195, -83.043498]
[42.520195, -83.043498]
[42.520195, -83.043498]
[42.520195, -83.043498]
[42.520195, -83.043498]
[42.520195, -83.043498]
[42.520195, -83.043498]
[42.520195, -83.043498]
[42.520195, -83.043498]
[42.520195, -83.043498]
[42.520195, -83.043498]
[42.520195, -83.043498]
[42.520195, -83.043498]
[42.520195, -83.043498]
[42.520195, -83.043498]
[42.520195, -83.043498]
[42.520195, -83.043498]
[42.520195, -83.043498]
[42.520195, -83.043498]
[42.520195, -83.043498]
[42.520195, -83.043498]
[42.520195, -83.043498]
[42.520195, -83.043498]
[42.520195, -83.043498]
[42.520195, -83.043498]
[42.520195, -83.043498]
[42.520195, -83.043498]
[42.520195, -83.043498]
[42.520195, -83.043498]
[42.520195, -83.043498]
[42.520195, -83.043497]
[42.520195, -83.043497]
[42.520195, -83.043497]
[42.520195, -83.043497]
[42.520195, -83.043497]
[42.520195, -83.043497]
[42.520195, -83.043497]
[42.520195, -83.043497]
[42.520195, -83.043497]
[42.520195, -83.043497]
[42.520195, -83.043497]
[42.520195, -83.043497]
[42.520195, -83.043497]
[42.520195, -83.043497]
[42.520195, -83.043497]
[42.520195, -83.043497]
[42.520195, -83.043497]
[42.520195, -83.043497]
[42.520195, -83.043497]
[42.520195, -83.043497]
[42.520195, -83.043497]
[42.520195, -83.043497]
[42.520195, -83.043497]
[42.520195, -83.043497]
[42.520195, -83.043497]
[42.520195, -83.043497]
[42.520195, -83.043497]
[42.520195, -83.043497]
[42.520195, -83.043497]
[42.520195, -83.043497]
[42.520195, -83.043497]
[42.520196, -83.043497]
[42.520196, -83.043497]
[42.520196, -83.043497]
[42.520196, -83.043497]
[42.520196, -83.043497]
[42.520196, -83.043497]
[42.520196, -83.043497]
[42.520196, -83.043497]
[42.520196, -83.043497]
[42.520196, -83.043497]
[42.520196, -83.043497]
[42.520196, -83.043497]
[42.520196, -83.043497]
[42.520196, -83.043497]
[42.520196, -83.043497]
[42.520196, -83.043497]
[42.520196, -83.043497]
[42.520196, -83.043497]
[42.520196, -83.043497]
[42.520196, -83.043497]
[42.520196, -83.043497]
[42.520196, -83.043498]
[42.520196, -83.043498]
[42.520196, -83.043498]
[42.520196, -83.043498]
[42.520196, -83.043498]
[42.520196, -83.043498]
[42.520196, -83.043498]
[42.520196, -83.043498]
[42.520196, -83.043498]
[42.520196, -83.043498]
[42.520196, -83.043498]
[42.520196, -83.043498]
[42.520196, -83.043498]
[42.520196, -83.043498]
[42.520196, -83.043498]
[42.520196, -83.043498]
[42.520196, -83.043498]
[42.520196, -83.043498]
[42.520196, -83.043498]
[42.520196, -83.043498]
[42.520196, -83.043498]
[42.520196, -83.043498]
[42.520196, -83.043498]
[42.520196, -83.043498]
[42.520196, -83.043498]
[42.520196, -83.043498]
[42.520196, -83.043498]
[42.520196, -83.043498]
[42.520196, -83.043498]
[42.520196, -83.043498]
[42.520196, -83.043498]
[42.520196, -83.043498]
[42.520196, -83.043498]
[42.520196, -83.043498]
[42.520196, -83.043498]
[42.520196, -83.043498]
[42.520196, -83.043498]
[42.520196, -83.043498]
[42.520196, -83.043498]
[42.520196, -83.043498]
[42.520196, -83.043498]
[42.520196, -83.043498]
[42.520196, -83.043498]
[42.520196, -83.043498]
[42.520196, -83.043498]
[42.520196, -83.043498]
[42.520196, -83.043498]
[42.520196, -83.043498]
[42.520196, -83.043498]
[42.520196, -83.043498]
[42.520196, -83.043498]
[42.520196, -83.043498]
[42.520196, -83.043498]
[42.520196, -83.043498]
[42.520196, -83.043498]
[42.520196, -83.043498]
[42.520196, -83.043498]
[42.520196, -83.043498]
[42.520196, -83.043498]
[42.520196, -83.043498]
[42.520196, -83.043498]
[42.520196, -83.043498]
[42.520196, -83.043498]
[42.520196, -83.043498]
[42.520196, -83.043498]
[42.520196, -83.043498]
[42.520196, -83.043498]
[42.520196, -83.043498]
[42.520196, -83.043498]
[42.520196, -83.043498]
[42.520196, -83.043498]
[42.520196, -83.043498]
[42.520196, -83.043498]
[42.520196, -83.043498]
[42.520196, -83.043498]
[42.520196, -83.043498]
[42.520196, -83.043498]
[42.520196, -83.043498]
[42.520196, -83.043498]
[42.520196, -83.043498]
[42.520196, -83.043498]
[42.520196, -83.043498]
[42.520196, -83.043498]
[42.520196, -83.043498]
[42.520196, -83.043498]
[42.520195, -83.043498]
[42.520195, -83.043498]
[42.520195, -83.043498]
[42.520195, -83.043498]
[42.520195, -83.043498]
[42.520195, -83.043498]
[42.520195, -83.043498]
[42.520195, -83.043498]
[42.520195, -83.043498]
[42.520195, -83.043498]
[42.520195, -83.043498]
[42.520195, -83.043498]
[42.520195, -83.043498]
[42.520195, -83.043498]
[42.520195, -83.043498]
[42.520195, -83.043498]
[42.520195, -83.043498]
[42.520195, -83.043498]
[42.520195, -83.043498]
[42.520196, -83.043498]
[42.520196, -83.043498]
[42.520196, -83.043498]
[42.520196, -83.043498]
[42.520195, -83.043498]
[42.520195, -83.043498]
[42.520195, -83.043498]
[42.520195, -83.043498]
[42.520195, -83.043498]
[42.520195, -83.043498]
[42.520195, -83.043498]
[42.520195, -83.043498]
[42.520195, -83.043498]
[42.520195, -83.043498]
[42.520195, -83.043498]
[42.520195, -83.043498]
[42.520195, -83.043498]
[42.520195, -83.043498]
[42.520195, -83.043498]
[42.520195, -83.043498]
[42.520195, -83.043498]
[42.520195, -83.043498]
[42.520195, -83.043498]
[42.520195, -83.043498]
[42.520195, -83.043497]
[42.520195, -83.043497]
[42.520195, -83.043497]
[42.520195, -83.043497]
[42.520195, -83.043497]
[42.520195, -83.043497]
[42.520195, -83.043497]
[42.520195, -83.043497]
[42.520195, -83.043497]
[42.520195, -83.043497]
[42.520195, -83.043497]
[42.520195, -83.043497]
[42.520195, -83.043497]
[42.520195, -83.043497]
[42.520195, -83.043497]
[42.520195, -83.043497]
[42.520195, -83.043497]
[42.520195, -83.043497]
[42.520195, -83.043497]
[42.520195, -83.043497]
[42.520195, -83.043497]
[42.520195, -83.043497]
[42.520195, -83.043497]
[42.520195, -83.043497]
[42.520195, -83.043497]
[42.520195, -83.043497]
[42.520195, -83.043497]
[42.520195, -83.043497]
[42.520195, -83.043497]
[42.520195, -83.043497]
[42.520195, -83.043497]
[42.520195, -83.043497]
[42.520195, -83.043497]
[42.520195, -83.043497]
[42.520195, -83.043497]
[42.520195, -83.043497]
[42.520195, -83.043497]
[42.520195, -83.043497]
[42.520195, -83.043497]
[42.520195, -83.043497]
[42.520196, -83.043497]
[42.520196, -83.043497]
[42.520196, -83.043497]
[42.520196, -83.043497]
[42.520196, -83.043497]
[42.520196, -83.043497]
[42.520196, -83.043497]
[42.520196, -83.043497]
[42.520196, -83.043497]
[42.520196, -83.043497]
[42.520196, -83.043497]
[42.520196, -83.043497]
[42.520196, -83.043497]
[42.520196, -83.043497]
[42.520196, -83.043497]
[42.520196, -83.043497]
[42.520196, -83.043497]
[42.520196, -83.043497]
[42.520196, -83.043497]
[42.520196, -83.043497]
[42.520196, -83.043497]
[42.520196, -83.043497]
[42.520196, -83.043497]
[42.520196, -83.043497]
[42.520196, -83.043497]
[42.520196, -83.043497]
[42.520196, -83.043497]
[42.520196, -83.043497]
[42.520196, -83.043497]
[42.520196, -83.043497]
[42.520196, -83.043497]
[42.520196, -83.043497]
[42.520196, -83.043497]
[42.520196, -83.043497]
[42.520196, -83.043497]
[42.520196, -83.043496]
[42.520196, -83.043496]
[42.520196, -83.043496]
[42.520196, -83.043496]
[42.520196, -83.043496]
[42.520196, -83.043496]
[42.520196, -83.043496]
[42.520196, -83.043496]
[42.520196, -83.043496]
[42.520196, -83.043496]
[42.520196, -83.043496]
[42.520196, -83.043496]
[42.520196, -83.043496]
[42.520197, -83.043496]
[42.520197, -83.043496]
[42.520197, -83.043496]
[42.520197, -83.043496]
[42.520197, -83.043496]
[42.520197, -83.043496]
[42.520197, -83.043496]
[42.520197, -83.043496]
[42.520197, -83.043496]
[42.520197, -83.043496]
[42.520197, -83.043496]
[42.520197, -83.043496]
[42.520197, -83.043496]
[42.520197, -83.043496]
[42.520197, -83.043496]
[42.520197, -83.043496]
[42.520197, -83.043496]
[42.520197, -83.043496]
[42.520197, -83.043496]
[42.520197, -83.043496]
[42.520197, -83.043496]
[42.520197, -83.043495]
[42.520197, -83.043495]
[42.520197, -83.043495]
[42.520197, -83.043495]
[42.520197, -83.043495]
[42.520197, -83.043495]
[42.520197, -83.043495]
[42.520197, -83.043495]
[42.520197, -83.043495]
[42.520197, -83.043495]
[42.520197, -83.043495]
[42.520197, -83.043495]
[42.520197, -83.043495]
[42.520197, -83.043495]
[42.520197, -83.043495]
[42.520197, -83.043495]
[42.520196, -83.043495]
[42.520196, -83.043495]
[42.520197, -83.043495]
[42.520197, -83.043495]
[42.520197, -83.043495]
[42.520197, -83.043495]
[42.520197, -83.043495]
[42.520197, -83.043495]
[42.520197, -83.043495]
[42.520197, -83.043495]
[42.520197, -83.043495]
[42.520197, -83.043495]
[42.520197, -83.043494]
[42.520197, -83.043494]
[42.520197, -83.043494]
[42.520197, -83.043494]
[42.520197, -83.043494]
[42.520197, -83.043494]
[42.520197, -83.043494]
[42.520197, -83.043494]
[42.520197, -83.043494]
[42.520197, -83.043494]
[42.520197, -83.043494]
[42.520197, -83.043494]
[42.520197, -83.043494]
[42.520197, -83.043494]
[42.520197, -83.043494]
[42.520197, -83.043494]
[42.520197, -83.043494]
[42.520197, -83.043494]
[42.520197, -83.043494]
[42.520197, -83.043494]
[42.520197, -83.043494]
[42.520197, -83.043494]
[42.520197, -83.043494]
[42.520196, -83.043494]
[42.520196, -83.043494]
[42.520196, -83.043494]
[42.520196, -83.043494]
[42.520196, -83.043494]
[42.520196, -83.043494]
[42.520196, -83.043494]
[42.520196, -83.043494]
[42.520196, -83.043494]
[42.520196, -83.043494]
[42.520196, -83.043495]
[42.520196, -83.043495]
[42.520196, -83.043495]
[42.520196, -83.043495]
[42.520196, -83.043495]
[42.520195, -83.043495]
[42.520195, -83.043495]
[42.520195, -83.043495]
[42.520195, -83.043495]
[42.520195, -83.043495]
[42.520195, -83.043495]
[42.520195, -83.043495]
[42.520195, -83.043495]
[42.520195, -83.043495]
[42.520195, -83.043495]
[42.520195, -83.043494]
[42.520195, -83.043494]
[42.520195, -83.043494]
[42.520195, -83.043494]
[42.520195, -83.043492]
[42.520195, -83.043490]
[42.520195, -83.043488]
[42.520194, -83.043483]
[42.520194, -83.043479]
[42.520193, -83.043472]
[42.520193, -83.043466]
[42.520192, -83.043458]
[42.520192, -83.043452]
[42.520192, -83.043442]
[42.520192, -83.043437]
[42.520192, -83.043433]
[42.520192, -83.043432]
[42.520192, -83.043432]
[42.520192, -83.043432]
[42.520192, -83.043432]
[42.520192, -83.043432]
[42.520192, -83.043432]
[42.520192, -83.043432]
[42.520192, -83.043432]
[42.520191, -83.043432]
[42.520192, -83.043432]
[42.520192, -83.043432]
[42.520192, -83.043432]
[42.520192, -83.043432]
[42.520192, -83.043432]
[42.520192, -83.043432]
[42.520192, -83.043432]
[42.520192, -83.043432]
[42.520192, -83.043432]
[42.520192, -83.043432]
[42.520192, -83.043432]
[42.520192, -83.043432]
[42.520192, -83.043434]
[42.520192, -83.043436]
[42.520192, -83.043437]
[42.520191, -83.043443]
[42.520191, -83.043445]
[42.520192, -83.043453]
[42.520192, -83.043458]
[42.520192, -83.043463]
[42.520192, -83.043471]
[42.520193, -83.043476]
[42.520193, -83.043484]
[42.520193, -83.043489]
[42.520193, -83.043497]
[42.520193, -83.043503]
[42.520193, -83.043508]
[42.520193, -83.043516]
[42.520193, -83.043524]
[42.520193, -83.043532]
[42.520193, -83.043537]
[42.520194, -83.043540]
[42.520194, -83.043546]
[42.520194, -83.043546]
[42.520193, -83.043546]
[42.520193, -83.043546]
[42.520193, -83.043546]
[42.520193, -83.043546]
[42.520193, -83.043546]
[42.520193, -83.043546]
[42.520193, -83.043546]
[42.520193, -83.043546]
[42.520193, -83.043546]
[42.520193, -83.043546]
[42.520193, -83.043546]
[42.520193, -83.043545]
[42.520193, -83.043543]
[42.520193, -83.043538]
[42.520193, -83.043534]
[42.520193, -83.043529]
[42.520193, -83.043521]
[42.520192, -83.043511]
[42.520192, -83.043505]
[42.520192, -83.043496]
[42.520192, -83.043495]
[42.520192, -83.043495]
[42.520192, -83.043495]
[42.520192, -83.043495]
[42.520192, -83.043495]
[42.520192, -83.043495]
[42.520192, -83.043495]
[42.520192, -83.043495]
[42.520192, -83.043495]
[42.520192, -83.043495]
[42.520192, -83.043495]
[42.520192, -83.043495]
[42.520192, -83.043495]
[42.520192, -83.043495]
[42.520192, -83.043495]
[42.520192, -83.043495]
[42.520192, -83.043495]
[42.520192, -83.043495]
[42.520192, -83.043495]
[42.520192, -83.043495]
[42.520192, -83.043495]
[42.520192, -83.043495]
[42.520192, -83.043495]
[42.520192, -83.043495]
[42.520192, -83.043495]
[42.520192, -83.043495]
[42.520192, -83.043495]
[42.520192, -83.043495]
[42.520192, -83.043495]
[42.520192, -83.043495]
[42.520191, -83.043495]
[42.520192, -83.043495]
[42.520192, -83.043495]
[42.520192, -83.043495]
[42.520192, -83.043495]
[42.520192, -83.043495]
[42.520192, -83.043495]
[42.520192, -83.043495]
[42.520192, -83.043495]
[42.520192, -83.043495]
[42.520192, -83.043495]
[42.520192, -83.043495]
[42.520192, -83.043495]
[42.520192, -83.043495]
[42.520192, -83.043495]
[42.520192, -83.043494]
[42.520192, -83.043494]
[42.520192, -83.043494]
[42.520192, -83.043494]
[42.520192, -83.043494]
[42.520192, -83.043494]
[42.520192, -83.043494]
[42.520192, -83.043494]
[42.520192, -83.043494]
[42.520192, -83.043494]
[42.520192, -83.043494]
[42.520192, -83.043494]
[42.520192, -83.043494]
[42.520191, -83.043494]
[42.520191, -83.043494]
[42.520191, -83.043494]
[42.520192, -83.043494]
[42.520192, -83.043494]
[42.520192, -83.043494]
[42.520192, -83.043494]
[42.520192, -83.043494]
[42.520192, -83.043494]
[42.520192, -83.043495]
[42.520192, -83.043495]
[42.520192, -83.043495]
[42.520192, -83.043495]
[42.520192, -83.043494]
[42.520192, -83.043494]
[42.520192, -83.043494]
[42.520192, -83.043494]
[42.520192, -83.043494]
[42.520192, -83.043494]
[42.520192, -83.043494]
[42.520192, -83.043495]
[42.520192, -83.043495]
[42.520192, -83.043495]
[42.520192, -83.043495]
[42.520192, -83.043495]
[42.520192, -83.043495]
[42.520192, -83.043495]
[42.520192, -83.043495]
[42.520192, -83.043495]
[42.520192, -83.043495]
[42.520192, -83.043495]
[42.520192, -83.043495]
[42.520192, -83.043495]
[42.520192, -83.043495]
[42.520192, -83.043495]
[42.520192, -83.043495]
[42.520192, -83.043495]
[42.520192, -83.043495]
[42.520192, -83.043495]
[42.520192, -83.043495]
[42.520192, -83.043495]
[42.520192, -83.043496]
[42.520192, -83.043496]
[42.520191, -83.043496]
[42.520191, -83.043496]
[42.520191, -83.043496]
[42.520191, -83.043496]
[42.520191, -83.043496]
[42.520191, -83.043496]
[42.520191, -83.043496]
[42.520191, -83.043496]
[42.520191, -83.043496]
[42.520191, -83.043496]
[42.520191, -83.043496]
[42.520191, -83.043496]
[42.520191, -83.043496]
[42.520191, -83.043496]
[42.520191, -83.043496]
[42.520191, -83.043496]
[42.520191, -83.043496]
[42.520191, -83.043496]
[42.520191, -83.043496]
[42.520191, -83.043496]
[42.520191, -83.043496]
[42.520191, -83.043496]
[42.520190, -83.043496]
[42.520190, -83.043496]
[42.520190, -83.043496]
[42.520190, -83.043496]
[42.520190, -83.043496]
[42.520190, -83.043497]
[42.520190, -83.043497]
[42.520190, -83.043497]
[42.520190, -83.043497]
[42.520190, -83.043497]
[42.520190, -83.043497]
[42.520190, -83.043497]
[42.520190, -83.043497]
[42.520190, -83.043497]
[42.520190, -83.043496]
[42.520190, -83.043496]
[42.520190, -83.043496]
[42.520190, -83.043496]
[42.520190, -83.043496]
[42.520190, -83.043496]
[42.520190, -83.043496]
[42.520190, -83.043496]
[42.520190, -83.043496]
[42.520190, -83.043496]
[42.520190, -83.043496]
[42.520190, -83.043496]
[42.520190, -83.043496]
[42.520190, -83.043496]
[42.520190, -83.043496]
[42.520191, -83.043496]
[42.520191, -83.043496]
[42.520191, -83.043496]
[42.520191, -83.043496]
[42.520191, -83.043496]
[42.520191, -83.043496]
[42.520191, -83.043496]
[42.520191, -83.043496]
[42.520191, -83.043496]
[42.520191, -83.043496]
[42.520191, -83.043496]
[42.520190, -83.043496]
[42.520190, -83.043496]
[42.520190, -83.043496]
[42.520190, -83.043496]
[42.520190, -83.043496]
[42.520190, -83.043496]
[42.520190, -83.043496]
[42.520190, -83.043496]
--start execution--
--stop execution--
[42.520296, -83.043384]
[42.520296, -83.043384]
[42.520296, -83.043384]
[42.520296, -83.043384]
[42.520296, -83.043384]
[42.520296, -83.043384]
[42.520296, -83.043384]
[42.520296, -83.043384]
[42.520296, -83.043384]
[42.520296, -83.043384]
[42.520296, -83.043384]
[42.520296, -83.043384]
[42.520296, -83.043384]
[42.520296, -83.043384]
[42.520296, -83.043384]
[42.520296, -83.043384]
[42.520296, -83.043384]
[42.520296, -83.043384]
[42.520296, -83.043384]
[42.520296, -83.043384]
[42.520296, -83.043384]
[42.520296, -83.043384]
[42.520296, -83.043384]
[42.520296, -83.043384]
[42.520296, -83.043384]
[42.520296, -83.043384]
[42.520296, -83.043384]
[42.520296, -83.043384]
[42.520296, -83.043384]
[42.520296, -83.043384]
[42.520296, -83.043384]
[42.520296, -83.043384]
[42.520296, -83.043383]
[42.520296, -83.043383]
[42.520296, -83.043383]
[42.520296, -83.043383]
[42.520296, -83.043383]
[42.520296, -83.043383]
[42.520296, -83.043383]
[42.520296, -83.043383]
[42.520296, -83.043383]
[42.520296, -83.043383]
[42.520296, -83.043383]
[42.520296, -83.043383]
[42.520296, -83.043383]
[42.520296, -83.043383]
[42.520296, -83.043383]
[42.520296, -83.043383]
[42.520296, -83.043383]
[42.520296, -83.043383]
[42.520296, -83.043383]
[42.520296, -83.043383]
[42.520296, -83.043383]
[42.520296, -83.043383]
[42.520296, -83.043383]
[42.520296, -83.043383]
[42.520296, -83.043383]
[42.520296, -83.043383]
[42.520296, -83.043383]
[42.520296, -83.043383]
[42.520296, -83.043383]
[42.520296, -83.043383]
[42.520296, -83.043383]
[42.520296, -83.043383]
[42.520296, -83.043383]
[42.520296, -83.043383]
[42.520296, -83.043383]
[42.520296, -83.043383]
[42.520296, -83.043383]
[42.520296, -83.043383]
[42.520296, -83.043383]
[42.520296, -83.043383]
[42.520296, -83.043383]
[42.520296, -83.043383]
[42.520296, -83.043383]
[42.520296, -83.043383]
[42.520296, -83.043383]
[42.520296, -83.043383]
[42.520296, -83.043383]
[42.520296, -83.043383]
[42.520296, -83.043383]
[42.520296, -83.043383]
[42.520296, -83.043383]
[42.520296, -83.043383]
[42.520296, -83.043383]
[42.520296, -83.043384]
[42.520296, -83.043384]
[42.520296, -83.043384]
[42.520296, -83.043384]
[42.520296, -83.043384]
[42.520296, -83.043384]
[42.520296, -83.043384]
[42.520296, -83.043384]
[42.520296, -83.043384]
[42.520296, -83.043384]
[42.520296, -83.043384]
[42.520296, -83.043384]
[42.520296, -83.043384]
[42.520296, -83.043384]
[42.520296, -83.043384]
[42.520296, -83.043384]
[42.520296, -83.043384]
[42.520296, -83.043385]
[42.520296, -83.043385]
[42.520296, -83.043385]
[42.520296, -83.043385]
[42.520296, -83.043385]
[42.520296, -83.043385]
[42.520296, -83.043385]
[42.520296, -83.043385]
[42.520296, -83.043385]
[42.520296, -83.043385]
[42.520296, -83.043385]
[42.520296, -83.043385]
[42.520296, -83.043385]
[42.520296, -83.043385]
[42.520296, -83.043385]
[42.520296, -83.043385]
[42.520296, -83.043385]
[42.520296, -83.043385]
[42.520296, -83.043385]
[42.520296, -83.043385]
[42.520296, -83.043385]
[42.520296, -83.043385]
[42.520296, -83.043385]
[42.520296, -83.043385]
[42.520296, -83.043385]
[42.520296, -83.043385]
[42.520296, -83.043385]
[42.520296, -83.043385]
[42.520296, -83.043385]
[42.520296, -83.043385]
[42.520296, -83.043385]
[42.520296, -83.043385]
[42.520297, -83.043385]
[42.520297, -83.043385]
[42.520297, -83.043385]
[42.520297, -83.043385]
[42.520297, -83.043385]
[42.520297, -83.043385]
[42.520297, -83.043385]
[42.520297, -83.043385]
[42.520297, -83.043385]
[42.520297, -83.043385]
[42.520297, -83.043385]
[42.520297, -83.043385]
[42.520297, -83.043385]
[42.520297, -83.043385]
[42.520297, -83.043385]
[42.520297, -83.043385]
[42.520297, -83.043385]
[42.520297, -83.043385]
[42.520297, -83.043385]
[42.520297, -83.043385]
[42.520297, -83.043385]
[42.520296, -83.043385]
[42.520296, -83.043385]
[42.520296, -83.043385]
[42.520296, -83.043385]
[42.520296, -83.043385]
[42.520296, -83.043385]
[42.520296, -83.043385]
[42.520296, -83.043385]
[42.520296, -83.043385]
[42.520296, -83.043385]
[42.520296, -83.043385]
[42.520296, -83.043385]
[42.520296, -83.043385]
[42.520296, -83.043385]
[42.520296, -83.043385]
[42.520296, -83.043385]
[42.520295, -83.043385]
[42.520295, -83.043385]
[42.520295, -83.043385]
[42.520295, -83.043385]
[42.520295, -83.043385]
[42.520295, -83.043385]
[42.520295, -83.043385]
[42.520295, -83.043385]
[42.520295, -83.043385]
[42.520295, -83.043385]
[42.520295, -83.043385]
[42.520295, -83.043385]
[42.520295, -83.043385]
[42.520295, -83.043385]
[42.520295, -83.043384]
[42.520295, -83.043384]
[42.520294, -83.043384]
[42.520294, -83.043384]
[42.520294, -83.043384]
[42.520294, -83.043384]
[42.520294, -83.043384]
[42.520294, -83.043384]
[42.520294, -83.043384]
[42.520294, -83.043384]
[42.520294, -83.043384]
[42.520294, -83.043384]
[42.520294, -83.043384]
[42.520294, -83.043385]
[42.520294, -83.043384]
[42.520294, -83.043384]
[42.520294, -83.043384]
[42.520294, -83.043384]
[42.520294, -83.043384]
[42.520294, -83.043385]
[42.520294, -83.043385]
[42.520294, -83.043385]
[42.520294, -83.043385]
[42.520294, -83.043385]
[42.520294, -83.043385]
[42.520294, -83.043385]
[42.520294, -83.043385]
[42.520294, -83.043385]
[42.520294, -83.043385]
[42.520294, -83.043385]
[42.520294, -83.043385]
[42.520294, -83.043385]
[42.520294, -83.043385]
[42.520294, -83.043385]
[42.520294, -83.043385]
[42.520294, -83.043385]
[42.520294, -83.043385]
[42.520294, -83.043385]
[42.520294, -83.043385]
[42.520294, -83.043385]
[42.520294, -83.043385]
[42.520294, -83.043385]
[42.520294, -83.043385]
[42.520294, -83.043385]
[42.520294, -83.043385]
[42.520294, -83.043385]
[42.520294, -83.043385]
[42.520294, -83.043385]
[42.520294, -83.043385]
[42.520294, -83.043385]
[42.520294, -83.043385]
[42.520294, -83.043385]
[42.520294, -83.043385]
[42.520294, -83.043385]
[42.520294, -83.043385]
[42.520294, -83.043385]
[42.520294, -83.043385]
[42.520294, -83.043385]
[42.520294, -83.043385]
[42.520294, -83.043385]
[42.520294, -83.043385]
[42.520294, -83.043385]
[42.520294, -83.043385]
[42.520294, -83.043385]
[42.520294, -83.043385]
[42.520293, -83.043385]
[42.520293, -83.043385]
[42.520293, -83.043385]
[42.520293, -83.043385]
[42.520293, -83.043385]
[42.520293, -83.043385]
[42.520293, -83.043385]
[42.520293, -83.043385]
[42.520293, -83.043385]
[42.520293, -83.043385]
[42.520293, -83.043385]
[42.520293, -83.043385]
[42.520293, -83.043385]
[42.520293, -83.043385]
[42.520293, -83.043385]
[42.520293, -83.043385]
[42.520293, -83.043385]
[42.520293, -83.043385]
[42.520293, -83.043385]
[42.520293, -83.043385]
[42.520293, -83.043385]
[42.520293, -83.043385]
[42.520293, -83.043385]
[42.520293, -83.043385]
[42.520293, -83.043385]
[42.520293, -83.043385]
[42.520293, -83.043385]
[42.520293, -83.043385]
[42.520293, -83.043385]
[42.520293, -83.043385]
[42.520293, -83.043385]
[42.520293, -83.043385]
[42.520293, -83.043385]
[42.520293, -83.043385]
[42.520293, -83.043385]
[42.520293, -83.043385]
[42.520293, -83.043385]
[42.520293, -83.043385]
[42.520293, -83.043385]
[42.520293, -83.043385]
[42.520293, -83.043385]
[42.520293, -83.043385]
[42.520293, -83.043385]
[42.520293, -83.043385]
[42.520293, -83.043385]
[42.520293, -83.043385]
[42.520293, -83.043385]
[42.520293, -83.043385]
[42.520293, -83.043385]
[42.520293, -83.043385]
[42.520293, -83.043385]
[42.520293, -83.043385]
[42.520293, -83.043385]
[42.520293, -83.043385]
[42.520293, -83.043385]
[42.520293, -83.043385]
[42.520293, -83.043385]
[42.520293, -83.043385]
[42.520294, -83.043385]
[42.520294, -83.043385]
[42.520294, -83.043385]
[42.520294, -83.043385]
[42.520294, -83.043385]
[42.520294, -83.043385]
[42.520294, -83.043385]
[42.520294, -83.043385]
[42.520294, -83.043385]
[42.520294, -83.043385]
[42.520294, -83.043385]
[42.520294, -83.043385]
[42.520294, -83.043385]
[42.520294, -83.043385]
[42.520294, -83.043385]
[42.520294, -83.043385]
[42.520294, -83.043385]
[42.520294, -83.043385]
[42.520294, -83.043385]
[42.520294, -83.043385]
[42.520294, -83.043385]
[42.520294, -83.043385]
[42.520294, -83.043385]
[42.520294, -83.043385]
[42.520294, -83.043385]
[42.520294, -83.043385]
[42.520294, -83.043385]
[42.520294, -83.043385]
[42.520294, -83.043385]
[42.520294, -83.043385]
[42.520294, -83.043385]
[42.520294, -83.043385]
[42.520294, -83.043385]
[42.520294, -83.043386]
[42.520294, -83.043386]
[42.520294, -83.043386]
[42.520294, -83.043386]
[42.520294, -83.043386]
[42.520294, -83.043386]
[42.520294, -83.043386]
[42.520294, -83.043386]
[42.520295, -83.043386]
[42.520295, -83.043386]
[42.520295, -83.043386]
[42.520295, -83.043386]
[42.520295, -83.043386]
[42.520295, -83.043386]
[42.520295, -83.043386]
[42.520295, -83.043386]
[42.520295, -83.043386]
[42.520295, -83.043386]
[42.520295, -83.043386]
[42.520295, -83.043386]
[42.520295, -83.043386]
[42.520295, -83.043386]
[42.520295, -83.043386]
[42.520295, -83.043386]
[42.520295, -83.043386]
[42.520295, -83.043386]
[42.520295, -83.043386]
[42.520295, -83.043386]
[42.520295, -83.043386]
[42.520295, -83.043386]
[42.520295, -83.043386]
[42.520295, -83.043386]
[42.520295, -83.043386]
[42.520295, -83.043386]
[42.520295, -83.043386]
[42.520295, -83.043386]
[42.520295, -83.043386]
[42.520295, -83.043386]
[42.520295, -83.043386]
[42.520295, -83.043386]
[42.520295, -83.043386]
[42.520295, -83.043386]
[42.520295, -83.043386]
[42.520295, -83.043386]
[42.520295, -83.043386]
[42.520295, -83.043386]
[42.520295, -83.043386]
[42.520296, -83.043386]
[42.520296, -83.043386]
[42.520296, -83.043386]
[42.520296, -83.043386]
[42.520296, -83.043386]
[42.520296, -83.043386]
[42.520296, -83.043386]
[42.520296, -83.043386]
[42.520296, -83.043386]
[42.520296, -83.043386]
[42.520296, -83.043386]
[42.520296, -83.043386]
[42.520296, -83.043386]
[42.520296, -83.043386]
[42.520296, -83.043386]
[42.520296, -83.043386]
[42.520296, -83.043385]
[42.520296, -83.043385]
[42.520296, -83.043385]
[42.520296, -83.043385]
[42.520296, -83.043385]
[42.520296, -83.043385]
[42.520296, -83.043385]
[42.520296, -83.043385]
[42.520296, -83.043385]
[42.520296, -83.043385]
[42.520296, -83.043385]
[42.520296, -83.043385]
[42.520296, -83.043385]
[42.520296, -83.043385]
[42.520296, -83.043385]
[42.520296, -83.043385]
[42.520296, -83.043385]
[42.520296, -83.043385]
[42.520296, -83.043385]
[42.520296, -83.043385]
[42.520296, -83.043385]
[42.520296, -83.043385]
[42.520296, -83.043385]
[42.520296, -83.043385]
[42.520296, -83.043385]
[42.520296, -83.043385]
[42.520296, -83.043385]
[42.520296, -83.043385]
[42.520296, -83.043385]
[42.520296, -83.043385]
[42.520296, -83.043385]
[42.520296, -83.043385]
[42.520296, -83.043385]
[42.520296, -83.043385]
[42.520296, -83.043385]
[42.520296, -83.043385]
[42.520296, -83.043385]
[42.520296, -83.043385]
[42.520296, -83.043385]
[42.520296, -83.043385]
[42.520296, -83.043385]
[42.520296, -83.043385]
[42.520297, -83.043385]
[42.520297, -83.043385]
[42.520297, -83.043385]
[42.520297, -83.043385]
[42.520297, -83.043385]
[42.520297, -83.043385]
[42.520297, -83.043385]
[42.520297, -83.043385]
[42.520297, -83.043385]
[42.520297, -83.043385]
[42.520297, -83.043385]
[42.520297, -83.043385]
[42.520296, -83.043385]
[42.520296, -83.043385]
[42.520296, -83.043385]
[42.520296, -83.043384]
[42.520296, -83.043384]
[42.520296, -83.043384]
[42.520296, -83.043384]
[42.520296, -83.043384]
[42.520296, -83.043384]
[42.520296, -83.043384]
[42.520296, -83.043384]
[42.520296, -83.043384]
[42.520296, -83.043384]
[42.520296, -83.043384]
[42.520296, -83.043384]
[42.520296, -83.043384]
[42.520296, -83.043384]
[42.520296, -83.043384]
[42.520296, -83.043384]
[42.520296, -83.043384]
[42.520296, -83.043384]
[42.520296, -83.043384]
[42.520296, -83.043384]
[42.520296, -83.043384]
[42.520296, -83.043384]
[42.520296, -83.043384]
[42.520296, -83.043384]
[42.520296, -83.043384]
[42.520296, -83.043384]
[42.520296, -83.043384]
[42.520296, -83.043384]
[42.520296, -83.043384]
[42.520296, -83.043384]
[42.520296, -83.043384]
[42.520296, -83.043384]
[42.520296, -83.043384]
[42.520296, -83.043384]
[42.520296, -83.043384]
[42.520296, -83.043384]
[42.520296, -83.043384]
[42.520296, -83.043384]
[42.520296, -83.043384]
[42.520296, -83.043384]
[42.520296, -83.043384]
[42.520296, -83.043384]
[42.520296, -83.043384]
[42.520296, -83.043384]
[42.520296, -83.043384]
[42.520296, -83.043384]
[42.520296, -83.043384]
[42.520296, -83.043384]
[42.520296, -83.043384]
[42.520296, -83.043384]
[42.520296, -83.043384]
[42.520296, -83.043384]
[42.520296, -83.043384]
[42.520296, -83.043384]
[42.520296, -83.043384]
[42.520296, -83.043384]
[42.520296, -83.043384]
[42.520296, -83.043384]
[42.520296, -83.043384]
[42.520296, -83.043384]
[42.520296, -83.043384]
[42.520296, -83.043384]
[42.520296, -83.043384]
[42.520296, -83.043384]
[42.520296, -83.043384]
[42.520296, -83.043384]
[42.520296, -83.043384]
[42.520296, -83.043384]
[42.520296, -83.043384]
[42.520296, -83.043383]
[42.520296, -83.043383]
[42.520296, -83.043383]
[42.520296, -83.043383]
[42.520296, -83.043383]
[42.520296, -83.043383]
[42.520296, -83.043383]
[42.520296, -83.043383]
[42.520296, -83.043383]
[42.520296, -83.043383]
[42.520296, -83.043383]
[42.520296, -83.043383]
[42.520296, -83.043383]
[42.520296, -83.043383]
[42.520296, -83.043383]
[42.520296, -83.043383]
[42.520296, -83.043383]
[42.520296, -83.043383]
[42.520296, -83.043383]
[42.520296, -83.043383]
[42.520296, -83.043383]
[42.520296, -83.043383]
[42.520296, -83.043383]
[42.520296, -83.043383]
[42.520296, -83.043383]
[42.520296, -83.043383]
[42.520296, -83.043383]
[42.520296, -83.043383]
[42.520296, -83.043383]
[42.520296, -83.043383]
[42.520296, -83.043383]
[42.520296, -83.043383]
[42.520296, -83.043383]
[42.520296, -83.043383]
[42.520296, -83.043383]
[42.520296, -83.043383]
[42.520296, -83.043383]
[42.520296, -83.043383]
[42.520296, -83.043383]
[42.520296, -83.043383]
[42.520296, -83.043383]
[42.520296, -83.043383]
[42.520296, -83.043383]
[42.520296, -83.043383]
[42.520296, -83.043383]
[42.520295, -83.043383]
[42.520295, -83.043383]
[42.520296, -83.043383]
[42.520295, -83.043383]
[42.520295, -83.043383]
[42.520295, -83.043383]
[42.520295, -83.043383]
[42.520295, -83.043383]
[42.520296, -83.043383]
[42.520296, -83.043383]
[42.520296, -83.043383]
[42.520296, -83.043383]
[42.520296, -83.043383]
[42.520296, -83.043383]
[42.520296, -83.043383]
[42.520296, -83.043383]
[42.520296, -83.043383]
[42.520296, -83.043383]
[42.520296, -83.043383]
[42.520296, -83.043383]
[42.520296, -83.043383]
[42.520296, -83.043383]
[42.520296, -83.043382]
[42.520296, -83.043382]
[42.520296, -83.043382]
[42.520296, -83.043382]
[42.520296, -83.043382]
[42.520296, -83.043382]
[42.520296, -83.043382]
[42.520296, -83.043382]
[42.520296, -83.043382]
[42.520296, -83.043382]
[42.520296, -83.043382]
[42.520296, -83.043382]
[42.520296, -83.043382]
[42.520296, -83.043382]
[42.520296, -83.043383]
[42.520296, -83.043383]
[42.520296, -83.043383]
[42.520296, -83.043383]
[42.520296, -83.043383]
[42.520296, -83.043383]
[42.520296, -83.043383]
[42.520296, -83.043383]
[42.520296, -83.043383]
[42.520296, -83.043383]
[42.520296, -83.043383]
[42.520296, -83.043383]
[42.520296, -83.043383]
[42.520296, -83.043383]
[42.520296, -83.043383]
[42.520296, -83.043383]
[42.520296, -83.043383]
[42.520296, -83.043383]
[42.520296, -83.043383]
[42.520296, -83.043383]
[42.520296, -83.043383]
[42.520296, -83.043383]
[42.520296, -83.043383]
[42.520296, -83.043383]
[42.520296, -83.043383]
[42.520296, -83.043384]
[42.520296, -83.043384]
[42.520296, -83.043384]
[42.520296, -83.043384]
[42.520296, -83.043384]
[42.520296, -83.043384]
[42.520296, -83.043384]
[42.520296, -83.043384]
[42.520296, -83.043384]
[42.520296, -83.043384]
[42.520296, -83.043384]
[42.520296, -83.043384]
[42.520296, -83.043384]
[42.520296, -83.043384]
[42.520296, -83.043384]
[42.520296, -83.043384]
[42.520296, -83.043384]
[42.520296, -83.043384]
[42.520296, -83.043384]
[42.520296, -83.043384]
[42.520296, -83.043384]
[42.520296, -83.043384]
[42.520296, -83.043384]
[42.520296, -83.043384]
[42.520296, -83.043384]
[42.520296, -83.043384]
[42.520296, -83.043384]
[42.520296, -83.043384]
[42.520296, -83.043384]
[42.520296, -83.043384]
[42.520296, -83.043384]
[42.520296, -83.043384]
[42.520296, -83.043384]
[42.520296, -83.043384]
[42.520296, -83.043384]
[42.520296, -83.043384]
[42.520296, -83.043384]
[42.520295, -83.043384]
[42.520295, -83.043384]
[42.520295, -83.043384]
[42.520295, -83.043384]
[42.520295, -83.043384]
[42.520295, -83.043384]
[42.520295, -83.043384]
[42.520295, -83.043384]
[42.520295, -83.043384]
[42.520295, -83.043384]
[42.520295, -83.043384]
[42.520295, -83.043384]
[42.520295, -83.043384]
[42.520295, -83.043384]
[42.520295, -83.043384]
[42.520295, -83.043384]
[42.520295, -83.043384]
[42.520295, -83.043384]
[42.520295, -83.043384]
[42.520295, -83.043384]
[42.520294, -83.043384]
[42.520294, -83.043384]
[42.520294, -83.043384]
[42.520294, -83.043384]
[42.520294, -83.043384]
[42.520294, -83.043384]
[42.520294, -83.043384]
[42.520294, -83.043384]
[42.520294, -83.043383]
[42.520294, -83.043383]
[42.520294, -83.043383]
[42.520294, -83.043383]
[42.520294, -83.043383]
[42.520294, -83.043383]
[42.520294, -83.043383]
[42.520294, -83.043383]
[42.520294, -83.043383]
[42.520294, -83.043383]
[42.520294, -83.043383]
[42.520294, -83.043383]
[42.520294, -83.043383]
[42.520294, -83.043383]
[42.520294, -83.043383]
[42.520294, -83.043383]
[42.520294, -83.043383]
[42.520294, -83.043383]
[42.520294, -83.043383]
[42.520294, -83.043383]
[42.520294, -83.043383]
[42.520294, -83.043383]
[42.520294, -83.043383]
[42.520294, -83.043383]
[42.520294, -83.043383]
[42.520294, -83.043383]
[42.520294, -83.043383]
[42.520294, -83.043383]
[42.520294, -83.043383]
[42.520294, -83.043383]
[42.520294, -83.043383]
[42.520294, -83.043383]
[42.520294, -83.043383]
[42.520294, -83.043383]
[42.520294, -83.043383]
[42.520294, -83.043383]
[42.520294, -83.043383]
[42.520295, -83.043383]
[42.520295, -83.043383]
[42.520295, -83.043382]
[42.520295, -83.043382]
[42.520295, -83.043382]
[42.520295, -83.043382]
[42.520295, -83.043382]
[42.520295, -83.043382]
[42.520295, -83.043382]
[42.520295, -83.043383]
[42.520295, -83.043383]
[42.520295, -83.043383]
[42.520295, -83.043383]
[42.520295, -83.043383]
[42.520295, -83.043383]
[42.520295, -83.043383]
[42.520295, -83.043383]
[42.520295, -83.043383]
[42.520295, -83.043383]
[42.520295, -83.043383]
[42.520295, -83.043383]
[42.520295, -83.043383]
[42.520295, -83.043383]
[42.520295, -83.043382]
[42.520295, -83.043382]
[42.520295, -83.043382]
[42.520295, -83.043382]
[42.520295, -83.043382]
[42.520295, -83.043382]
[42.520295, -83.043382]
[42.520295, -83.043382]
[42.520295, -83.043382]
[42.520295, -83.043382]
[42.520295, -83.043382]
[42.520295, -83.043382]
[42.520295, -83.043382]
[42.520295, -83.043382]
[42.520295, -83.043382]
[42.520295, -83.043382]
[42.520295, -83.043382]
[42.520295, -83.043382]
[42.520295, -83.043382]
[42.520295, -83.043382]
[42.520295, -83.043382]
[42.520295, -83.043382]
[42.520295, -83.043382]
[42.520295, -83.043383]
[42.520295, -83.043383]
[42.520295, -83.043383]
[42.520295, -83.043383]
[42.520295, -83.043383]
[42.520295, -83.043383]
[42.520295, -83.043383]
[42.520295, -83.043383]
[42.520295, -83.043383]
[42.520295, -83.043383]
[42.520295, -83.043383]
[42.520295, -83.043383]
[42.520295, -83.043383]
[42.520295, -83.043383]
[42.520295, -83.043383]
[42.520295, -83.043383]
[42.520295, -83.043383]
[42.520295, -83.043383]
[42.520295, -83.043383]
[42.520295, -83.043383]
[42.520295, -83.043383]
[42.520295, -83.043383]
[42.520295, -83.043383]
[42.520295, -83.043383]
[42.520295, -83.043383]
[42.520295, -83.043383]
[42.520295, -83.043383]
[42.520295, -83.043383]
[42.520295, -83.043382]
[42.520295, -83.043382]
[42.520295, -83.043382]
[42.520295, -83.043382]
[42.520295, -83.043382]
[42.520295, -83.043382]
[42.520295, -83.043382]
[42.520295, -83.043382]
[42.520295, -83.043382]
[42.520295, -83.043382]
[42.520295, -83.043382]
[42.520295, -83.043382]
[42.520295, -83.043382]
[42.520295, -83.043382]
[42.520295, -83.043382]
[42.520295, -83.043382]
[42.520295, -83.043382]
[42.520295, -83.043382]
[42.520295, -83.043382]
[42.520295, -83.043382]
[42.520295, -83.043382]
[42.520295, -83.043382]
[42.520295, -83.043382]
[42.520295, -83.043382]
[42.520295, -83.043382]
[42.520295, -83.043381]
[42.520295, -83.043381]
[42.520295, -83.043381]
[42.520295, -83.043381]
[42.520296, -83.043381]
[42.520295, -83.043381]
[42.520296, -83.043381]
[42.520295, -83.043381]
[42.520295, -83.043381]
[42.520295, -83.043381]
[42.520295, -83.043381]
[42.520295, -83.043381]
[42.520295, -83.043381]
[42.520295, -83.043381]
[42.520295, -83.043381]
[42.520295, -83.043381]
[42.520295, -83.043381]
[42.520295, -83.043381]
[42.520295, -83.043381]
[42.520295, -83.043381]
[42.520295, -83.043381]
[42.520295, -83.043381]
[42.520295, -83.043381]
[42.520295, -83.043381]
[42.520295, -83.043381]
[42.520295, -83.043381]
[42.520295, -83.043381]
[42.520295, -83.043381]
[42.520295, -83.043381]
[42.520295, -83.043381]
[42.520295, -83.043381]
[42.520295, -83.043381]
[42.520295, -83.043381]
[42.520295, -83.043381]
[42.520295, -83.043381]
[42.520295, -83.043381]
[42.520295, -83.043381]
[42.520295, -83.043381]
[42.520295, -83.043381]
[42.520295, -83.043381]
[42.520295, -83.043381]
[42.520295, -83.043381]
[42.520295, -83.043381]
[42.520295, -83.043381]
[42.520295, -83.043381]
[42.520295, -83.043381]
[42.520295, -83.043381]
[42.520295, -83.043381]
[42.520295, -83.043381]
[42.520295, -83.043381]
[42.520295, -83.043381]
[42.520295, -83.043381]
[42.520295, -83.043381]
[42.520295, -83.043381]
[42.520295, -83.043381]
[42.520295, -83.043381]
[42.520295, -83.043381]
[42.520295, -83.043381]
[42.520295, -83.043381]
[42.520295, -83.043381]
[42.520295, -83.043381]
[42.520295, -83.043381]
[42.520295, -83.043381]
[42.520295, -83.043382]
[42.520295, -83.043382]
[42.520296, -83.043382]
[42.520296, -83.043382]
[42.520296, -83.043382]
[42.520296, -83.043382]
[42.520296, -83.043382]
[42.520296, -83.043382]
[42.520296, -83.043382]
[42.520296, -83.043382]
[42.520296, -83.043382]
[42.520296, -83.043382]
[42.520296, -83.043382]
[42.520296, -83.043382]
[42.520296, -83.043382]
[42.520296, -83.043382]
[42.520296, -83.043382]
[42.520296, -83.043382]
[42.520296, -83.043382]
[42.520296, -83.043383]
[42.520297, -83.043383]
[42.520297, -83.043383]
[42.520297, -83.043383]
[42.520297, -83.043383]
[42.520297, -83.043383]
[42.520297, -83.043383]
[42.520297, -83.043383]
[42.520297, -83.043383]
[42.520297, -83.043383]
[42.520297, -83.043383]
[42.520297, -83.043383]
[42.520297, -83.043383]
[42.520297, -83.043383]
[42.520297, -83.043383]
[42.520297, -83.043383]
[42.520297, -83.043383]
[42.520297, -83.043383]
[42.520297, -83.043383]
[42.520297, -83.043383]
[42.520297, -83.043383]
[42.520297, -83.043383]
[42.520297, -83.043383]
[42.520297, -83.043383]
[42.520297, -83.043383]
[42.520297, -83.043383]
[42.520297, -83.043383]
[42.520297, -83.043383]
[42.520297, -83.043383]
[42.520297, -83.043383]
[42.520297, -83.043383]
[42.520297, -83.043383]
[42.520297, -83.043383]
[42.520297, -83.043383]
[42.520297, -83.043383]
[42.520297, -83.043383]
[42.520297, -83.043383]
[42.520297, -83.043383]
[42.520297, -83.043383]
[42.520297, -83.043383]
[42.520297, -83.043383]
[42.520297, -83.043384]
[42.520297, -83.043384]
[42.520297, -83.043384]
[42.520298, -83.043384]
[42.520298, -83.043384]
[42.520298, -83.043384]
[42.520298, -83.043384]
[42.520298, -83.043384]
[42.520298, -83.043384]
[42.520298, -83.043384]
[42.520298, -83.043384]
[42.520298, -83.043384]
[42.520298, -83.043384]
[42.520298, -83.043384]
[42.520298, -83.043384]
[42.520298, -83.043384]
[42.520298, -83.043384]
[42.520298, -83.043384]
[42.520298, -83.043385]
[42.520298, -83.043385]
[42.520298, -83.043385]
[42.520298, -83.043385]
[42.520298, -83.043385]
[42.520298, -83.043385]
[42.520298, -83.043385]
[42.520298, -83.043385]
[42.520298, -83.043385]
[42.520298, -83.043385]
[42.520298, -83.043385]
[42.520298, -83.043385]
[42.520298, -83.043385]
[42.520298, -83.043385]
[42.520298, -83.043385]
[42.520298, -83.043385]
[42.520298, -83.043385]
[42.520298, -83.043385]
[42.520298, -83.043385]
[42.520298, -83.043385]
[42.520298, -83.043385]
[42.520298, -83.043385]
[42.520298, -83.043385]
[42.520298, -83.043385]
[42.520298, -83.043385]
[42.520298, -83.043385]
[42.520298, -83.043386]
[42.520298, -83.043386]
[42.520298, -83.043386]
[42.520298, -83.043386]
[42.520298, -83.043386]
[42.520298, -83.043386]
[42.520298, -83.043386]
[42.520298, -83.043386]
[42.520298, -83.043386]
[42.520298, -83.043386]
[42.520298, -83.043386]
[42.520298, -83.043386]
[42.520298, -83.043386]
[42.520298, -83.043386]
[42.520298, -83.043386]
[42.520298, -83.043386]
[42.520298, -83.043386]
[42.520297, -83.043386]
[42.520297, -83.043386]
[42.520297, -83.043386]
[42.520297, -83.043386]
[42.520297, -83.043386]
[42.520297, -83.043386]
[42.520297, -83.043386]
[42.520297, -83.043386]
[42.520297, -83.043386]
[42.520297, -83.043386]
[42.520297, -83.043386]
[42.520297, -83.043386]
[42.520297, -83.043386]
[42.520297, -83.043386]
[42.520297, -83.043386]
[42.520297, -83.043386]
[42.520297, -83.043386]
[42.520297, -83.043386]
[42.520297, -83.043386]
[42.520297, -83.043386]
[42.520297, -83.043386]
[42.520297, -83.043386]
[42.520297, -83.043386]
[42.520297, -83.043386]
[42.520297, -83.043386]
[42.520297, -83.043386]
[42.520297, -83.043386]
[42.520297, -83.043386]
[42.520297, -83.043386]
[42.520297, -83.043386]
[42.520297, -83.043385]
[42.520297, -83.043385]
[42.520297, -83.043385]
[42.520297, -83.043385]
[42.520297, -83.043385]
[42.520297, -83.043385]
[42.520297, -83.043385]
[42.520297, -83.043385]
[42.520297, -83.043385]
[42.520297, -83.043385]
[42.520297, -83.043385]
[42.520297, -83.043385]
[42.520297, -83.043385]
[42.520297, -83.043385]
[42.520297, -83.043385]
[42.520297, -83.043385]
[42.520297, -83.043385]
[42.520297, -83.043385]
[42.520297, -83.043385]
[42.520297, -83.043385]
[42.520297, -83.043385]
[42.520297, -83.043385]
[42.520297, -83.043385]
[42.520297, -83.043385]
[42.520297, -83.043385]
[42.520297, -83.043385]
[42.520297, -83.043385]
[42.520297, -83.043385]
[42.520297, -83.043385]
[42.520297, -83.043385]
[42.520297, -83.043385]
[42.520297, -83.043385]
[42.520297, -83.043385]
[42.520297, -83.043385]
[42.520297, -83.043385]
[42.520297, -83.043385]
[42.520297, -83.043385]
[42.520297, -83.043385]
[42.520297, -83.043385]
[42.520297, -83.043385]
[42.520297, -83.043385]
[42.520297, -83.043385]
[42.520297, -83.043385]
[42.520297, -83.043385]
[42.520297, -83.043385]
[42.520297, -83.043386]
[42.520297, -83.043386]
[42.520297, -83.043386]
[42.520297, -83.043386]
[42.520297, -83.043386]
[42.520297, -83.043386]
[42.520297, -83.043386]
[42.520297, -83.043386]
[42.520297, -83.043386]
[42.520297, -83.043386]
[42.520297, -83.043386]
[42.520297, -83.043386]
[42.520297, -83.043386]
[42.520297, -83.043386]
[42.520297, -83.043386]
[42.520297, -83.043386]
[42.520298, -83.043386]
[42.520298, -83.043386]
[42.520298, -83.043386]
[42.520298, -83.043386]
[42.520298, -83.043386]
[42.520298, -83.043386]
[42.520298, -83.043386]
[42.520298, -83.043386]
[42.520298, -83.043386]
[42.520298, -83.043386]
[42.520298, -83.043386]
[42.520298, -83.043386]
[42.520298, -83.043386]
[42.520298, -83.043386]
[42.520298, -83.043386]
[42.520298, -83.043386]
[42.520298, -83.043386]
[42.520298, -83.043386]
[42.520298, -83.043386]
[42.520298, -83.043386]
[42.520298, -83.043386]
[42.520298, -83.043386]
[42.520298, -83.043386]
[42.520298, -83.043386]
[42.520298, -83.043386]
[42.520298, -83.043386]
[42.520298, -83.043386]
[42.520298, -83.043386]
[42.520298, -83.043386]
[42.520298, -83.043386]
[42.520298, -83.043386]
[42.520298, -83.043386]
[42.520298, -83.043386]
[42.520298, -83.043386]
[42.520298, -83.043386]
[42.520298, -83.043386]
[42.520298, -83.043386]
[42.520298, -83.043386]
[42.520298, -83.043386]
[42.520298, -83.043386]
[42.520298, -83.043385]
[42.520298, -83.043385]
[42.520298, -83.043385]
[42.520298, -83.043385]
[42.520298, -83.043385]
[42.520298, -83.043385]
[42.520298, -83.043385]
[42.520298, -83.043385]
[42.520298, -83.043385]
[42.520298, -83.043385]
[42.520298, -83.043385]
[42.520298, -83.043385]
[42.520298, -83.043385]
[42.520298, -83.043385]
[42.520298, -83.043385]
[42.520297, -83.043385]
[42.520297, -83.043385]
[42.520297, -83.043385]
[42.520297, -83.043385]
[42.520297, -83.043385]
[42.520297, -83.043384]
[42.520297, -83.043384]
[42.520297, -83.043384]
[42.520297, -83.043384]
[42.520297, -83.043384]
[42.520297, -83.043384]
[42.520297, -83.043384]
[42.520297, -83.043384]
[42.520297, -83.043384]
[42.520297, -83.043384]
[42.520297, -83.043384]
[42.520297, -83.043384]
[42.520297, -83.043384]
[42.520297, -83.043384]
[42.520297, -83.043384]
[42.520296, -83.043384]
[42.520296, -83.043384]
[42.520296, -83.043384]
[42.520296, -83.043384]
[42.520296, -83.043384]
[42.520296, -83.043384]
[42.520296, -83.043384]
[42.520296, -83.043383]
[42.520296, -83.043383]
[42.520296, -83.043383]
[42.520296, -83.043383]
[42.520296, -83.043383]
[42.520295, -83.043383]
[42.520295, -83.043383]
[42.520295, -83.043383]
[42.520295, -83.043383]
[42.520295, -83.043383]
[42.520295, -83.043383]
[42.520295, -83.043383]
[42.520295, -83.043383]
[42.520295, -83.043383]
[42.520294, -83.043383]
[42.520294, -83.043383]
[42.520294, -83.043384]
[42.520294, -83.043384]
[42.520294, -83.043384]
[42.520294, -83.043384]
[42.520294, -83.043384]
[42.520294, -83.043384]
[42.520294, -83.043384]
[42.520294, -83.043384]
[42.520294, -83.043384]
[42.520294, -83.043384]
[42.520294, -83.043384]
[42.520294, -83.043384]
[42.520294, -83.043384]
[42.520295, -83.043384]
[42.520295, -83.043384]
[42.520295, -83.043384]
[42.520295, -83.043384]
[42.520295, -83.043384]
[42.520295, -83.043384]
[42.520295, -83.043384]
[42.520295, -83.043384]
[42.520295, -83.043384]
[42.520295, -83.043384]
[42.520295, -83.043384]
[42.520295, -83.043384]
[42.520295, -83.043384]
[42.520295, -83.043384]
[42.520295, -83.043384]
[42.520295, -83.043384]
[42.520295, -83.043384]
[42.520296, -83.043384]
[42.520296, -83.043384]
[42.520296, -83.043384]
[42.520296, -83.043384]
[42.520296, -83.043384]
[42.520296, -83.043384]
[42.520296, -83.043384]
[42.520296, -83.043384]
[42.520296, -83.043384]
[42.520296, -83.043384]
[42.520296, -83.043384]
[42.520296, -83.043384]
[42.520296, -83.043385]
[42.520296, -83.043385]
[42.520296, -83.043385]
[42.520296, -83.043385]
[42.520296, -83.043385]
[42.520296, -83.043385]
[42.520296, -83.043385]
[42.520296, -83.043385]
[42.520296, -83.043386]
[42.520296, -83.043386]
[42.520296, -83.043386]
[42.520296, -83.043385]
[42.520296, -83.043385]
[42.520296, -83.043385]
[42.520296, -83.043385]
[42.520296, -83.043385]
[42.520296, -83.043385]
[42.520296, -83.043385]
[42.520296, -83.043385]
[42.520296, -83.043385]
[42.520296, -83.043385]
[42.520296, -83.043385]
[42.520296, -83.043385]
[42.520296, -83.043385]
[42.520296, -83.043385]
[42.520296, -83.043385]
[42.520296, -83.043385]
[42.520296, -83.043385]
[42.520296, -83.043385]
[42.520296, -83.043385]
[42.520296, -83.043385]
[42.520297, -83.043385]
[42.520297, -83.043385]
[42.520297, -83.043385]
[42.520297, -83.043385]
[42.520297, -83.043385]
[42.520297, -83.043385]
[42.520297, -83.043385]
[42.520297, -83.043385]
[42.520297, -83.043385]
[42.520297, -83.043385]
[42.520297, -83.043385]
[42.520297, -83.043385]
[42.520297, -83.043385]
[42.520297, -83.043385]
[42.520297, -83.043385]
[42.520297, -83.043385]
[42.520297, -83.043385]
[42.520297, -83.043385]
[42.520297, -83.043385]
[42.520297, -83.043385]
[42.520297, -83.043385]
[42.520297, -83.043385]
[42.520297, -83.043385]
[42.520297, -83.043385]
[42.520297, -83.043385]
[42.520297, -83.043385]
[42.520297, -83.043384]
[42.520297, -83.043384]
[42.520297, -83.043384]
[42.520297, -83.043384]
[42.520297, -83.043384]
[42.520297, -83.043384]
[42.520297, -83.043384]
[42.520297, -83.043384]
[42.520297, -83.043384]
[42.520297, -83.043384]
[42.520297, -83.043384]
[42.520297, -83.043384]
[42.520297, -83.043384]
[42.520297, -83.043384]
[42.520297, -83.043383]
[42.520297, -83.043383]
[42.520297, -83.043383]
[42.520297, -83.043383]
[42.520297, -83.043383]
[42.520297, -83.043383]
[42.520297, -83.043383]
[42.520297, -83.043383]
[42.520297, -83.043383]
[42.520297, -83.043383]
[42.520297, -83.043383]
[42.520297, -83.043383]
[42.520297, -83.043383]
[42.520297, -83.043383]
[42.520297, -83.043383]
[42.520297, -83.043383]
[42.520297, -83.043383]
[42.520297, -83.043383]
[42.520297, -83.043383]
[42.520297, -83.043383]
[42.520297, -83.043383]
[42.520297, -83.043383]
[42.520297, -83.043384]
[42.520297, -83.043384]
[42.520297, -83.043384]
[42.520297, -83.043384]
[42.520297, -83.043384]
[42.520297, -83.043384]
[42.520297, -83.043384]
[42.520297, -83.043384]
[42.520297, -83.043384]
[42.520297, -83.043384]
[42.520297, -83.043384]
[42.520297, -83.043384]
[42.520297, -83.043384]
[42.520297, -83.043384]
[42.520297, -83.043384]
[42.520297, -83.043385]
[42.520297, -83.043384]
[42.520297, -83.043384]
[42.520297, -83.043384]
[42.520297, -83.043384]
[42.520297, -83.043384]
[42.520297, -83.043384]
[42.520297, -83.043384]
[42.520297, -83.043384]
[42.520297, -83.043384]
[42.520297, -83.043384]
[42.520297, -83.043384]
[42.520297, -83.043384]
[42.520296, -83.043384]
[42.520296, -83.043384]
[42.520296, -83.043385]
[42.520296, -83.043385]
[42.520296, -83.043385]
[42.520296, -83.043385]
[42.520296, -83.043385]
[42.520296, -83.043385]
[42.520296, -83.043385]
[42.520296, -83.043385]
[42.520296, -83.043385]
[42.520296, -83.043385]
[42.520296, -83.043385]
[42.520296, -83.043385]
[42.520296, -83.043385]
[42.520296, -83.043385]
[42.520296, -83.043385]
[42.520296, -83.043385]
[42.520296, -83.043385]
[42.520296, -83.043385]
[42.520296, -83.043385]
[42.520296, -83.043385]
[42.520296, -83.043385]
[42.520296, -83.043385]
[42.520296, -83.043385]
[42.520296, -83.043385]
[42.520295, -83.043385]
[42.520295, -83.043385]
[42.520296, -83.043385]
[42.520295, -83.043385]
[42.520295, -83.043385]
[42.520296, -83.043385]
[42.520296, -83.043385]
[42.520296, -83.043385]
[42.520296, -83.043385]
[42.520296, -83.043385]
[42.520296, -83.043385]
[42.520296, -83.043385]
[42.520296, -83.043385]
[42.520296, -83.043385]
[42.520296, -83.043385]
[42.520295, -83.043385]
[42.520296, -83.043385]
[42.520295, -83.043385]
[42.520295, -83.043385]
[42.520296, -83.043385]
[42.520295, -83.043385]
[42.520296, -83.043385]
[42.520296, -83.043385]
[42.520296, -83.043385]
[42.520296, -83.043385]
[42.520296, -83.043385]
[42.520296, -83.043385]
[42.520296, -83.043385]
[42.520296, -83.043385]
[42.520296, -83.043385]
[42.520296, -83.043385]
[42.520296, -83.043385]
[42.520296, -83.043385]
[42.520296, -83.043385]
[42.520296, -83.043385]
[42.520296, -83.043385]
[42.520296, -83.043385]
[42.520296, -83.043385]
[42.520296, -83.043385]
[42.520296, -83.043385]
[42.520296, -83.043385]
[42.520296, -83.043385]
[42.520296, -83.043385]
[42.520296, -83.043385]
[42.520296, -83.043385]
[42.520296, -83.043385]
[42.520296, -83.043385]
[42.520296, -83.043385]
[42.520296, -83.043385]
[42.520296, -83.043385]
[42.520296, -83.043385]
[42.520297, -83.043385]
[42.520297, -83.043385]
[42.520296, -83.043385]
[42.520296, -83.043385]
[42.520296, -83.043385]
[42.520296, -83.043385]
[42.520296, -83.043385]
[42.520296, -83.043385]
[42.520296, -83.043385]
[42.520296, -83.043385]
[42.520296, -83.043385]
[42.520296, -83.043385]
[42.520296, -83.043385]
[42.520296, -83.043385]
[42.520296, -83.043385]
[42.520296, -83.043385]
[42.520296, -83.043385]
[42.520296, -83.043385]
[42.520296, -83.043385]
[42.520296, -83.043385]
[42.520296, -83.043385]
[42.520297, -83.043385]
[42.520297, -83.043385]
[42.520297, -83.043385]
[42.520297, -83.043385]
[42.520297, -83.043385]
[42.520297, -83.043385]
[42.520297, -83.043385]
[42.520297, -83.043385]
[42.520297, -83.043385]
[42.520297, -83.043385]
[42.520297, -83.043385]
[42.520297, -83.043385]
[42.520297, -83.043385]
[42.520297, -83.043385]
[42.520297, -83.043385]
[42.520297, -83.043385]
[42.520297, -83.043385]
[42.520297, -83.043385]
[42.520297, -83.043385]
[42.520297, -83.043385]
[42.520297, -83.043385]
[42.520297, -83.043385]
[42.520297, -83.043385]
[42.520297, -83.043385]
[42.520297, -83.043386]
[42.520297, -83.043386]
[42.520297, -83.043386]
[42.520297, -83.043386]
[42.520297, -83.043386]
[42.520297, -83.043386]
[42.520297, -83.043386]
[42.520297, -83.043386]
[42.520297, -83.043386]
[42.520297, -83.043386]
[42.520297, -83.043386]
[42.520297, -83.043386]
[42.520297, -83.043386]
[42.520297, -83.043386]
[42.520297, -83.043386]
[42.520297, -83.043386]
[42.520297, -83.043386]
[42.520297, -83.043386]
[42.520297, -83.043386]
[42.520297, -83.043386]
[42.520297, -83.043386]
[42.520297, -83.043386]
[42.520297, -83.043386]
[42.520297, -83.043386]
[42.520297, -83.043386]
[42.520297, -83.043386]
[42.520297, -83.043386]
[42.520297, -83.043386]
[42.520297, -83.043386]
[42.520296, -83.043386]
[42.520296, -83.043386]
[42.520296, -83.043386]
[42.520296, -83.043386]
[42.520296, -83.043386]
[42.520296, -83.043386]
[42.520296, -83.043386]
[42.520296, -83.043386]
[42.520296, -83.043386]
[42.520296, -83.043386]
[42.520296, -83.043385]
[42.520296, -83.043385]
[42.520296, -83.043385]
[42.520296, -83.043385]
[42.520296, -83.043385]
[42.520295, -83.043385]
[42.520295, -83.043385]
[42.520295, -83.043385]
[42.520295, -83.043385]
[42.520295, -83.043385]
[42.520295, -83.043385]
[42.520295, -83.043385]
[42.520295, -83.043385]
[42.520295, -83.043385]
[42.520295, -83.043385]
[42.520295, -83.043385]
[42.520295, -83.043385]
[42.520295, -83.043385]
[42.520295, -83.043385]
[42.520295, -83.043385]
[42.520295, -83.043385]
[42.520295, -83.043385]
[42.520295, -83.043385]
[42.520295, -83.043385]
[42.520295, -83.043385]
[42.520295, -83.043385]
[42.520295, -83.043385]
[42.520295, -83.043385]
[42.520295, -83.043385]
[42.520295, -83.043385]
[42.520295, -83.043385]
[42.520295, -83.043386]
[42.520295, -83.043386]
[42.520295, -83.043386]
[42.520295, -83.043386]
[42.520295, -83.043386]
[42.520295, -83.043386]
[42.520295, -83.043386]
[42.520295, -83.043386]
[42.520295, -83.043386]
[42.520295, -83.043386]
[42.520295, -83.043386]
[42.520295, -83.043386]
[42.520295, -83.043386]
[42.520295, -83.043386]
[42.520295, -83.043386]
[42.520295, -83.043386]
[42.520295, -83.043386]
[42.520295, -83.043386]
[42.520295, -83.043386]
[42.520295, -83.043386]
[42.520295, -83.043386]
[42.520295, -83.043386]
[42.520295, -83.043386]
[42.520295, -83.043386]
[42.520295, -83.043386]
[42.520295, -83.043386]
[42.520295, -83.043386]
[42.520295, -83.043386]
[42.520295, -83.043386]
[42.520295, -83.043386]
[42.520295, -83.043386]
[42.520295, -83.043386]
[42.520295, -83.043386]
[42.520296, -83.043386]
[42.520296, -83.043386]
[42.520296, -83.043386]
[42.520296, -83.043386]
[42.520296, -83.043386]
[42.520296, -83.043386]
[42.520296, -83.043386]
[42.520296, -83.043386]
[42.520296, -83.043386]
[42.520296, -83.043386]
[42.520296, -83.043386]
[42.520296, -83.043386]
[42.520296, -83.043386]
[42.520296, -83.043386]
[42.520296, -83.043386]
[42.520296, -83.043386]
[42.520296, -83.043386]
[42.520296, -83.043386]
[42.520296, -83.043386]
[42.520296, -83.043386]
[42.520296, -83.043386]
[42.520296, -83.043386]
[42.520296, -83.043386]
[42.520296, -83.043386]
[42.520296, -83.043386]
[42.520296, -83.043386]
[42.520296, -83.043386]
[42.520296, -83.043385]
[42.520296, -83.043385]
[42.520296, -83.043385]
[42.520296, -83.043386]
[42.520296, -83.043385]
[42.520296, -83.043385]
[42.520296, -83.043385]
[42.520296, -83.043385]
[42.520296, -83.043385]
[42.520296, -83.043385]
[42.520296, -83.043385]
[42.520296, -83.043386]
[42.520296, -83.043386]
[42.520296, -83.043386]
[42.520296, -83.043386]
[42.520296, -83.043386]
[42.520296, -83.043386]
[42.520297, -83.043386]
[42.520297, -83.043386]
[42.520297, -83.043386]
[42.520297, -83.043386]
[42.520297, -83.043386]
[42.520297, -83.043386]
[42.520297, -83.043386]
[42.520297, -83.043386]
[42.520297, -83.043387]
[42.520297, -83.043387]
[42.520297, -83.043387]
[42.520297, -83.043387]
[42.520297, -83.043387]
[42.520297, -83.043387]
[42.520297, -83.043387]
[42.520297, -83.043387]
[42.520297, -83.043387]
[42.520297, -83.043387]
[42.520297, -83.043387]
[42.520297, -83.043387]
[42.520297, -83.043387]
[42.520297, -83.043387]
[42.520297, -83.043387]
[42.520297, -83.043387]
[42.520297, -83.043387]
[42.520297, -83.043387]
[42.520297, -83.043387]
[42.520297, -83.043387]
[42.520297, -83.043387]
[42.520297, -83.043387]
[42.520297, -83.043387]
[42.520297, -83.043387]
[42.520297, -83.043388]
[42.520297, -83.043388]
[42.520297, -83.043388]
[42.520297, -83.043388]
[42.520297, -83.043388]
[42.520297, -83.043388]
[42.520297, -83.043388]
[42.520297, -83.043388]
[42.520297, -83.043388]
[42.520297, -83.043388]
[42.520297, -83.043388]
[42.520297, -83.043388]
[42.520297, -83.043388]
[42.520297, -83.043388]
[42.520297, -83.043388]
[42.520297, -83.043388]
[42.520297, -83.043388]
[42.520297, -83.043388]
[42.520297, -83.043388]
[42.520297, -83.043388]
[42.520297, -83.043388]
[42.520297, -83.043387]
[42.520297, -83.043387]
[42.520297, -83.043387]
[42.520297, -83.043387]
[42.520297, -83.043387]
[42.520297, -83.043387]
[42.520297, -83.043387]
[42.520297, -83.043387]
[42.520297, -83.043387]
[42.520297, -83.043387]
[42.520297, -83.043387]
[42.520297, -83.043387]
[42.520298, -83.043387]
[42.520298, -83.043387]
[42.520298, -83.043386]
[42.520298, -83.043386]
[42.520298, -83.043386]
[42.520298, -83.043386]
[42.520298, -83.043386]
[42.520298, -83.043386]
[42.520298, -83.043386]
[42.520298, -83.043386]
[42.520298, -83.043386]
[42.520298, -83.043386]
[42.520298, -83.043386]
[42.520298, -83.043386]
[42.520298, -83.043386]
[42.520298, -83.043386]
[42.520298, -83.043386]
[42.520297, -83.043386]
[42.520297, -83.043386]
[42.520297, -83.043386]
[42.520297, -83.043386]
[42.520297, -83.043386]
[42.520297, -83.043386]
[42.520297, -83.043386]
[42.520297, -83.043386]
[42.520297, -83.043386]
[42.520297, -83.043386]
[42.520297, -83.043386]
[42.520297, -83.043386]
[42.520297, -83.043386]
[42.520297, -83.043387]
[42.520297, -83.043387]
[42.520297, -83.043387]
[42.520297, -83.043387]
[42.520297, -83.043387]
[42.520297, -83.043387]
[42.520297, -83.043387]
[42.520297, -83.043387]
[42.520297, -83.043387]
[42.520297, -83.043387]
[42.520297, -83.043387]
[42.520297, -83.043387]
[42.520297, -83.043387]
[42.520297, -83.043387]
[42.520297, -83.043387]
[42.520297, -83.043387]
[42.520297, -83.043387]
[42.520297, -83.043387]
[42.520297, -83.043387]
[42.520297, -83.043387]
[42.520297, -83.043387]
[42.520297, -83.043387]
[42.520297, -83.043387]
[42.520297, -83.043387]
[42.520297, -83.043387]
[42.520297, -83.043387]
[42.520297, -83.043387]
[42.520297, -83.043387]
[42.520297, -83.043387]
[42.520297, -83.043387]
[42.520297, -83.043387]
[42.520297, -83.043387]
[42.520297, -83.043387]
[42.520297, -83.043387]
[42.520297, -83.043387]
[42.520297, -83.043387]
[42.520297, -83.043387]
[42.520297, -83.043387]
[42.520297, -83.043387]
[42.520297, -83.043387]
[42.520297, -83.043387]
[42.520297, -83.043387]
[42.520297, -83.043387]
[42.520297, -83.043387]
[42.520297, -83.043387]
[42.520297, -83.043387]
[42.520297, -83.043387]
[42.520297, -83.043387]
[42.520296, -83.043387]
[42.520296, -83.043386]
[42.520296, -83.043386]
[42.520296, -83.043386]
[42.520296, -83.043386]
[42.520296, -83.043386]
[42.520296, -83.043386]
[42.520296, -83.043386]
[42.520296, -83.043386]
[42.520296, -83.043386]
[42.520296, -83.043386]
[42.520296, -83.043386]
[42.520296, -83.043387]
[42.520296, -83.043387]
[42.520296, -83.043387]
[42.520296, -83.043387]
[42.520296, -83.043387]
[42.520296, -83.043387]
[42.520296, -83.043387]
[42.520296, -83.043387]
[42.520296, -83.043387]
[42.520296, -83.043387]
[42.520297, -83.043387]
[42.520297, -83.043387]
[42.520297, -83.043387]
[42.520297, -83.043387]
[42.520297, -83.043387]
[42.520297, -83.043387]
[42.520297, -83.043387]
[42.520297, -83.043387]
[42.520297, -83.043387]
[42.520297, -83.043387]
[42.520297, -83.043387]
[42.520297, -83.043387]
[42.520297, -83.043388]
[42.520297, -83.043387]
[42.520297, -83.043387]
[42.520297, -83.043387]
[42.520297, -83.043388]
[42.520297, -83.043388]
[42.520297, -83.043388]
[42.520297, -83.043388]
[42.520297, -83.043388]
[42.520297, -83.043388]
[42.520297, -83.043388]
[42.520297, -83.043388]
[42.520297, -83.043388]
[42.520297, -83.043388]
[42.520297, -83.043388]
[42.520297, -83.043388]
[42.520298, -83.043388]
[42.520298, -83.043388]
[42.520298, -83.043388]
[42.520298, -83.043388]
[42.520298, -83.043388]
[42.520298, -83.043388]
[42.520298, -83.043388]
[42.520298, -83.043388]
[42.520298, -83.043388]
[42.520298, -83.043388]
[42.520298, -83.043388]
[42.520298, -83.043388]
[42.520298, -83.043388]
[42.520298, -83.043388]
[42.520298, -83.043387]
[42.520298, -83.043387]
[42.520298, -83.043387]
[42.520298, -83.043387]
[42.520298, -83.043387]
[42.520298, -83.043387]
[42.520298, -83.043387]
[42.520298, -83.043387]
[42.520299, -83.043387]
[42.520299, -83.043387]
[42.520299, -83.043387]
[42.520299, -83.043387]
[42.520299, -83.043387]
[42.520299, -83.043387]
[42.520299, -83.043387]
[42.520299, -83.043387]
[42.520299, -83.043387]
[42.520299, -83.043388]
[42.520299, -83.043388]
[42.520299, -83.043388]
[42.520299, -83.043388]
[42.520299, -83.043388]
[42.520299, -83.043388]
[42.520299, -83.043388]
[42.520299, -83.043388]
[42.520299, -83.043388]
[42.520299, -83.043388]
[42.520299, -83.043388]
[42.520299, -83.043388]
[42.520299, -83.043388]
[42.520299, -83.043388]
[42.520299, -83.043388]
[42.520299, -83.043388]
[42.520299, -83.043388]
[42.520299, -83.043388]
[42.520299, -83.043388]
[42.520299, -83.043388]
[42.520299, -83.043388]
[42.520299, -83.043388]
[42.520299, -83.043388]
[42.520299, -83.043388]
[42.520299, -83.043388]
[42.520299, -83.043388]
[42.520299, -83.043388]
[42.520299, -83.043388]
[42.520299, -83.043388]
[42.520299, -83.043388]
[42.520299, -83.043388]
[42.520299, -83.043388]
[42.520299, -83.043388]
[42.520299, -83.043388]
[42.520299, -83.043388]
[42.520299, -83.043388]
[42.520299, -83.043388]
[42.520299, -83.043388]
[42.520299, -83.043388]
[42.520299, -83.043388]
[42.520299, -83.043388]
[42.520299, -83.043388]
[42.520299, -83.043388]
[42.520299, -83.043388]
[42.520299, -83.043388]
[42.520299, -83.043388]
[42.520299, -83.043388]
[42.520299, -83.043388]
[42.520299, -83.043388]
[42.520299, -83.043388]
[42.520299, -83.043388]
[42.520299, -83.043388]
[42.520299, -83.043388]
[42.520299, -83.043388]
[42.520299, -83.043388]
[42.520299, -83.043388]
[42.520299, -83.043388]
[42.520299, -83.043388]
[42.520299, -83.043388]
[42.520299, -83.043388]
[42.520299, -83.043388]
[42.520299, -83.043389]
[42.520299, -83.043389]
[42.520299, -83.043389]
[42.520299, -83.043389]
[42.520299, -83.043389]
[42.520299, -83.043389]
[42.520299, -83.043389]
[42.520299, -83.043389]
[42.520299, -83.043389]
[42.520299, -83.043389]
[42.520299, -83.043389]
[42.520299, -83.043389]
[42.520299, -83.043389]
[42.520300, -83.043389]
[42.520300, -83.043389]
[42.520300, -83.043389]
[42.520300, -83.043389]
[42.520300, -83.043389]
[42.520300, -83.043389]
[42.520300, -83.043389]
[42.520300, -83.043389]
[42.520300, -83.043389]
[42.520300, -83.043389]
[42.520300, -83.043389]
[42.520300, -83.043389]
[42.520300, -83.043389]
[42.520300, -83.043389]
[42.520299, -83.043389]
[42.520299, -83.043389]
[42.520299, -83.043389]
[42.520299, -83.043389]
[42.520299, -83.043389]
[42.520299, -83.043389]
[42.520299, -83.043389]
[42.520299, -83.043389]
[42.520299, -83.043389]
[42.520299, -83.043388]
[42.520299, -83.043388]
[42.520299, -83.043388]
[42.520299, -83.043388]
[42.520299, -83.043388]
[42.520299, -83.043388]
[42.520299, -83.043388]
[42.520299, -83.043388]
[42.520299, -83.043387]
[42.520299, -83.043387]
[42.520299, -83.043387]
[42.520299, -83.043387]
[42.520299, -83.043387]
[42.520299, -83.043387]
[42.520299, -83.043387]
[42.520299, -83.043387]
[42.520299, -83.043387]
[42.520299, -83.043387]
[42.520299, -83.043387]
[42.520299, -83.043386]
[42.520299, -83.043386]
[42.520299, -83.043386]
[42.520299, -83.043386]
[42.520299, -83.043386]
[42.520299, -83.043386]
[42.520299, -83.043386]
[42.520299, -83.043386]
[42.520299, -83.043386]
[42.520299, -83.043386]
[42.520299, -83.043386]
[42.520299, -83.043386]
[42.520299, -83.043385]
[42.520299, -83.043385]
[42.520299, -83.043385]
[42.520299, -83.043385]
[42.520299, -83.043385]
[42.520299, -83.043385]
[42.520299, -83.043385]
[42.520299, -83.043385]
[42.520299, -83.043385]
[42.520299, -83.043385]
[42.520299, -83.043385]
[42.520299, -83.043385]
[42.520298, -83.043385]
[42.520298, -83.043385]
[42.520298, -83.043385]
[42.520298, -83.043385]
[42.520298, -83.043385]
[42.520298, -83.043385]
[42.520298, -83.043385]
[42.520298, -83.043385]
[42.520298, -83.043385]
[42.520299, -83.043385]
[42.520299, -83.043385]
[42.520299, -83.043386]
[42.520299, -83.043386]
[42.520299, -83.043386]
[42.520299, -83.043386]
[42.520299, -83.043386]
[42.520299, -83.043386]
[42.520299, -83.043386]
[42.520299, -83.043385]
[42.520299, -83.043385]
[42.520299, -83.043385]
[42.520299, -83.043385]
[42.520299, -83.043385]
[42.520299, -83.043385]
[42.520299, -83.043386]
[42.520299, -83.043386]
[42.520299, -83.043386]
[42.520299, -83.043386]
[42.520299, -83.043386]
[42.520299, -83.043386]
[42.520299, -83.043386]
[42.520299, -83.043386]
[42.520299, -83.043386]
[42.520299, -83.043386]
[42.520299, -83.043386]
[42.520299, -83.043386]
[42.520299, -83.043386]
[42.520299, -83.043386]
[42.520299, -83.043386]
[42.520299, -83.043386]
[42.520299, -83.043386]
[42.520299, -83.043386]
[42.520299, -83.043386]
[42.520299, -83.043386]
[42.520299, -83.043386]
[42.520299, -83.043386]
[42.520299, -83.043386]
[42.520299, -83.043386]
[42.520299, -83.043386]
[42.520299, -83.043386]
[42.520299, -83.043386]
[42.520298, -83.043386]
[42.520298, -83.043386]
[42.520298, -83.043386]
[42.520298, -83.043386]
[42.520298, -83.043386]
[42.520298, -83.043386]
[42.520298, -83.043386]
[42.520298, -83.043386]
[42.520298, -83.043386]
[42.520298, -83.043386]
[42.520298, -83.043386]
[42.520298, -83.043386]
[42.520298, -83.043386]
[42.520298, -83.043386]
[42.520298, -83.043386]
[42.520298, -83.043386]
[42.520298, -83.043385]
[42.520298, -83.043385]
[42.520298, -83.043385]
[42.520298, -83.043385]
[42.520298, -83.043385]
[42.520298, -83.043385]
[42.520298, -83.043385]
[42.520298, -83.043385]
[42.520298, -83.043385]
[42.520298, -83.043385]
[42.520298, -83.043385]
[42.520298, -83.043385]
[42.520298, -83.043385]
[42.520298, -83.043385]
[42.520297, -83.043385]
[42.520297, -83.043385]
[42.520297, -83.043385]
[42.520297, -83.043385]
[42.520297, -83.043385]
[42.520297, -83.043385]
[42.520297, -83.043385]
[42.520297, -83.043385]
[42.520297, -83.043385]
[42.520297, -83.043385]
[42.520297, -83.043385]
[42.520297, -83.043385]
[42.520297, -83.043385]
[42.520297, -83.043385]
[42.520297, -83.043385]
[42.520297, -83.043385]
[42.520297, -83.043385]
[42.520297, -83.043385]
[42.520297, -83.043385]
[42.520297, -83.043385]
[42.520297, -83.043385]
[42.520297, -83.043385]
[42.520297, -83.043385]
[42.520297, -83.043385]
[42.520297, -83.043385]
[42.520297, -83.043386]
[42.520297, -83.043386]
[42.520297, -83.043386]
[42.520297, -83.043386]
[42.520297, -83.043386]
[42.520297, -83.043386]
[42.520297, -83.043386]
[42.520297, -83.043386]
[42.520297, -83.043386]
[42.520297, -83.043386]
[42.520297, -83.043386]
[42.520297, -83.043386]
[42.520297, -83.043386]
[42.520297, -83.043386]
[42.520297, -83.043386]
[42.520297, -83.043386]
[42.520297, -83.043386]
[42.520297, -83.043386]
[42.520297, -83.043386]
[42.520297, -83.043386]
[42.520297, -83.043386]
[42.520297, -83.043386]
[42.520297, -83.043386]
[42.520297, -83.043386]
[42.520297, -83.043386]
[42.520297, -83.043386]
[42.520297, -83.043386]
[42.520297, -83.043386]
[42.520297, -83.043386]
[42.520297, -83.043386]
[42.520297, -83.043386]
[42.520297, -83.043386]
[42.520297, -83.043386]
[42.520297, -83.043386]
[42.520297, -83.043386]
[42.520297, -83.043386]
[42.520297, -83.043386]
[42.520297, -83.043386]
[42.520297, -83.043386]
[42.520297, -83.043386]
[42.520297, -83.043386]
[42.520297, -83.043386]
[42.520297, -83.043387]
[42.520297, -83.043387]
[42.520297, -83.043387]
[42.520297, -83.043387]
[42.520297, -83.043387]
[42.520297, -83.043387]
[42.520297, -83.043387]
[42.520297, -83.043387]
[42.520297, -83.043387]
[42.520297, -83.043387]
[42.520297, -83.043387]
[42.520297, -83.043387]
[42.520297, -83.043387]
[42.520297, -83.043387]
[42.520297, -83.043387]
[42.520297, -83.043387]
[42.520297, -83.043387]
[42.520297, -83.043387]
[42.520297, -83.043387]
[42.520297, -83.043387]
[42.520297, -83.043387]
[42.520297, -83.043387]
[42.520297, -83.043387]
[42.520297, -83.043387]
[42.520297, -83.043387]
[42.520297, -83.043387]
[42.520297, -83.043387]
[42.520297, -83.043387]
[42.520297, -83.043387]
[42.520297, -83.043387]
[42.520297, -83.043387]
[42.520297, -83.043387]
[42.520297, -83.043387]
[42.520297, -83.043387]
[42.520297, -83.043387]
[42.520297, -83.043387]
[42.520297, -83.043387]
[42.520297, -83.043387]
[42.520297, -83.043387]
[42.520297, -83.043387]
[42.520297, -83.043387]
[42.520297, -83.043387]
[42.520297, -83.043387]
[42.520297, -83.043387]
[42.520297, -83.043387]
[42.520298, -83.043387]
[42.520297, -83.043387]
[42.520297, -83.043387]
[42.520297, -83.043387]
[42.520297, -83.043387]
[42.520297, -83.043387]
[42.520297, -83.043387]
[42.520297, -83.043387]
[42.520297, -83.043387]
[42.520297, -83.043387]
[42.520297, -83.043387]
[42.520297, -83.043387]
[42.520297, -83.043387]
[42.520297, -83.043387]
[42.520297, -83.043387]
[42.520297, -83.043387]
[42.520297, -83.043387]
[42.520297, -83.043387]
[42.520297, -83.043387]
[42.520297, -83.043387]
[42.520297, -83.043387]
[42.520297, -83.043387]
[42.520297, -83.043387]
[42.520297, -83.043387]
[42.520297, -83.043387]
[42.520297, -83.043387]
[42.520297, -83.043387]
[42.520297, -83.043387]
[42.520297, -83.043387]
[42.520297, -83.043387]
[42.520297, -83.043387]
[42.520297, -83.043387]
[42.520297, -83.043387]
[42.520297, -83.043387]
[42.520297, -83.043387]
[42.520297, -83.043387]
[42.520297, -83.043387]
[42.520297, -83.043387]
[42.520297, -83.043387]
[42.520297, -83.043386]
[42.520297, -83.043386]
[42.520297, -83.043386]
[42.520297, -83.043386]
[42.520297, -83.043386]
[42.520297, -83.043386]
[42.520297, -83.043386]
[42.520297, -83.043386]
[42.520297, -83.043386]
[42.520297, -83.043386]
[42.520297, -83.043386]
[42.520297, -83.043386]
[42.520297, -83.043386]
[42.520297, -83.043386]
[42.520297, -83.043386]
[42.520297, -83.043386]
[42.520297, -83.043386]
[42.520297, -83.043386]
[42.520297, -83.043386]
[42.520297, -83.043386]
[42.520297, -83.043386]
[42.520297, -83.043386]
[42.520297, -83.043386]
[42.520297, -83.043386]
[42.520297, -83.043386]
[42.520297, -83.043386]
[42.520297, -83.043386]
[42.520297, -83.043386]
[42.520297, -83.043386]
[42.520297, -83.043386]
[42.520297, -83.043386]
[42.520297, -83.043386]
[42.520297, -83.043386]
[42.520297, -83.043386]
[42.520297, -83.043386]
[42.520297, -83.043386]
[42.520297, -83.043385]
[42.520297, -83.043385]
[42.520297, -83.043385]
[42.520297, -83.043385]
[42.520297, -83.043385]
[42.520297, -83.043385]
[42.520297, -83.043385]
[42.520297, -83.043386]
[42.520297, -83.043386]
[42.520297, -83.043386]
[42.520297, -83.043386]
[42.520297, -83.043386]
[42.520297, -83.043386]
[42.520297, -83.043386]
[42.520297, -83.043386]
[42.520297, -83.043386]
[42.520297, -83.043386]
[42.520297, -83.043386]
[42.520297, -83.043386]
[42.520297, -83.043386]
[42.520297, -83.043386]
[42.520297, -83.043386]
[42.520297, -83.043386]
[42.520297, -83.043386]
[42.520297, -83.043386]
[42.520297, -83.043386]
[42.520297, -83.043386]
[42.520297, -83.043386]
[42.520297, -83.043386]
[42.520297, -83.043387]
[42.520297, -83.043387]
[42.520297, -83.043387]
[42.520297, -83.043387]
[42.520297, -83.043387]
[42.520297, -83.043387]
[42.520297, -83.043387]
[42.520297, -83.043387]
[42.520297, -83.043387]
[42.520296, -83.043387]
[42.520296, -83.043387]
[42.520296, -83.043387]
[42.520296, -83.043387]
[42.520296, -83.043387]
[42.520296, -83.043387]
[42.520296, -83.043387]
[42.520296, -83.043387]
[42.520296, -83.043387]
[42.520296, -83.043387]
[42.520296, -83.043387]
[42.520296, -83.043387]
[42.520296, -83.043387]
[42.520296, -83.043387]
[42.520296, -83.043387]
[42.520296, -83.043387]
[42.520296, -83.043387]
[42.520296, -83.043387]
[42.520296, -83.043387]
[42.520296, -83.043387]
[42.520296, -83.043387]
[42.520295, -83.043387]
[42.520295, -83.043387]
[42.520295, -83.043387]
[42.520295, -83.043386]
[42.520295, -83.043386]
[42.520295, -83.043386]
[42.520295, -83.043386]
[42.520295, -83.043386]
[42.520294, -83.043386]
[42.520294, -83.043386]
[42.520294, -83.043386]
[42.520294, -83.043386]
[42.520294, -83.043386]
[42.520294, -83.043386]
[42.520294, -83.043386]
[42.520294, -83.043386]
[42.520294, -83.043386]
[42.520294, -83.043386]
[42.520294, -83.043386]
[42.520294, -83.043386]
[42.520294, -83.043386]
[42.520294, -83.043386]
[42.520294, -83.043386]
[42.520294, -83.043386]
[42.520293, -83.043386]
[42.520293, -83.043386]
[42.520293, -83.043386]
[42.520293, -83.043386]
[42.520293, -83.043386]
[42.520293, -83.043386]
[42.520293, -83.043386]
[42.520293, -83.043386]
[42.520293, -83.043386]
[42.520293, -83.043386]
[42.520293, -83.043386]
[42.520293, -83.043386]
[42.520293, -83.043386]
[42.520293, -83.043386]
[42.520293, -83.043386]
[42.520293, -83.043386]
[42.520293, -83.043386]
[42.520293, -83.043386]
[42.520293, -83.043386]
[42.520293, -83.043386]
[42.520293, -83.043386]
[42.520293, -83.043386]
[42.520293, -83.043386]
[42.520293, -83.043386]
[42.520293, -83.043386]
[42.520293, -83.043386]
[42.520294, -83.043386]
[42.520294, -83.043386]
[42.520294, -83.043386]
[42.520294, -83.043386]
[42.520294, -83.043386]
[42.520294, -83.043386]
[42.520294, -83.043386]
[42.520294, -83.043386]
[42.520294, -83.043386]
[42.520294, -83.043386]
[42.520294, -83.043386]
[42.520294, -83.043386]
[42.520294, -83.043386]
[42.520294, -83.043386]
[42.520294, -83.043386]
[42.520294, -83.043386]
[42.520294, -83.043386]
[42.520294, -83.043386]
[42.520294, -83.043386]
[42.520294, -83.043386]
[42.520294, -83.043386]
[42.520294, -83.043386]
[42.520294, -83.043386]
[42.520294, -83.043386]
[42.520294, -83.043386]
[42.520294, -83.043386]
[42.520294, -83.043386]
[42.520294, -83.043386]
[42.520294, -83.043386]
[42.520294, -83.043386]
[42.520294, -83.043386]
[42.520294, -83.043386]
[42.520294, -83.043386]
[42.520294, -83.043386]
[42.520294, -83.043386]
[42.520294, -83.043386]
[42.520294, -83.043386]
[42.520294, -83.043386]
[42.520294, -83.043386]
[42.520294, -83.043386]
[42.520294, -83.043386]
[42.520294, -83.043386]
[42.520294, -83.043386]
[42.520294, -83.043386]
[42.520294, -83.043386]
[42.520294, -83.043386]
[42.520294, -83.043386]
[42.520294, -83.043386]
[42.520294, -83.043386]
[42.520294, -83.043386]
[42.520294, -83.043386]
[42.520294, -83.043386]
[42.520294, -83.043386]
[42.520294, -83.043386]
[42.520294, -83.043386]
[42.520294, -83.043386]
[42.520294, -83.043386]
[42.520294, -83.043386]
[42.520294, -83.043386]
[42.520294, -83.043386]
[42.520294, -83.043386]
[42.520295, -83.043386]
[42.520295, -83.043386]
[42.520295, -83.043386]
[42.520295, -83.043386]
[42.520295, -83.043386]
[42.520295, -83.043386]
[42.520295, -83.043386]
[42.520295, -83.043386]
[42.520295, -83.043386]
[42.520295, -83.043387]
[42.520295, -83.043387]
[42.520295, -83.043387]
[42.520295, -83.043387]
[42.520295, -83.043387]
[42.520295, -83.043387]
[42.520295, -83.043387]
[42.520295, -83.043388]
[42.520295, -83.043388]
[42.520295, -83.043388]
[42.520295, -83.043388]
[42.520296, -83.043388]
[42.520296, -83.043388]
[42.520296, -83.043388]
[42.520296, -83.043388]
[42.520296, -83.043388]
[42.520296, -83.043388]
[42.520296, -83.043388]
[42.520296, -83.043388]
[42.520296, -83.043388]
[42.520296, -83.043388]
[42.520296, -83.043388]
[42.520296, -83.043388]
[42.520296, -83.043388]
[42.520296, -83.043388]
[42.520296, -83.043388]
[42.520296, -83.043388]
[42.520296, -83.043388]
[42.520296, -83.043388]
[42.520296, -83.043389]
[42.520296, -83.043389]
[42.520296, -83.043389]
[42.520296, -83.043389]
[42.520296, -83.043389]
[42.520296, -83.043389]
[42.520296, -83.043389]
[42.520296, -83.043389]
[42.520296, -83.043389]
[42.520296, -83.043389]
[42.520296, -83.043389]
[42.520296, -83.043389]
[42.520296, -83.043389]
[42.520296, -83.043389]
[42.520296, -83.043389]
[42.520296, -83.043389]
[42.520296, -83.043389]
[42.520296, -83.043389]
[42.520296, -83.043389]
[42.520296, -83.043389]
[42.520296, -83.043389]
[42.520296, -83.043389]
[42.520296, -83.043389]
[42.520296, -83.043389]
[42.520296, -83.043389]
[42.520296, -83.043389]
[42.520295, -83.043389]
[42.520295, -83.043389]
[42.520295, -83.043389]
[42.520295, -83.043389]
[42.520295, -83.043389]
[42.520295, -83.043389]
[42.520295, -83.043389]
[42.520295, -83.043389]
[42.520295, -83.043389]
[42.520295, -83.043389]
[42.520295, -83.043389]
[42.520295, -83.043389]
[42.520295, -83.043389]
[42.520295, -83.043389]
[42.520295, -83.043389]
[42.520295, -83.043389]
[42.520295, -83.043389]
[42.520295, -83.043389]
[42.520295, -83.043389]
[42.520294, -83.043389]
[42.520294, -83.043389]
[42.520294, -83.043389]
[42.520294, -83.043389]
[42.520294, -83.043389]
[42.520294, -83.043389]
[42.520294, -83.043389]
[42.520294, -83.043388]
[42.520294, -83.043388]
[42.520294, -83.043388]
[42.520294, -83.043388]
[42.520294, -83.043388]
[42.520294, -83.043388]
[42.520294, -83.043388]
[42.520294, -83.043388]
[42.520294, -83.043388]
[42.520294, -83.043388]
[42.520294, -83.043388]
[42.520294, -83.043387]
[42.520294, -83.043387]
[42.520294, -83.043387]
[42.520294, -83.043387]
[42.520294, -83.043387]
[42.520294, -83.043387]
[42.520294, -83.043387]
[42.520294, -83.043387]
[42.520294, -83.043387]
[42.520294, -83.043387]
[42.520294, -83.043387]
[42.520294, -83.043387]
[42.520294, -83.043387]
[42.520294, -83.043387]
[42.520294, -83.043387]
[42.520294, -83.043387]
[42.520294, -83.043387]
[42.520294, -83.043387]
[42.520294, -83.043387]
[42.520294, -83.043387]
[42.520294, -83.043387]
[42.520294, -83.043387]
[42.520294, -83.043388]
[42.520294, -83.043388]
[42.520294, -83.043388]
[42.520294, -83.043388]
[42.520294, -83.043388]
[42.520294, -83.043388]
[42.520294, -83.043388]
[42.520294, -83.043388]
[42.520294, -83.043388]
[42.520294, -83.043388]
[42.520294, -83.043388]
[42.520294, -83.043388]
[42.520295, -83.043388]
[42.520295, -83.043388]
[42.520295, -83.043388]
[42.520295, -83.043388]
[42.520295, -83.043388]
[42.520295, -83.043388]
[42.520295, -83.043388]
[42.520295, -83.043388]
[42.520295, -83.043388]
[42.520295, -83.043388]
[42.520295, -83.043388]
[42.520295, -83.043388]
[42.520295, -83.043388]
[42.520295, -83.043388]
[42.520295, -83.043388]
[42.520295, -83.043388]
[42.520295, -83.043388]
[42.520295, -83.043388]
[42.520295, -83.043388]
[42.520295, -83.043388]
[42.520295, -83.043388]
[42.520295, -83.043388]
[42.520295, -83.043388]
[42.520295, -83.043388]
[42.520295, -83.043388]
[42.520295, -83.043388]
[42.520296, -83.043388]
[42.520296, -83.043388]
[42.520296, -83.043388]
[42.520296, -83.043388]
[42.520296, -83.043388]
[42.520296, -83.043388]
[42.520296, -83.043388]
[42.520296, -83.043388]
[42.520296, -83.043388]
[42.520296, -83.043388]
[42.520296, -83.043388]
[42.520296, -83.043388]
[42.520296, -83.043388]
[42.520296, -83.043388]
[42.520296, -83.043388]
[42.520296, -83.043388]
[42.520296, -83.043388]
[42.520296, -83.043387]
[42.520296, -83.043387]
[42.520296, -83.043387]
[42.520296, -83.043387]
[42.520296, -83.043387]
[42.520296, -83.043387]
[42.520296, -83.043387]
[42.520296, -83.043387]
[42.520296, -83.043387]
[42.520296, -83.043387]
[42.520296, -83.043387]
[42.520296, -83.043387]
[42.520296, -83.043387]
[42.520296, -83.043387]
[42.520296, -83.043387]
[42.520296, -83.043387]
[42.520296, -83.043387]
[42.520297, -83.043387]
[42.520297, -83.043387]
[42.520297, -83.043387]
[42.520297, -83.043387]
[42.520297, -83.043386]
[42.520297, -83.043386]
[42.520297, -83.043386]
[42.520297, -83.043386]
[42.520297, -83.043386]
[42.520297, -83.043386]
[42.520297, -83.043386]
[42.520297, -83.043386]
[42.520297, -83.043386]
[42.520297, -83.043386]
[42.520297, -83.043386]
[42.520297, -83.043386]
[42.520297, -83.043386]
[42.520297, -83.043386]
[42.520297, -83.043386]
[42.520297, -83.043386]
[42.520297, -83.043386]
[42.520297, -83.043386]
[42.520297, -83.043386]
[42.520297, -83.043386]
[42.520297, -83.043386]
[42.520297, -83.043386]
[42.520297, -83.043386]
[42.520297, -83.043386]
[42.520296, -83.043386]
[42.520296, -83.043386]
[42.520296, -83.043386]
[42.520296, -83.043386]
[42.520296, -83.043386]
[42.520296, -83.043386]
[42.520296, -83.043386]
[42.520296, -83.043386]
[42.520296, -83.043386]
[42.520296, -83.043386]
[42.520296, -83.043386]
[42.520296, -83.043386]
[42.520296, -83.043386]
[42.520296, -83.043386]
[42.520296, -83.043386]
[42.520296, -83.043386]
[42.520296, -83.043386]
[42.520296, -83.043386]
[42.520296, -83.043386]
[42.520296, -83.043386]
[42.520296, -83.043386]
[42.520296, -83.043386]
[42.520296, -83.043386]
[42.520296, -83.043386]
[42.520296, -83.043386]
[42.520296, -83.043386]
[42.520296, -83.043386]
[42.520296, -83.043386]
[42.520296, -83.043386]
[42.520296, -83.043386]
[42.520296, -83.043386]
[42.520296, -83.043386]
[42.520296, -83.043386]
[42.520296, -83.043386]
[42.520296, -83.043386]
[42.520296, -83.043386]
[42.520296, -83.043386]
[42.520296, -83.043386]
[42.520296, -83.043386]
[42.520296, -83.043386]
[42.520296, -83.043386]
[42.520296, -83.043386]
[42.520295, -83.043386]
[42.520295, -83.043386]
[42.520295, -83.043386]
[42.520296, -83.043386]
[42.520295, -83.043386]
[42.520296, -83.043386]
[42.520296, -83.043386]
[42.520296, -83.043386]
[42.520296, -83.043386]
[42.520296, -83.043385]
[42.520296, -83.043385]
[42.520296, -83.043385]
[42.520296, -83.043385]
[42.520296, -83.043385]
[42.520296, -83.043385]
[42.520296, -83.043385]
[42.520296, -83.043385]
[42.520296, -83.043385]
[42.520296, -83.043385]
[42.520296, -83.043385]
[42.520295, -83.043385]
[42.520295, -83.043385]
[42.520295, -83.043385]
[42.520295, -83.043385]
[42.520295, -83.043384]
[42.520295, -83.043384]
[42.520295, -83.043384]
[42.520295, -83.043384]
[42.520295, -83.043384]
[42.520295, -83.043384]
[42.520295, -83.043384]
[42.520295, -83.043384]
[42.520296, -83.043384]
[42.520296, -83.043384]
[42.520296, -83.043383]
[42.520296, -83.043383]
[42.520296, -83.043383]
[42.520296, -83.043383]
[42.520296, -83.043383]
[42.520296, -83.043383]
[42.520296, -83.043383]
[42.520296, -83.043383]
[42.520296, -83.043383]
[42.520296, -83.043382]
[42.520296, -83.043382]
[42.520296, -83.043382]
[42.520296, -83.043382]
[42.520296, -83.043382]
[42.520296, -83.043382]
[42.520296, -83.043382]
[42.520296, -83.043382]
[42.520296, -83.043382]
[42.520296, -83.043382]
[42.520296, -83.043382]
[42.520296, -83.043382]
[42.520296, -83.043382]
[42.520296, -83.043382]
[42.520296, -83.043382]
[42.520296, -83.043382]
[42.520296, -83.043382]
[42.520296, -83.043382]
[42.520296, -83.043382]
[42.520296, -83.043382]
[42.520296, -83.043382]
[42.520296, -83.043382]
[42.520296, -83.043382]
[42.520296, -83.043382]
[42.520296, -83.043382]
[42.520296, -83.043381]
[42.520296, -83.043381]
[42.520296, -83.043381]
[42.520296, -83.043381]
[42.520296, -83.043381]
[42.520296, -83.043381]
[42.520296, -83.043381]
[42.520296, -83.043381]
[42.520296, -83.043381]
[42.520296, -83.043381]
[42.520296, -83.043381]
[42.520295, -83.043381]
[42.520295, -83.043381]
[42.520295, -83.043381]
[42.520295, -83.043381]
[42.520295, -83.043381]
[42.520295, -83.043381]
[42.520295, -83.043381]
[42.520295, -83.043381]
[42.520296, -83.043381]
[42.520296, -83.043380]
[42.520296, -83.043380]
[42.520296, -83.043380]
[42.520296, -83.043380]
[42.520296, -83.043380]
[42.520296, -83.043380]
[42.520296, -83.043380]
[42.520296, -83.043380]
[42.520296, -83.043380]
[42.520296, -83.043380]
[42.520295, -83.043380]
[42.520295, -83.043380]
[42.520295, -83.043380]
[42.520295, -83.043380]
[42.520295, -83.043380]
[42.520295, -83.043380]
[42.520295, -83.043380]
[42.520295, -83.043380]
[42.520296, -83.043380]
[42.520296, -83.043380]
[42.520296, -83.043380]
[42.520296, -83.043380]
[42.520296, -83.043380]
[42.520296, -83.043380]
[42.520296, -83.043380]
[42.520296, -83.043380]
[42.520296, -83.043380]
[42.520296, -83.043380]
[42.520296, -83.043380]
[42.520296, -83.043380]
[42.520296, -83.043380]
[42.520296, -83.043380]
[42.520296, -83.043380]
[42.520296, -83.043380]
[42.520296, -83.043380]
[42.520296, -83.043380]
[42.520296, -83.043380]
[42.520296, -83.043380]
[42.520296, -83.043380]
[42.520296, -83.043380]
[42.520296, -83.043380]
[42.520296, -83.043380]
[42.520296, -83.043380]
[42.520296, -83.043380]
[42.520296, -83.043380]
[42.520296, -83.043380]
[42.520296, -83.043380]
[42.520296, -83.043380]
[42.520296, -83.043380]
[42.520297, -83.043380]
[42.520297, -83.043380]
[42.520297, -83.043380]
[42.520297, -83.043380]
[42.520297, -83.043380]
[42.520297, -83.043380]
[42.520297, -83.043380]
[42.520297, -83.043381]
[42.520297, -83.043381]
[42.520297, -83.043381]
[42.520297, -83.043381]
[42.520297, -83.043381]
[42.520297, -83.043381]
[42.520297, -83.043381]
[42.520297, -83.043381]
[42.520297, -83.043381]
[42.520297, -83.043381]
[42.520297, -83.043381]
[42.520297, -83.043381]
[42.520297, -83.043381]
[42.520297, -83.043381]
[42.520297, -83.043381]
[42.520297, -83.043381]
[42.520297, -83.043381]
[42.520297, -83.043381]
[42.520297, -83.043381]
[42.520297, -83.043381]
[42.520297, -83.043381]
[42.520297, -83.043381]
[42.520297, -83.043382]
[42.520297, -83.043382]
[42.520297, -83.043382]
[42.520297, -83.043382]
[42.520297, -83.043382]
[42.520297, -83.043382]
[42.520297, -83.043382]
[42.520297, -83.043383]
[42.520297, -83.043383]
[42.520297, -83.043383]
[42.520297, -83.043383]
[42.520297, -83.043383]
[42.520297, -83.043383]
[42.520297, -83.043383]
[42.520297, -83.043383]
[42.520297, -83.043383]
[42.520297, -83.043383]
[42.520297, -83.043383]
[42.520297, -83.043383]
[42.520297, -83.043383]
[42.520297, -83.043383]
[42.520298, -83.043383]
[42.520298, -83.043383]
[42.520298, -83.043383]
[42.520298, -83.043383]
[42.520298, -83.043383]
[42.520298, -83.043383]
[42.520298, -83.043383]
[42.520298, -83.043384]
[42.520298, -83.043384]
[42.520297, -83.043384]
[42.520297, -83.043384]
[42.520297, -83.043384]
[42.520297, -83.043384]
[42.520297, -83.043384]
[42.520297, -83.043384]
[42.520297, -83.043384]
[42.520297, -83.043384]
[42.520297, -83.043384]
[42.520297, -83.043384]
[42.520297, -83.043384]
[42.520297, -83.043384]
[42.520297, -83.043384]
[42.520297, -83.043383]
[42.520297, -83.043383]
[42.520297, -83.043383]
[42.520297, -83.043383]
[42.520297, -83.043383]
[42.520297, -83.043383]
[42.520297, -83.043383]
[42.520297, -83.043384]
[42.520297, -83.043384]
[42.520297, -83.043384]
[42.520297, -83.043384]
[42.520297, -83.043384]
[42.520297, -83.043384]
[42.520297, -83.043384]
[42.520297, -83.043384]
[42.520297, -83.043384]
[42.520297, -83.043384]
[42.520297, -83.043384]
[42.520297, -83.043384]
[42.520297, -83.043384]
[42.520297, -83.043384]
[42.520297, -83.043384]
[42.520297, -83.043385]
[42.520297, -83.043385]
[42.520297, -83.043385]
[42.520297, -83.043385]
[42.520297, -83.043385]
[42.520297, -83.043385]
[42.520297, -83.043385]
[42.520297, -83.043386]
[42.520297, -83.043386]
[42.520297, -83.043386]
[42.520297, -83.043386]
[42.520297, -83.043386]
[42.520297, -83.043386]
[42.520297, -83.043386]
[42.520297, -83.043386]
[42.520297, -83.043386]
[42.520297, -83.043386]
[42.520297, -83.043386]
[42.520297, -83.043386]
[42.520297, -83.043386]
[42.520297, -83.043386]
[42.520297, -83.043386]
[42.520297, -83.043386]
[42.520297, -83.043387]
[42.520297, -83.043387]
[42.520297, -83.043387]
[42.520297, -83.043387]
[42.520297, -83.043387]
[42.520297, -83.043387]
[42.520297, -83.043387]
[42.520297, -83.043387]
[42.520297, -83.043387]
[42.520298, -83.043387]
[42.520298, -83.043387]
[42.520298, -83.043387]
[42.520298, -83.043387]
[42.520298, -83.043387]
[42.520298, -83.043388]
[42.520298, -83.043388]
[42.520298, -83.043388]
[42.520298, -83.043388]
[42.520298, -83.043388]
[42.520298, -83.043388]
[42.520298, -83.043388]
[42.520298, -83.043388]
[42.520298, -83.043388]
[42.520298, -83.043388]
[42.520298, -83.043388]
[42.520298, -83.043388]
[42.520298, -83.043388]
[42.520298, -83.043388]
[42.520298, -83.043388]
[42.520298, -83.043388]
[42.520298, -83.043388]
[42.520298, -83.043388]
[42.520298, -83.043388]
[42.520298, -83.043388]
[42.520298, -83.043388]
[42.520298, -83.043388]
[42.520298, -83.043387]
[42.520298, -83.043387]
[42.520298, -83.043387]
[42.520298, -83.043387]
[42.520298, -83.043387]
[42.520298, -83.043387]
[42.520298, -83.043387]
[42.520298, -83.043387]
[42.520298, -83.043387]
[42.520298, -83.043387]
[42.520298, -83.043387]
[42.520298, -83.043387]
[42.520298, -83.043387]
[42.520298, -83.043387]
[42.520298, -83.043387]
[42.520298, -83.043387]
[42.520298, -83.043387]
[42.520298, -83.043387]
[42.520298, -83.043386]
[42.520298, -83.043386]
[42.520298, -83.043386]
[42.520298, -83.043386]
[42.520298, -83.043386]
[42.520298, -83.043386]
[42.520298, -83.043386]
[42.520298, -83.043386]
[42.520298, -83.043387]
[42.520298, -83.043387]
[42.520298, -83.043387]
[42.520298, -83.043387]
[42.520298, -83.043387]
[42.520298, -83.043387]
[42.520298, -83.043387]
[42.520298, -83.043387]
[42.520298, -83.043387]
[42.520298, -83.043387]
[42.520298, -83.043387]
[42.520298, -83.043387]
[42.520298, -83.043387]
[42.520298, -83.043387]
[42.520298, -83.043387]
[42.520298, -83.043387]
[42.520298, -83.043387]
[42.520298, -83.043387]
[42.520298, -83.043387]
[42.520298, -83.043388]
[42.520298, -83.043388]
[42.520298, -83.043388]
[42.520298, -83.043388]
[42.520299, -83.043387]
[42.520299, -83.043387]
[42.520299, -83.043387]
[42.520299, -83.043387]
[42.520299, -83.043388]
[42.520299, -83.043388]
[42.520298, -83.043388]
[42.520298, -83.043388]
[42.520298, -83.043388]
[42.520298, -83.043388]
[42.520298, -83.043388]
[42.520298, -83.043388]
[42.520298, -83.043388]
[42.520298, -83.043388]
[42.520298, -83.043388]
[42.520298, -83.043388]
[42.520298, -83.043388]
[42.520298, -83.043388]
[42.520298, -83.043388]
[42.520298, -83.043388]
[42.520298, -83.043388]
[42.520298, -83.043388]
[42.520298, -83.043388]
[42.520298, -83.043388]
[42.520298, -83.043389]
[42.520298, -83.043389]
[42.520297, -83.043389]
[42.520297, -83.043389]
[42.520297, -83.043389]
[42.520297, -83.043389]
[42.520297, -83.043388]
[42.520298, -83.043388]
[42.520298, -83.043388]
[42.520298, -83.043388]
[42.520298, -83.043388]
[42.520298, -83.043388]
[42.520298, -83.043388]
[42.520298, -83.043388]
[42.520298, -83.043388]
[42.520298, -83.043388]
[42.520298, -83.043388]
[42.520298, -83.043388]
[42.520298, -83.043388]
[42.520298, -83.043388]
[42.520298, -83.043388]
[42.520298, -83.043388]
[42.520298, -83.043388]
[42.520298, -83.043388]
[42.520298, -83.043388]
[42.520298, -83.043388]
[42.520298, -83.043388]
[42.520298, -83.043388]
[42.520298, -83.043388]
[42.520298, -83.043388]
[42.520298, -83.043388]
[42.520298, -83.043388]
[42.520298, -83.043388]
[42.520298, -83.043388]
[42.520298, -83.043388]
[42.520298, -83.043388]
[42.520298, -83.043388]
[42.520298, -83.043388]
[42.520298, -83.043388]
[42.520298, -83.043388]
[42.520298, -83.043388]
[42.520298, -83.043388]
[42.520298, -83.043388]
[42.520298, -83.043388]
[42.520298, -83.043387]
[42.520298, -83.043387]
[42.520298, -83.043387]
[42.520298, -83.043387]
[42.520298, -83.043387]
[42.520298, -83.043387]
[42.520298, -83.043387]
[42.520298, -83.043387]
[42.520298, -83.043387]
[42.520298, -83.043387]
[42.520298, -83.043387]
[42.520298, -83.043387]
[42.520298, -83.043387]
[42.520298, -83.043387]
[42.520298, -83.043387]
[42.520298, -83.043387]
[42.520298, -83.043387]
[42.520298, -83.043387]
[42.520298, -83.043387]
[42.520298, -83.043388]
[42.520298, -83.043388]
[42.520298, -83.043388]
[42.520297, -83.043388]
[42.520297, -83.043388]
[42.520297, -83.043388]
[42.520297, -83.043388]
[42.520297, -83.043388]
[42.520297, -83.043388]
[42.520297, -83.043388]
[42.520297, -83.043388]
[42.520297, -83.043388]
[42.520297, -83.043388]
[42.520297, -83.043388]
[42.520297, -83.043388]
[42.520297, -83.043388]
[42.520297, -83.043388]
[42.520297, -83.043388]
[42.520297, -83.043388]
[42.520297, -83.043388]
[42.520297, -83.043388]
[42.520297, -83.043388]
[42.520297, -83.043388]
[42.520297, -83.043388]
[42.520297, -83.043388]
[42.520297, -83.043388]
[42.520297, -83.043388]
[42.520297, -83.043388]
[42.520297, -83.043388]
[42.520297, -83.043388]
[42.520297, -83.043388]
[42.520297, -83.043388]
[42.520297, -83.043388]
[42.520297, -83.043388]
[42.520297, -83.043388]
[42.520297, -83.043388]
[42.520297, -83.043388]
[42.520297, -83.043388]
[42.520297, -83.043389]
[42.520297, -83.043389]
[42.520297, -83.043389]
[42.520297, -83.043389]
[42.520297, -83.043389]
[42.520297, -83.043389]
[42.520297, -83.043389]
[42.520297, -83.043389]
[42.520297, -83.043389]
[42.520297, -83.043389]
[42.520297, -83.043389]
[42.520297, -83.043389]
[42.520297, -83.043389]
[42.520297, -83.043389]
[42.520297, -83.043389]
[42.520297, -83.043389]
[42.520297, -83.043389]
[42.520297, -83.043389]
[42.520297, -83.043389]
[42.520297, -83.043389]
[42.520297, -83.043388]
[42.520297, -83.043388]
[42.520297, -83.043388]
[42.520297, -83.043388]
[42.520297, -83.043388]
[42.520297, -83.043388]
[42.520297, -83.043388]
[42.520297, -83.043388]
[42.520297, -83.043388]
[42.520297, -83.043388]
[42.520297, -83.043387]
[42.520297, -83.043387]
[42.520297, -83.043387]
[42.520297, -83.043387]
[42.520297, -83.043387]
[42.520297, -83.043387]
[42.520297, -83.043387]
[42.520297, -83.043387]
[42.520297, -83.043387]
[42.520297, -83.043387]
[42.520297, -83.043387]
[42.520297, -83.043387]
[42.520297, -83.043387]
[42.520297, -83.043387]
[42.520297, -83.043387]
[42.520297, -83.043387]
[42.520297, -83.043387]
[42.520297, -83.043387]
[42.520297, -83.043387]
[42.520297, -83.043387]
[42.520297, -83.043387]
[42.520297, -83.043387]
[42.520297, -83.043387]
[42.520297, -83.043387]
[42.520297, -83.043388]
[42.520297, -83.043388]
[42.520297, -83.043388]
[42.520297, -83.043388]
[42.520297, -83.043388]
[42.520297, -83.043388]
[42.520297, -83.043388]
[42.520297, -83.043388]
[42.520297, -83.043388]
[42.520297, -83.043388]
[42.520297, -83.043388]
[42.520297, -83.043388]
[42.520297, -83.043388]
[42.520297, -83.043388]
[42.520297, -83.043388]
[42.520297, -83.043388]
[42.520297, -83.043388]
[42.520297, -83.043389]
[42.520297, -83.043389]
[42.520297, -83.043389]
[42.520297, -83.043389]
[42.520297, -83.043389]
[42.520297, -83.043389]
[42.520297, -83.043389]
[42.520297, -83.043389]
[42.520297, -83.043389]
[42.520297, -83.043389]
[42.520297, -83.043389]
[42.520297, -83.043389]
[42.520297, -83.043389]
[42.520297, -83.043389]
[42.520297, -83.043389]
[42.520297, -83.043389]
[42.520297, -83.043389]
[42.520297, -83.043389]
[42.520297, -83.043389]
[42.520297, -83.043389]
[42.520297, -83.043389]
[42.520297, -83.043389]
[42.520297, -83.043389]
[42.520297, -83.043389]
[42.520298, -83.043389]
[42.520298, -83.043389]
[42.520298, -83.043389]
[42.520298, -83.043389]
[42.520298, -83.043389]
[42.520298, -83.043389]
[42.520298, -83.043388]
[42.520298, -83.043388]
[42.520298, -83.043388]
[42.520298, -83.043388]
[42.520298, -83.043388]
[42.520298, -83.043388]
[42.520298, -83.043388]
[42.520298, -83.043388]
[42.520298, -83.043388]
[42.520298, -83.043388]
[42.520299, -83.043388]
[42.520299, -83.043388]
[42.520299, -83.043388]
[42.520299, -83.043388]
[42.520299, -83.043388]
[42.520299, -83.043388]
[42.520299, -83.043388]
[42.520299, -83.043388]
[42.520299, -83.043388]
[42.520299, -83.043388]
[42.520299, -83.043388]
[42.520299, -83.043388]
[42.520299, -83.043388]
[42.520299, -83.043388]
[42.520299, -83.043388]
[42.520299, -83.043387]
[42.520299, -83.043387]
[42.520299, -83.043387]
[42.520299, -83.043387]
[42.520299, -83.043387]
[42.520299, -83.043387]
[42.520299, -83.043387]
[42.520299, -83.043387]
[42.520299, -83.043387]
[42.520299, -83.043387]
[42.520299, -83.043387]
[42.520299, -83.043387]
[42.520299, -83.043387]
[42.520299, -83.043387]
[42.520299, -83.043387]
[42.520299, -83.043387]
[42.520299, -83.043387]
[42.520299, -83.043387]
[42.520299, -83.043387]
[42.520299, -83.043387]
[42.520299, -83.043387]
[42.520299, -83.043387]
[42.520299, -83.043387]
[42.520299, -83.043387]
[42.520299, -83.043387]
[42.520299, -83.043387]
[42.520299, -83.043387]
[42.520299, -83.043387]
[42.520299, -83.043387]
[42.520299, -83.043386]
[42.520299, -83.043386]
[42.520299, -83.043386]
[42.520299, -83.043386]
[42.520299, -83.043386]
[42.520299, -83.043386]
[42.520299, -83.043386]
[42.520299, -83.043386]
[42.520299, -83.043386]
[42.520300, -83.043386]
[42.520300, -83.043386]
[42.520300, -83.043386]
[42.520300, -83.043386]
[42.520300, -83.043386]
[42.520300, -83.043386]
[42.520300, -83.043386]
[42.520300, -83.043386]
[42.520300, -83.043386]
[42.520300, -83.043386]
[42.520300, -83.043386]
[42.520300, -83.043386]
[42.520300, -83.043386]
[42.520300, -83.043386]
[42.520300, -83.043386]
[42.520300, -83.043386]
[42.520300, -83.043386]
[42.520300, -83.043386]
[42.520300, -83.043386]
[42.520300, -83.043386]
[42.520300, -83.043386]
[42.520300, -83.043386]
[42.520300, -83.043386]
[42.520300, -83.043386]
[42.520300, -83.043386]
[42.520300, -83.043386]
[42.520300, -83.043386]
[42.520300, -83.043386]
[42.520300, -83.043387]
[42.520300, -83.043387]
[42.520300, -83.043387]
[42.520300, -83.043387]
[42.520300, -83.043387]
[42.520300, -83.043387]
[42.520300, -83.043387]
[42.520300, -83.043387]
[42.520300, -83.043387]
[42.520299, -83.043388]
[42.520299, -83.043388]
[42.520299, -83.043388]
[42.520299, -83.043388]
[42.520299, -83.043388]
[42.520299, -83.043388]
[42.520299, -83.043388]
[42.520299, -83.043388]
[42.520299, -83.043389]
[42.520299, -83.043389]
[42.520299, -83.043389]
[42.520299, -83.043389]
[42.520298, -83.043389]
[42.520298, -83.043389]
[42.520299, -83.043389]
[42.520299, -83.043389]
[42.520299, -83.043389]
[42.520299, -83.043389]
[42.520299, -83.043389]
[42.520299, -83.043389]
[42.520298, -83.043389]
[42.520298, -83.043389]
[42.520298, -83.043389]
[42.520298, -83.043389]
[42.520298, -83.043389]
[42.520298, -83.043389]
[42.520298, -83.043389]
[42.520298, -83.043389]
[42.520298, -83.043389]
[42.520298, -83.043389]
[42.520298, -83.043389]
[42.520298, -83.043389]
[42.520298, -83.043389]
[42.520298, -83.043389]
[42.520298, -83.043389]
[42.520298, -83.043389]
[42.520298, -83.043388]
[42.520298, -83.043388]
[42.520297, -83.043388]
[42.520297, -83.043388]
[42.520297, -83.043388]
[42.520297, -83.043388]
[42.520297, -83.043388]
[42.520297, -83.043388]
[42.520297, -83.043388]
[42.520297, -83.043388]
[42.520297, -83.043388]
[42.520296, -83.043388]
[42.520296, -83.043388]
[42.520296, -83.043388]
[42.520296, -83.043387]
[42.520296, -83.043387]
[42.520296, -83.043387]
[42.520296, -83.043387]
[42.520296, -83.043387]
[42.520296, -83.043387]
[42.520296, -83.043387]
[42.520296, -83.043387]
[42.520296, -83.043387]
[42.520296, -83.043387]
[42.520296, -83.043387]
[42.520296, -83.043387]
[42.520296, -83.043387]
[42.520296, -83.043387]
[42.520296, -83.043387]
[42.520296, -83.043387]
[42.520296, -83.043387]
[42.520296, -83.043387]
[42.520296, -83.043387]
[42.520296, -83.043387]
[42.520295, -83.043387]
[42.520294, -83.043387]
[42.520292, -83.043388]
[42.520291, -83.043389]
[42.520287, -83.043390]
[42.520283, -83.043391]
[42.520280, -83.043391]
[42.520278, -83.043391]
[42.520273, -83.043391]
[42.520268, -83.043391]
[42.520265, -83.043390]
[42.520260, -83.043389]
[42.520256, -83.043388]
[42.520191, -83.043573]
[42.520191, -83.043573]
[42.520191, -83.043573]
[42.520191, -83.043573]
[42.520191, -83.043573]
[42.520191, -83.043573]
[42.520191, -83.043573]
[42.520191, -83.043573]
[42.520191, -83.043573]
[42.520191, -83.043573]
[42.520191, -83.043573]
[42.520191, -83.043573]
[42.520191, -83.043573]
[42.520191, -83.043573]
[42.520192, -83.043573]
[42.520192, -83.043573]
[42.520192, -83.043573]
[42.520192, -83.043573]
[42.520192, -83.043573]
[42.520192, -83.043573]
[42.520192, -83.043573]
[42.520192, -83.043573]
[42.520192, -83.043573]
[42.520192, -83.043573]
[42.520192, -83.043573]
[42.520192, -83.043573]
[42.520192, -83.043572]
[42.520192, -83.043572]
[42.520192, -83.043572]
[42.520192, -83.043572]
[42.520192, -83.043572]
[42.520192, -83.043572]
[42.520192, -83.043572]
[42.520192, -83.043572]
[42.520192, -83.043572]
[42.520192, -83.043572]
[42.520192, -83.043572]
[42.520192, -83.043572]
[42.520192, -83.043572]
[42.520192, -83.043572]
[42.520192, -83.043572]
[42.520192, -83.043572]
[42.520191, -83.043572]
[42.520191, -83.043572]
[42.520191, -83.043572]
[42.520191, -83.043572]
[42.520191, -83.043572]
[42.520191, -83.043572]
[42.520191, -83.043572]
[42.520191, -83.043572]
[42.520191, -83.043572]
[42.520191, -83.043572]
[42.520191, -83.043572]
[42.520191, -83.043572]
[42.520191, -83.043572]
[42.520191, -83.043572]
[42.520191, -83.043572]
[42.520191, -83.043572]
[42.520191, -83.043572]
[42.520191, -83.043572]
[42.520191, -83.043572]
[42.520191, -83.043572]
[42.520191, -83.043572]
[42.520190, -83.043572]
[42.520190, -83.043572]
[42.520190, -83.043572]
[42.520190, -83.043572]
[42.520190, -83.043572]
[42.520190, -83.043572]
[42.520190, -83.043572]
[42.520190, -83.043572]
[42.520190, -83.043571]
[42.520190, -83.043571]
[42.520190, -83.043571]
[42.520190, -83.043571]
[42.520190, -83.043571]
[42.520190, -83.043571]
[42.520190, -83.043571]
[42.520190, -83.043571]
[42.520190, -83.043571]
[42.520190, -83.043571]
[42.520190, -83.043571]
[42.520190, -83.043571]
[42.520190, -83.043571]
[42.520190, -83.043571]
[42.520190, -83.043571]
[42.520190, -83.043571]
[42.520190, -83.043571]
[42.520190, -83.043571]
[42.520190, -83.043571]
[42.520190, -83.043571]
[42.520190, -83.043571]
[42.520189, -83.043571]
[42.520189, -83.043571]
[42.520189, -83.043571]
[42.520189, -83.043571]
[42.520189, -83.043571]
[42.520189, -83.043571]
[42.520189, -83.043571]
[42.520189, -83.043571]
[42.520189, -83.043571]
[42.520189, -83.043571]
[42.520189, -83.043571]
[42.520189, -83.043571]
[42.520189, -83.043571]
[42.520189, -83.043571]
[42.520189, -83.043571]
[42.520189, -83.043571]
[42.520189, -83.043571]
[42.520189, -83.043571]
[42.520189, -83.043571]
[42.520189, -83.043571]
[42.520189, -83.043571]
[42.520189, -83.043571]
[42.520189, -83.043571]
[42.520189, -83.043571]
[42.520189, -83.043571]
[42.520189, -83.043571]
[42.520189, -83.043571]
[42.520189, -83.043571]
[42.520189, -83.043571]
[42.520189, -83.043571]
[42.520189, -83.043571]
[42.520189, -83.043571]
[42.520189, -83.043571]
[42.520189, -83.043571]
[42.520189, -83.043571]
[42.520189, -83.043571]
[42.520189, -83.043571]
[42.520189, -83.043571]
[42.520189, -83.043571]
[42.520189, -83.043571]
[42.520189, -83.043571]
[42.520189, -83.043571]
[42.520189, -83.043571]
[42.520189, -83.043571]
[42.520189, -83.043571]
[42.520189, -83.043571]
[42.520189, -83.043571]
[42.520189, -83.043571]
[42.520189, -83.043571]
[42.520189, -83.043571]
[42.520189, -83.043571]
[42.520189, -83.043571]
[42.520189, -83.043571]
[42.520189, -83.043571]
[42.520189, -83.043571]
--start execution--
--stop execution--
[42.520171, -83.043395]
[42.520171, -83.043395]
[42.520171, -83.043395]
[42.520171, -83.043395]
[42.520171, -83.043395]
[42.520171, -83.043395]
[42.520171, -83.043395]
[42.520172, -83.043395]
[42.520172, -83.043395]
[42.520172, -83.043395]
[42.520173, -83.043396]
[42.520174, -83.043397]
[42.520175, -83.043397]
[42.520176, -83.043398]
[42.520176, -83.043399]
[42.520178, -83.043401]
[42.520179, -83.043402]
[42.520180, -83.043403]
[42.520180, -83.043403]
[42.520183, -83.043407]
[42.520184, -83.043408]
[42.520185, -83.043410]
[42.520186, -83.043411]
[42.520187, -83.043416]
[42.520187, -83.043416]
[42.520188, -83.043417]
[42.520188, -83.043417]
[42.520189, -83.043422]
[42.520190, -83.043424]
[42.520190, -83.043425]
[42.520190, -83.043427]
[42.520191, -83.043432]
[42.520191, -83.043432]
[42.520191, -83.043434]
[42.520191, -83.043434]
[42.520190, -83.043441]
[42.520190, -83.043441]
[42.520190, -83.043443]
[42.520190, -83.043443]
[42.520190, -83.043445]
[42.520190, -83.043445]
[42.520190, -83.043446]
[42.520190, -83.043447]
[42.520189, -83.043449]
[42.520189, -83.043449]
[42.520189, -83.043451]
[42.520189, -83.043451]
[42.520188, -83.043453]
[42.520188, -83.043453]
[42.520188, -83.043454]
[42.520188, -83.043454]
[42.520188, -83.043455]
[42.520188, -83.043455]
[42.520188, -83.043457]
[42.520188, -83.043457]
[42.520188, -83.043459]
[42.520188, -83.043460]
[42.520187, -83.043462]
[42.520187, -83.043462]
[42.520187, -83.043463]
[42.520187, -83.043463]
[42.520187, -83.043464]
[42.520187, -83.043464]
[42.520187, -83.043464]
[42.520187, -83.043464]
[42.520187, -83.043464]
[42.520187, -83.043464]
[42.520187, -83.043464]
[42.520187, -83.043464]
[42.520187, -83.043464]
[42.520187, -83.043464]
[42.520186, -83.043464]
[42.520186, -83.043464]
[42.520186, -83.043464]
[42.520186, -83.043464]
[42.520186, -83.043464]
[42.520186, -83.043464]
[42.520186, -83.043464]
[42.520186, -83.043464]
[42.520186, -83.043464]
[42.520186, -83.043464]
[42.520186, -83.043464]
[42.520186, -83.043464]
[42.520186, -83.043464]
[42.520186, -83.043464]
[42.520186, -83.043464]
[42.520186, -83.043464]
[42.520186, -83.043464]
[42.520185, -83.043464]
[42.520185, -83.043464]
[42.520185, -83.043464]
[42.520185, -83.043464]
[42.520185, -83.043464]
[42.520185, -83.043464]
[42.520185, -83.043464]
[42.520185, -83.043464]
[42.520185, -83.043464]
[42.520185, -83.043464]
[42.520185, -83.043464]
[42.520185, -83.043464]
[42.520185, -83.043464]
[42.520185, -83.043464]
[42.520185, -83.043464]
[42.520185, -83.043464]
[42.520185, -83.043464]
[42.520185, -83.043464]
[42.520185, -83.043464]
[42.520185, -83.043464]
[42.520185, -83.043464]
[42.520185, -83.043464]
[42.520184, -83.043464]
[42.520184, -83.043464]
[42.520184, -83.043465]
[42.520184, -83.043465]
[42.520184, -83.043465]
[42.520184, -83.043465]
[42.520184, -83.043465]
[42.520184, -83.043465]
[42.520184, -83.043465]
[42.520184, -83.043465]
[42.520184, -83.043465]
[42.520184, -83.043465]
[42.520184, -83.043465]
[42.520184, -83.043465]
[42.520184, -83.043465]
[42.520184, -83.043465]
[42.520184, -83.043465]
[42.520184, -83.043465]
[42.520184, -83.043465]
[42.520184, -83.043465]
[42.520184, -83.043465]
[42.520184, -83.043465]
[42.520184, -83.043465]
[42.520184, -83.043465]
[42.520184, -83.043465]
[42.520184, -83.043465]
[42.520184, -83.043465]
[42.520184, -83.043465]
[42.520184, -83.043465]
[42.520184, -83.043465]
[42.520184, -83.043465]
[42.520184, -83.043465]
[42.520184, -83.043465]
[42.520184, -83.043465]
[42.520184, -83.043465]
[42.520183, -83.043465]
[42.520183, -83.043465]
[42.520183, -83.043465]
[42.520183, -83.043465]
[42.520183, -83.043466]
[42.520183, -83.043466]
[42.520183, -83.043466]
[42.520183, -83.043466]
[42.520183, -83.043466]
[42.520183, -83.043466]
[42.520183, -83.043466]
[42.520183, -83.043466]
[42.520183, -83.043466]
[42.520183, -83.043466]
[42.520183, -83.043466]
[42.520183, -83.043466]
[42.520183, -83.043466]
[42.520182, -83.043466]
[42.520182, -83.043466]
[42.520182, -83.043466]
[42.520182, -83.043466]
[42.520182, -83.043466]
[42.520182, -83.043466]
[42.520182, -83.043466]
[42.520182, -83.043466]
[42.520182, -83.043466]
[42.520182, -83.043466]
[42.520182, -83.043466]
[42.520182, -83.043466]
[42.520182, -83.043466]
[42.520182, -83.043466]
[42.520182, -83.043466]
[42.520182, -83.043466]
[42.520182, -83.043466]
[42.520182, -83.043466]
[42.520182, -83.043466]
[42.520182, -83.043466]
[42.520181, -83.043466]
[42.520181, -83.043466]
[42.520181, -83.043466]
[42.520181, -83.043466]
[42.520181, -83.043466]
[42.520181, -83.043467]
[42.520181, -83.043467]
[42.520181, -83.043467]
[42.520181, -83.043467]
[42.520181, -83.043467]
[42.520181, -83.043467]
[42.520181, -83.043467]
[42.520181, -83.043466]
[42.520181, -83.043466]
[42.520181, -83.043466]
[42.520181, -83.043466]
[42.520181, -83.043466]
[42.520181, -83.043466]
[42.520181, -83.043466]
[42.520181, -83.043466]
[42.520181, -83.043466]
[42.520181, -83.043466]
[42.520181, -83.043466]
[42.520181, -83.043466]
[42.520181, -83.043466]
[42.520181, -83.043466]
[42.520181, -83.043466]
[42.520181, -83.043466]
[42.520181, -83.043466]
[42.520181, -83.043466]
[42.520181, -83.043466]
[42.520181, -83.043466]
[42.520181, -83.043466]
[42.520181, -83.043466]
[42.520181, -83.043466]
[42.520181, -83.043466]
[42.520181, -83.043466]
[42.520181, -83.043466]
[42.520181, -83.043466]
[42.520181, -83.043466]
[42.520181, -83.043466]
[42.520181, -83.043466]
[42.520181, -83.043466]
[42.520181, -83.043466]
[42.520181, -83.043466]
[42.520181, -83.043466]
[42.520181, -83.043466]
[42.520181, -83.043466]
[42.520181, -83.043466]
[42.520181, -83.043466]
[42.520181, -83.043466]
[42.520181, -83.043466]
[42.520181, -83.043466]
[42.520181, -83.043466]
[42.520181, -83.043466]
[42.520181, -83.043466]
[42.520181, -83.043466]
[42.520181, -83.043466]
[42.520181, -83.043466]
[42.520181, -83.043466]
[42.520181, -83.043466]
[42.520181, -83.043466]
[42.520181, -83.043466]
[42.520181, -83.043466]
[42.520181, -83.043466]
[42.520181, -83.043466]
[42.520181, -83.043466]
[42.520181, -83.043466]
[42.520181, -83.043466]
[42.520181, -83.043466]
[42.520181, -83.043466]
[42.520181, -83.043466]
[42.520181, -83.043466]
[42.520181, -83.043466]
[42.520181, -83.043466]
[42.520181, -83.043466]
[42.520181, -83.043466]
[42.520181, -83.043466]
[42.520181, -83.043466]
[42.520181, -83.043466]
[42.520181, -83.043466]
[42.520181, -83.043466]
[42.520181, -83.043466]
[42.520181, -83.043466]
[42.520181, -83.043466]
[42.520181, -83.043466]
[42.520181, -83.043466]
[42.520181, -83.043466]
[42.520181, -83.043466]
[42.520181, -83.043466]
[42.520181, -83.043467]
[42.520181, -83.043467]
[42.520181, -83.043467]
[42.520181, -83.043467]
[42.520181, -83.043467]
[42.520181, -83.043467]
[42.520181, -83.043467]
[42.520181, -83.043467]
[42.520181, -83.043467]
[42.520181, -83.043467]
[42.520181, -83.043467]
[42.520181, -83.043467]
[42.520181, -83.043467]
[42.520181, -83.043467]
[42.520181, -83.043467]
[42.520181, -83.043467]
[42.520181, -83.043467]
[42.520181, -83.043467]
[42.520181, -83.043467]
[42.520181, -83.043467]
[42.520181, -83.043467]
[42.520181, -83.043467]
[42.520181, -83.043467]
[42.520181, -83.043467]
[42.520181, -83.043467]
[42.520181, -83.043467]
[42.520181, -83.043467]
[42.520181, -83.043467]
[42.520181, -83.043467]
[42.520181, -83.043467]
[42.520181, -83.043467]
[42.520181, -83.043467]
[42.520181, -83.043467]
[42.520181, -83.043468]
[42.520181, -83.043468]
[42.520181, -83.043468]
[42.520181, -83.043468]
[42.520181, -83.043468]
[42.520181, -83.043468]
[42.520181, -83.043468]
[42.520181, -83.043468]
[42.520181, -83.043468]
[42.520181, -83.043468]
[42.520181, -83.043468]
[42.520181, -83.043468]
[42.520181, -83.043468]
[42.520181, -83.043468]
[42.520181, -83.043468]
[42.520181, -83.043468]
[42.520181, -83.043468]
[42.520181, -83.043468]
[42.520181, -83.043468]
[42.520181, -83.043468]
[42.520181, -83.043468]
[42.520181, -83.043468]
[42.520181, -83.043468]
[42.520181, -83.043468]
[42.520181, -83.043468]
[42.520181, -83.043468]
[42.520181, -83.043468]
[42.520181, -83.043468]
[42.520181, -83.043468]
[42.520181, -83.043468]
[42.520181, -83.043468]
[42.520181, -83.043468]
[42.520181, -83.043468]
[42.520181, -83.043468]
[42.520181, -83.043468]
[42.520181, -83.043468]
[42.520181, -83.043468]
[42.520181, -83.043468]
[42.520181, -83.043468]
[42.520181, -83.043468]
[42.520181, -83.043468]
[42.520181, -83.043468]
[42.520181, -83.043468]
[42.520181, -83.043468]
[42.520181, -83.043468]
[42.520181, -83.043468]
[42.520181, -83.043468]
[42.520181, -83.043468]
[42.520181, -83.043468]
[42.520181, -83.043468]
[42.520181, -83.043468]
[42.520181, -83.043468]
[42.520181, -83.043468]
[42.520181, -83.043468]
[42.520181, -83.043468]
[42.520181, -83.043468]
[42.520181, -83.043468]
[42.520180, -83.043468]
[42.520180, -83.043468]
[42.520180, -83.043468]
[42.520180, -83.043468]
[42.520180, -83.043468]
[42.520180, -83.043468]
[42.520180, -83.043468]
[42.520180, -83.043468]
[42.520180, -83.043468]
[42.520180, -83.043468]
[42.520180, -83.043468]
[42.520180, -83.043468]
[42.520180, -83.043468]
[42.520180, -83.043468]
[42.520180, -83.043468]
[42.520180, -83.043468]
[42.520180, -83.043468]
[42.520180, -83.043468]
[42.520180, -83.043468]
[42.520180, -83.043468]
[42.520180, -83.043468]
[42.520180, -83.043468]
[42.520180, -83.043468]
[42.520180, -83.043468]
[42.520180, -83.043468]
[42.520180, -83.043468]
[42.520180, -83.043468]
[42.520180, -83.043468]
[42.520180, -83.043468]
[42.520180, -83.043468]
[42.520180, -83.043468]
[42.520180, -83.043468]
[42.520180, -83.043468]
[42.520180, -83.043468]
[42.520180, -83.043468]
[42.520180, -83.043469]
[42.520180, -83.043469]
[42.520180, -83.043469]
[42.520180, -83.043469]
[42.520180, -83.043469]
[42.520180, -83.043469]
[42.520180, -83.043469]
[42.520180, -83.043469]
[42.520180, -83.043469]
[42.520180, -83.043469]
[42.520180, -83.043469]
[42.520180, -83.043469]
[42.520180, -83.043469]
[42.520180, -83.043469]
[42.520180, -83.043469]
[42.520180, -83.043469]
[42.520180, -83.043469]
[42.520180, -83.043469]
[42.520180, -83.043468]
[42.520180, -83.043468]
[42.520180, -83.043468]
[42.520180, -83.043468]
[42.520180, -83.043468]
[42.520180, -83.043468]
[42.520180, -83.043468]
[42.520180, -83.043468]
[42.520180, -83.043468]
[42.520180, -83.043468]
[42.520180, -83.043468]
[42.520180, -83.043468]
[42.520180, -83.043468]
[42.520180, -83.043468]
[42.520180, -83.043468]
[42.520180, -83.043468]
[42.520180, -83.043468]
[42.520180, -83.043468]
[42.520180, -83.043468]
[42.520180, -83.043468]
[42.520180, -83.043468]
[42.520180, -83.043468]
[42.520180, -83.043468]
[42.520180, -83.043468]
[42.520180, -83.043468]
[42.520180, -83.043468]
[42.520180, -83.043468]
[42.520180, -83.043468]
[42.520180, -83.043468]
[42.520180, -83.043468]
[42.520180, -83.043468]
[42.520180, -83.043468]
[42.520180, -83.043468]
[42.520180, -83.043468]
[42.520180, -83.043468]
[42.520180, -83.043468]
[42.520180, -83.043468]
[42.520180, -83.043468]
[42.520180, -83.043468]
[42.520180, -83.043467]
[42.520180, -83.043467]
[42.520180, -83.043467]
[42.520180, -83.043467]
[42.520180, -83.043467]
[42.520179, -83.043467]
[42.520179, -83.043467]
[42.520179, -83.043467]
[42.520179, -83.043467]
[42.520179, -83.043467]
[42.520179, -83.043467]
[42.520179, -83.043467]
[42.520179, -83.043467]
[42.520179, -83.043467]
[42.520179, -83.043467]
[42.520179, -83.043467]
[42.520179, -83.043467]
[42.520179, -83.043467]
[42.520179, -83.043467]
[42.520179, -83.043467]
[42.520179, -83.043467]
[42.520179, -83.043467]
[42.520179, -83.043467]
[42.520179, -83.043467]
[42.520179, -83.043467]
[42.520179, -83.043467]
[42.520179, -83.043467]
[42.520179, -83.043467]
[42.520179, -83.043467]
[42.520179, -83.043467]
[42.520179, -83.043467]
[42.520179, -83.043467]
[42.520179, -83.043467]
[42.520179, -83.043467]
[42.520179, -83.043467]
[42.520179, -83.043467]
[42.520179, -83.043467]
[42.520179, -83.043467]
[42.520179, -83.043467]
[42.520179, -83.043467]
[42.520179, -83.043467]
[42.520179, -83.043467]
[42.520179, -83.043467]
[42.520179, -83.043467]
[42.520179, -83.043467]
[42.520179, -83.043467]
[42.520179, -83.043467]
[42.520179, -83.043467]
[42.520179, -83.043467]
[42.520179, -83.043467]
[42.520179, -83.043467]
[42.520179, -83.043467]
[42.520179, -83.043467]
[42.520179, -83.043467]
[42.520179, -83.043467]
[42.520179, -83.043467]
[42.520179, -83.043467]
[42.520179, -83.043467]
[42.520179, -83.043467]
[42.520179, -83.043467]
[42.520179, -83.043467]
[42.520179, -83.043467]
[42.520179, -83.043467]
[42.520179, -83.043467]
[42.520179, -83.043467]
[42.520179, -83.043467]
[42.520179, -83.043467]
[42.520179, -83.043467]
[42.520179, -83.043467]
[42.520179, -83.043467]
[42.520179, -83.043467]
[42.520179, -83.043467]
[42.520179, -83.043467]
[42.520179, -83.043467]
[42.520179, -83.043467]
[42.520179, -83.043467]
[42.520179, -83.043467]
[42.520179, -83.043467]
[42.520179, -83.043467]
[42.520179, -83.043467]
[42.520179, -83.043467]
[42.520179, -83.043467]
[42.520179, -83.043467]
[42.520179, -83.043467]
[42.520179, -83.043467]
[42.520179, -83.043467]
[42.520179, -83.043467]
[42.520179, -83.043468]
[42.520179, -83.043468]
[42.520179, -83.043468]
[42.520179, -83.043468]
[42.520179, -83.043468]
[42.520179, -83.043468]
[42.520179, -83.043468]
[42.520179, -83.043468]
[42.520179, -83.043468]
[42.520179, -83.043468]
[42.520179, -83.043468]
[42.520179, -83.043468]
[42.520179, -83.043468]
[42.520179, -83.043468]
[42.520179, -83.043468]
[42.520179, -83.043468]
[42.520179, -83.043468]
[42.520179, -83.043468]
[42.520178, -83.043468]
[42.520178, -83.043468]
[42.520178, -83.043468]
[42.520178, -83.043468]
[42.520178, -83.043468]
[42.520178, -83.043468]
[42.520178, -83.043468]
[42.520178, -83.043468]
[42.520178, -83.043468]
[42.520178, -83.043468]
[42.520178, -83.043468]
[42.520178, -83.043468]
[42.520178, -83.043468]
[42.520178, -83.043468]
[42.520178, -83.043468]
[42.520178, -83.043468]
[42.520178, -83.043468]
[42.520178, -83.043468]
[42.520178, -83.043468]
[42.520178, -83.043468]
[42.520178, -83.043468]
[42.520178, -83.043468]
[42.520178, -83.043468]
[42.520178, -83.043468]
[42.520178, -83.043468]
[42.520178, -83.043468]
[42.520178, -83.043468]
[42.520178, -83.043468]
[42.520178, -83.043468]
[42.520178, -83.043468]
[42.520178, -83.043468]
[42.520178, -83.043468]
[42.520178, -83.043468]
[42.520178, -83.043468]
[42.520178, -83.043468]
[42.520178, -83.043468]
[42.520178, -83.043468]
[42.520178, -83.043468]
[42.520178, -83.043468]
[42.520178, -83.043468]
[42.520178, -83.043468]
[42.520178, -83.043468]
[42.520178, -83.043468]
[42.520178, -83.043468]
[42.520178, -83.043468]
[42.520178, -83.043468]
[42.520178, -83.043468]
[42.520178, -83.043468]
[42.520178, -83.043468]
[42.520178, -83.043468]
[42.520178, -83.043468]
[42.520178, -83.043468]
[42.520178, -83.043468]
[42.520178, -83.043468]
[42.520179, -83.043468]
[42.520179, -83.043468]
[42.520179, -83.043468]
[42.520179, -83.043468]
[42.520179, -83.043468]
[42.520179, -83.043468]
[42.520179, -83.043468]
[42.520179, -83.043468]
[42.520179, -83.043468]
[42.520179, -83.043468]
[42.520179, -83.043468]
[42.520179, -83.043468]
[42.520179, -83.043468]
[42.520179, -83.043468]
[42.520179, -83.043468]
[42.520179, -83.043468]
[42.520179, -83.043468]
[42.520179, -83.043468]
[42.520179, -83.043468]
[42.520179, -83.043468]
[42.520179, -83.043468]
[42.520179, -83.043468]
[42.520179, -83.043468]
[42.520179, -83.043468]
[42.520179, -83.043468]
[42.520179, -83.043468]
[42.520179, -83.043468]
[42.520179, -83.043468]
[42.520179, -83.043468]
[42.520179, -83.043468]
[42.520179, -83.043468]
[42.520179, -83.043468]
[42.520179, -83.043468]
[42.520179, -83.043468]
[42.520179, -83.043468]
[42.520179, -83.043468]
[42.520179, -83.043468]
[42.520179, -83.043468]
[42.520179, -83.043468]
[42.520179, -83.043468]
[42.520180, -83.043468]
[42.520180, -83.043468]
[42.520180, -83.043467]
[42.520180, -83.043467]
[42.520180, -83.043467]
[42.520180, -83.043467]
[42.520180, -83.043467]
[42.520180, -83.043467]
[42.520180, -83.043467]
[42.520180, -83.043467]
[42.520180, -83.043467]
[42.520180, -83.043467]
[42.520180, -83.043467]
[42.520180, -83.043467]
[42.520180, -83.043467]
[42.520180, -83.043467]
[42.520180, -83.043467]
[42.520180, -83.043467]
[42.520180, -83.043467]
[42.520180, -83.043467]
[42.520180, -83.043467]
[42.520180, -83.043467]
[42.520180, -83.043467]
[42.520180, -83.043467]
[42.520180, -83.043467]
[42.520180, -83.043467]
[42.520180, -83.043467]
[42.520180, -83.043467]
[42.520180, -83.043467]
[42.520180, -83.043467]
[42.520180, -83.043467]
[42.520180, -83.043467]
[42.520180, -83.043467]
[42.520180, -83.043467]
[42.520180, -83.043467]
[42.520180, -83.043467]
[42.520180, -83.043466]
[42.520180, -83.043466]
[42.520180, -83.043466]
[42.520180, -83.043466]
[42.520180, -83.043466]
[42.520180, -83.043466]
[42.520180, -83.043466]
[42.520180, -83.043466]
[42.520180, -83.043466]
[42.520180, -83.043466]
[42.520180, -83.043466]
[42.520180, -83.043466]
[42.520180, -83.043466]
[42.520181, -83.043466]
[42.520181, -83.043466]
[42.520181, -83.043466]
[42.520181, -83.043466]
[42.520181, -83.043466]
[42.520181, -83.043466]
[42.520181, -83.043466]
[42.520181, -83.043466]
[42.520181, -83.043466]
[42.520181, -83.043466]
[42.520181, -83.043466]
[42.520181, -83.043466]
[42.520181, -83.043466]
[42.520181, -83.043466]
[42.520181, -83.043466]
[42.520181, -83.043466]
[42.520181, -83.043466]
[42.520181, -83.043466]
[42.520181, -83.043466]
[42.520181, -83.043466]
[42.520181, -83.043466]
[42.520181, -83.043466]
[42.520181, -83.043466]
[42.520181, -83.043466]
[42.520181, -83.043466]
[42.520181, -83.043466]
[42.520181, -83.043466]
[42.520181, -83.043466]
[42.520181, -83.043466]
[42.520181, -83.043466]
[42.520181, -83.043466]
[42.520181, -83.043466]
[42.520181, -83.043466]
[42.520181, -83.043466]
[42.520181, -83.043466]
[42.520181, -83.043466]
[42.520181, -83.043466]
[42.520181, -83.043466]
[42.520181, -83.043466]
[42.520181, -83.043466]
[42.520181, -83.043466]
[42.520181, -83.043466]
[42.520181, -83.043466]
[42.520181, -83.043466]
[42.520181, -83.043466]
[42.520181, -83.043466]
[42.520181, -83.043466]
[42.520181, -83.043466]
[42.520181, -83.043466]
[42.520181, -83.043466]
[42.520180, -83.043466]
[42.520180, -83.043466]
[42.520180, -83.043466]
[42.520180, -83.043466]
[42.520180, -83.043466]
[42.520180, -83.043466]
[42.520180, -83.043465]
[42.520180, -83.043465]
[42.520180, -83.043465]
[42.520180, -83.043465]
[42.520180, -83.043465]
[42.520180, -83.043465]
[42.520180, -83.043465]
[42.520180, -83.043465]
[42.520180, -83.043465]
[42.520180, -83.043465]
[42.520180, -83.043465]
[42.520180, -83.043465]
[42.520180, -83.043465]
[42.520180, -83.043465]
[42.520180, -83.043465]
[42.520180, -83.043465]
[42.520180, -83.043465]
[42.520180, -83.043465]
[42.520180, -83.043465]
[42.520180, -83.043465]
[42.520180, -83.043465]
[42.520180, -83.043465]
[42.520180, -83.043465]
[42.520180, -83.043465]
[42.520180, -83.043465]
[42.520180, -83.043465]
[42.520180, -83.043465]
[42.520180, -83.043465]
[42.520180, -83.043465]
[42.520180, -83.043465]
[42.520180, -83.043465]
[42.520180, -83.043465]
[42.520180, -83.043465]
[42.520180, -83.043465]
[42.520180, -83.043465]
[42.520180, -83.043465]
[42.520180, -83.043465]
[42.520180, -83.043465]
[42.520180, -83.043465]
[42.520180, -83.043465]
[42.520180, -83.043465]
[42.520180, -83.043464]
[42.520180, -83.043465]
[42.520180, -83.043465]
[42.520180, -83.043465]
[42.520180, -83.043465]
[42.520180, -83.043465]
[42.520180, -83.043465]
[42.520180, -83.043465]
[42.520180, -83.043465]
[42.520180, -83.043465]
[42.520180, -83.043465]
[42.520180, -83.043465]
[42.520180, -83.043465]
[42.520180, -83.043465]
[42.520180, -83.043465]
[42.520180, -83.043465]
[42.520180, -83.043465]
[42.520180, -83.043465]
[42.520180, -83.043465]
[42.520180, -83.043464]
[42.520180, -83.043464]
[42.520180, -83.043464]
[42.520180, -83.043464]
[42.520180, -83.043464]
[42.520180, -83.043464]
[42.520180, -83.043464]
[42.520180, -83.043464]
[42.520180, -83.043464]
[42.520180, -83.043464]
[42.520180, -83.043464]
[42.520180, -83.043464]
[42.520180, -83.043464]
[42.520180, -83.043464]
[42.520180, -83.043464]
[42.520180, -83.043464]
[42.520180, -83.043464]
[42.520180, -83.043464]
[42.520180, -83.043464]
[42.520180, -83.043464]
[42.520180, -83.043464]
[42.520180, -83.043465]
[42.520180, -83.043465]
[42.520180, -83.043465]
[42.520180, -83.043465]
[42.520180, -83.043465]
[42.520180, -83.043465]
[42.520180, -83.043465]
[42.520180, -83.043465]
[42.520180, -83.043465]
[42.520180, -83.043465]
[42.520180, -83.043465]
[42.520180, -83.043465]
[42.520180, -83.043465]
[42.520180, -83.043465]
[42.520180, -83.043465]
[42.520180, -83.043465]
[42.520180, -83.043465]
[42.520180, -83.043465]
[42.520180, -83.043464]
[42.520180, -83.043464]
[42.520180, -83.043464]
[42.520180, -83.043465]
[42.520180, -83.043465]
[42.520180, -83.043465]
[42.520180, -83.043465]
[42.520180, -83.043465]
[42.520180, -83.043465]
[42.520180, -83.043465]
[42.520180, -83.043465]
[42.520180, -83.043465]
[42.520180, -83.043465]
[42.520181, -83.043465]
[42.520181, -83.043465]
[42.520181, -83.043465]
[42.520181, -83.043465]
[42.520181, -83.043465]
[42.520181, -83.043465]
[42.520181, -83.043465]
[42.520181, -83.043465]
[42.520181, -83.043465]
[42.520181, -83.043465]
[42.520181, -83.043465]
[42.520181, -83.043465]
[42.520181, -83.043465]
[42.520181, -83.043465]
[42.520181, -83.043465]
[42.520181, -83.043465]
[42.520181, -83.043465]
[42.520181, -83.043465]
[42.520181, -83.043465]
[42.520181, -83.043465]
[42.520181, -83.043465]
[42.520181, -83.043465]
[42.520181, -83.043465]
[42.520181, -83.043465]
[42.520181, -83.043465]
[42.520180, -83.043465]
[42.520180, -83.043465]
[42.520180, -83.043465]
[42.520180, -83.043465]
[42.520180, -83.043465]
[42.520180, -83.043465]
[42.520180, -83.043465]
[42.520180, -83.043465]
[42.520180, -83.043465]
[42.520180, -83.043465]
[42.520180, -83.043465]
[42.520180, -83.043465]
[42.520180, -83.043465]
[42.520180, -83.043465]
[42.520180, -83.043465]
[42.520180, -83.043465]
[42.520180, -83.043465]
[42.520180, -83.043465]
[42.520180, -83.043465]
[42.520180, -83.043465]
[42.520180, -83.043465]
[42.520180, -83.043465]
[42.520180, -83.043465]
[42.520180, -83.043465]
[42.520180, -83.043465]
[42.520180, -83.043465]
[42.520180, -83.043465]
[42.520180, -83.043465]
[42.520180, -83.043465]
[42.520180, -83.043465]
[42.520180, -83.043465]
[42.520180, -83.043465]
[42.520180, -83.043465]
[42.520180, -83.043465]
[42.520180, -83.043465]
[42.520180, -83.043465]
[42.520180, -83.043465]
[42.520180, -83.043465]
[42.520180, -83.043465]
[42.520180, -83.043465]
[42.520180, -83.043465]
[42.520180, -83.043465]
[42.520180, -83.043465]
[42.520180, -83.043465]
[42.520181, -83.043465]
[42.520181, -83.043465]
[42.520181, -83.043465]
[42.520181, -83.043465]
[42.520181, -83.043465]
[42.520181, -83.043465]
[42.520181, -83.043466]
[42.520181, -83.043466]
[42.520181, -83.043466]
[42.520181, -83.043466]
[42.520181, -83.043466]
[42.520181, -83.043466]
[42.520181, -83.043466]
[42.520181, -83.043466]
[42.520181, -83.043466]
[42.520181, -83.043466]
[42.520181, -83.043466]
[42.520181, -83.043466]
[42.520181, -83.043466]
[42.520181, -83.043466]
[42.520181, -83.043466]
[42.520181, -83.043466]
[42.520181, -83.043466]
[42.520181, -83.043466]
[42.520181, -83.043466]
[42.520181, -83.043466]
[42.520181, -83.043466]
[42.520181, -83.043466]
[42.520181, -83.043466]
[42.520181, -83.043466]
[42.520181, -83.043466]
[42.520181, -83.043466]
[42.520181, -83.043466]
[42.520180, -83.043466]
[42.520180, -83.043466]
[42.520180, -83.043466]
[42.520180, -83.043466]
[42.520180, -83.043466]
[42.520180, -83.043466]
[42.520180, -83.043466]
[42.520180, -83.043466]
[42.520180, -83.043466]
[42.520180, -83.043466]
[42.520180, -83.043466]
[42.520180, -83.043466]
[42.520180, -83.043466]
[42.520180, -83.043466]
[42.520180, -83.043466]
[42.520180, -83.043466]
[42.520180, -83.043466]
[42.520180, -83.043466]
[42.520180, -83.043465]
[42.520180, -83.043465]
[42.520180, -83.043465]
[42.520180, -83.043465]
[42.520180, -83.043466]
[42.520179, -83.043466]
[42.520179, -83.043466]
[42.520179, -83.043466]
[42.520179, -83.043466]
[42.520179, -83.043466]
[42.520179, -83.043466]
[42.520179, -83.043466]
[42.520179, -83.043466]
[42.520179, -83.043466]
[42.520179, -83.043466]
[42.520179, -83.043466]
[42.520180, -83.043466]
[42.520180, -83.043466]
[42.520180, -83.043466]
[42.520180, -83.043466]
[42.520180, -83.043466]
[42.520180, -83.043466]
[42.520180, -83.043466]
[42.520180, -83.043466]
[42.520179, -83.043466]
[42.520179, -83.043466]
[42.520179, -83.043466]
[42.520179, -83.043466]
[42.520179, -83.043466]
[42.520179, -83.043466]
[42.520179, -83.043466]
[42.520179, -83.043466]
[42.520179, -83.043466]
[42.520179, -83.043466]
[42.520179, -83.043466]
[42.520179, -83.043466]
[42.520179, -83.043466]
[42.520179, -83.043466]
[42.520179, -83.043466]
[42.520179, -83.043466]
[42.520179, -83.043466]
[42.520179, -83.043466]
[42.520179, -83.043466]
[42.520179, -83.043467]
[42.520179, -83.043467]
[42.520179, -83.043467]
[42.520179, -83.043467]
[42.520179, -83.043467]
[42.520179, -83.043467]
[42.520179, -83.043467]
[42.520179, -83.043467]
[42.520180, -83.043467]
[42.520180, -83.043467]
[42.520180, -83.043467]
[42.520180, -83.043467]
[42.520180, -83.043467]
[42.520180, -83.043467]
[42.520180, -83.043467]
[42.520180, -83.043467]
[42.520180, -83.043467]
[42.520180, -83.043467]
[42.520180, -83.043467]
[42.520180, -83.043467]
[42.520180, -83.043467]
[42.520180, -83.043467]
[42.520180, -83.043467]
[42.520180, -83.043467]
[42.520180, -83.043467]
[42.520180, -83.043467]
[42.520180, -83.043467]
[42.520180, -83.043467]
[42.520180, -83.043467]
[42.520180, -83.043467]
[42.520180, -83.043467]
[42.520180, -83.043467]
[42.520180, -83.043467]
[42.520180, -83.043467]
[42.520180, -83.043467]
[42.520180, -83.043467]
[42.520180, -83.043467]
[42.520180, -83.043467]
[42.520180, -83.043467]
[42.520180, -83.043467]
[42.520180, -83.043467]
[42.520181, -83.043467]
[42.520181, -83.043467]
[42.520181, -83.043467]
[42.520181, -83.043467]
[42.520181, -83.043467]
[42.520181, -83.043467]
[42.520181, -83.043467]
[42.520181, -83.043468]
[42.520181, -83.043468]
[42.520181, -83.043468]
[42.520181, -83.043468]
[42.520181, -83.043468]
[42.520181, -83.043468]
[42.520181, -83.043468]
[42.520181, -83.043468]
[42.520181, -83.043468]
[42.520181, -83.043468]
[42.520181, -83.043468]
[42.520181, -83.043468]
[42.520181, -83.043468]
[42.520181, -83.043468]
[42.520181, -83.043468]
[42.520181, -83.043468]
[42.520181, -83.043468]
[42.520181, -83.043468]
[42.520181, -83.043468]
[42.520181, -83.043468]
[42.520181, -83.043468]
[42.520181, -83.043468]
[42.520181, -83.043468]
[42.520181, -83.043468]
[42.520181, -83.043468]
[42.520181, -83.043468]
[42.520181, -83.043468]
[42.520181, -83.043468]
[42.520181, -83.043468]
[42.520181, -83.043468]
[42.520180, -83.043468]
[42.520180, -83.043468]
[42.520180, -83.043468]
[42.520180, -83.043468]
[42.520180, -83.043467]
[42.520180, -83.043467]
[42.520180, -83.043467]
[42.520180, -83.043467]
[42.520180, -83.043467]
[42.520180, -83.043467]
[42.520180, -83.043467]
[42.520180, -83.043467]
[42.520180, -83.043467]
[42.520180, -83.043467]
[42.520180, -83.043467]
[42.520180, -83.043467]
[42.520180, -83.043467]
[42.520180, -83.043467]
[42.520179, -83.043467]
[42.520179, -83.043467]
[42.520179, -83.043467]
[42.520179, -83.043467]
[42.520179, -83.043467]
[42.520179, -83.043467]
[42.520179, -83.043467]
[42.520179, -83.043467]
[42.520179, -83.043467]
[42.520179, -83.043466]
[42.520179, -83.043466]
[42.520179, -83.043466]
[42.520179, -83.043466]
[42.520179, -83.043466]
[42.520179, -83.043466]
[42.520179, -83.043466]
[42.520179, -83.043466]
[42.520179, -83.043466]
[42.520179, -83.043466]
[42.520179, -83.043466]
[42.520179, -83.043466]
[42.520179, -83.043466]
[42.520179, -83.043466]
[42.520179, -83.043466]
[42.520179, -83.043466]
[42.520179, -83.043466]
[42.520179, -83.043466]
[42.520179, -83.043466]
[42.520179, -83.043466]
[42.520179, -83.043466]
[42.520179, -83.043466]
[42.520179, -83.043466]
[42.520179, -83.043466]
[42.520179, -83.043466]
[42.520179, -83.043466]
[42.520179, -83.043466]
[42.520179, -83.043466]
[42.520179, -83.043466]
[42.520179, -83.043466]
[42.520178, -83.043466]
[42.520178, -83.043466]
[42.520178, -83.043466]
[42.520178, -83.043466]
[42.520178, -83.043466]
[42.520178, -83.043466]
[42.520178, -83.043466]
[42.520178, -83.043465]
[42.520178, -83.043465]
[42.520178, -83.043465]
[42.520178, -83.043465]
[42.520178, -83.043465]
[42.520178, -83.043467]
[42.520178, -83.043469]
[42.520178, -83.043470]
[42.520178, -83.043474]
[42.520179, -83.043479]
[42.520179, -83.043479]
[42.520181, -83.043488]
[42.520183, -83.043496]
[42.520184, -83.043499]
[42.520188, -83.043508]
[42.520193, -83.043520]
[42.520193, -83.043520]
[42.520196, -83.043529]
[42.520198, -83.043538]
[42.520199, -83.043542]
[42.520200, -83.043551]
[42.520200, -83.043566]
[42.520200, -83.043566]
[42.520199, -83.043576]
[42.520195, -83.043590]
[42.520195, -83.043590]
[42.520191, -83.043599]
[42.520182, -83.043610]
[42.520182, -83.043610]
[42.520176, -83.043615]
[42.520170, -83.043618]
[42.520166, -83.043619]
[42.520160, -83.043620]
[42.520151, -83.043619]
[42.520151, -83.043619]
[42.520141, -83.043615]
[42.520139, -83.043615]
[42.520139, -83.043615]
[42.520137, -83.043614]
[42.520137, -83.043613]
[42.520136, -83.043613]
[42.520137, -83.043613]
[42.520139, -83.043613]
[42.520140, -83.043613]
[42.520141, -83.043613]
[42.520144, -83.043613]
[42.520148, -83.043612]
[42.520152, -83.043612]
[42.520160, -83.043611]
[42.520160, -83.043611]
[42.520167, -83.043612]
[42.520171, -83.043612]
[42.520171, -83.043612]
[42.520173, -83.043613]
[42.520175, -83.043614]
[42.520176, -83.043614]
[42.520178, -83.043615]
[42.520179, -83.043616]
[42.520181, -83.043617]
[42.520181, -83.043618]
[42.520182, -83.043618]
[42.520182, -83.043618]
[42.520181, -83.043617]
[42.520180, -83.043616]
[42.520179, -83.043615]
[42.520179, -83.043613]
[42.520176, -83.043607]
[42.520175, -83.043604]
[42.520174, -83.043601]
[42.520171, -83.043590]
[42.520171, -83.043586]
[42.520171, -83.043582]
[42.520170, -83.043571]
[42.520171, -83.043567]
[42.520171, -83.043563]
[42.520172, -83.043550]
[42.520172, -83.043550]
[42.520173, -83.043542]
[42.520174, -83.043537]
[42.520174, -83.043537]
[42.520174, -83.043534]
[42.520174, -83.043534]
[42.520174, -83.043534]
[42.520174, -83.043534]
[42.520174, -83.043534]
[42.520174, -83.043534]
[42.520174, -83.043534]
[42.520174, -83.043534]
[42.520174, -83.043534]
[42.520174, -83.043534]
[42.520174, -83.043534]
[42.520174, -83.043534]
[42.520174, -83.043534]
[42.520174, -83.043535]
[42.520174, -83.043535]
[42.520174, -83.043535]
[42.520175, -83.043535]
[42.520174, -83.043535]
[42.520174, -83.043535]
[42.520175, -83.043535]
[42.520175, -83.043535]
[42.520175, -83.043535]
[42.520175, -83.043535]
[42.520175, -83.043535]
[42.520175, -83.043535]
[42.520175, -83.043535]
[42.520175, -83.043535]
[42.520175, -83.043535]
[42.520175, -83.043535]
[42.520175, -83.043535]
[42.520175, -83.043535]
[42.520175, -83.043536]
[42.520175, -83.043536]
[42.520175, -83.043536]
[42.520175, -83.043536]
[42.520175, -83.043536]
[42.520175, -83.043536]
[42.520175, -83.043536]
[42.520175, -83.043536]
[42.520175, -83.043536]
[42.520175, -83.043536]
[42.520175, -83.043536]
[42.520175, -83.043536]
[42.520175, -83.043536]
[42.520175, -83.043536]
[42.520175, -83.043536]
[42.520175, -83.043536]
[42.520176, -83.043536]
[42.520176, -83.043536]
[42.520176, -83.043536]
[42.520176, -83.043536]
[42.520176, -83.043536]
[42.520176, -83.043536]
[42.520176, -83.043536]
[42.520176, -83.043537]
[42.520176, -83.043537]
[42.520176, -83.043537]
[42.520176, -83.043537]
[42.520176, -83.043537]
[42.520176, -83.043537]
[42.520176, -83.043537]
[42.520176, -83.043537]
[42.520176, -83.043537]
[42.520176, -83.043537]
[42.520176, -83.043537]
[42.520176, -83.043537]
[42.520176, -83.043537]
[42.520176, -83.043537]
[42.520176, -83.043537]
[42.520176, -83.043537]
[42.520176, -83.043537]
[42.520176, -83.043537]
[42.520176, -83.043537]
[42.520176, -83.043537]
[42.520176, -83.043537]
[42.520176, -83.043537]
[42.520176, -83.043537]
[42.520177, -83.043537]
[42.520177, -83.043537]
[42.520177, -83.043538]
[42.520177, -83.043538]
[42.520177, -83.043538]
[42.520177, -83.043538]
[42.520177, -83.043538]
[42.520177, -83.043538]
[42.520177, -83.043538]
[42.520177, -83.043538]
[42.520177, -83.043538]
[42.520177, -83.043538]
[42.520177, -83.043538]
[42.520177, -83.043538]
[42.520177, -83.043538]
[42.520177, -83.043538]
[42.520177, -83.043538]
[42.520177, -83.043538]
[42.520177, -83.043538]
[42.520177, -83.043538]
[42.520177, -83.043538]
[42.520177, -83.043538]
[42.520177, -83.043538]
[42.520177, -83.043538]
[42.520177, -83.043538]
[42.520177, -83.043538]
[42.520177, -83.043538]
[42.520177, -83.043538]
[42.520177, -83.043538]
[42.520177, -83.043538]
[42.520177, -83.043538]
[42.520177, -83.043539]
[42.520177, -83.043539]
[42.520177, -83.043539]
[42.520177, -83.043539]
[42.520177, -83.043539]
[42.520176, -83.043539]
[42.520176, -83.043539]
[42.520176, -83.043539]
[42.520176, -83.043539]
[42.520176, -83.043539]
[42.520176, -83.043539]
[42.520176, -83.043539]
[42.520176, -83.043539]
[42.520176, -83.043539]
[42.520176, -83.043539]
[42.520176, -83.043539]
[42.520176, -83.043539]
[42.520176, -83.043539]
[42.520176, -83.043539]
[42.520176, -83.043539]
[42.520176, -83.043539]
[42.520176, -83.043539]
[42.520176, -83.043539]
[42.520176, -83.043539]
[42.520177, -83.043539]
[42.520176, -83.043539]
[42.520176, -83.043539]
[42.520176, -83.043539]
[42.520176, -83.043539]
[42.520176, -83.043539]
[42.520176, -83.043539]
[42.520176, -83.043539]
[42.520176, -83.043539]
[42.520176, -83.043539]
[42.520176, -83.043539]
[42.520176, -83.043539]
[42.520177, -83.043539]
[42.520177, -83.043539]
[42.520177, -83.043539]
[42.520177, -83.043539]
[42.520177, -83.043539]
[42.520177, -83.043539]
[42.520177, -83.043539]
[42.520177, -83.043539]
[42.520177, -83.043539]
[42.520177, -83.043539]
[42.520177, -83.043539]
[42.520177, -83.043539]
[42.520177, -83.043539]
[42.520177, -83.043539]
[42.520177, -83.043539]
[42.520177, -83.043539]
[42.520177, -83.043539]
[42.520177, -83.043539]
[42.520177, -83.043539]
[42.520177, -83.043539]
[42.520177, -83.043539]
[42.520177, -83.043539]
[42.520177, -83.043538]
[42.520177, -83.043538]
[42.520177, -83.043538]
[42.520177, -83.043538]
[42.520177, -83.043538]
[42.520177, -83.043538]
[42.520177, -83.043538]
[42.520177, -83.043538]
[42.520177, -83.043538]
[42.520177, -83.043538]
[42.520177, -83.043538]
[42.520177, -83.043538]
[42.520177, -83.043538]
[42.520177, -83.043538]
[42.520177, -83.043538]
[42.520177, -83.043538]
[42.520177, -83.043538]
[42.520177, -83.043538]
[42.520177, -83.043538]
[42.520177, -83.043538]
[42.520177, -83.043538]
[42.520177, -83.043538]
[42.520177, -83.043538]
[42.520177, -83.043538]
[42.520177, -83.043538]
[42.520177, -83.043538]
[42.520177, -83.043538]
[42.520177, -83.043538]
[42.520177, -83.043538]
[42.520177, -83.043538]
[42.520177, -83.043538]
[42.520177, -83.043538]
[42.520177, -83.043538]
[42.520177, -83.043538]
[42.520177, -83.043538]
[42.520177, -83.043538]
[42.520177, -83.043538]
[42.520177, -83.043538]
[42.520177, -83.043538]
[42.520177, -83.043538]
[42.520177, -83.043538]
[42.520177, -83.043538]
[42.520177, -83.043538]
[42.520177, -83.043538]
[42.520177, -83.043538]
[42.520177, -83.043538]
[42.520177, -83.043538]
[42.520177, -83.043538]
[42.520177, -83.043538]
[42.520177, -83.043538]
[42.520177, -83.043538]
[42.520178, -83.043538]
[42.520178, -83.043538]
[42.520178, -83.043538]
[42.520178, -83.043538]
[42.520178, -83.043538]
[42.520178, -83.043538]
[42.520178, -83.043538]
[42.520178, -83.043538]
[42.520178, -83.043538]
[42.520178, -83.043538]
[42.520178, -83.043538]
[42.520178, -83.043538]
[42.520178, -83.043539]
[42.520178, -83.043539]
[42.520178, -83.043539]
[42.520178, -83.043539]
[42.520178, -83.043539]
[42.520178, -83.043539]
[42.520178, -83.043539]
[42.520178, -83.043539]
[42.520178, -83.043539]
[42.520178, -83.043539]
[42.520178, -83.043539]
[42.520178, -83.043539]
[42.520178, -83.043539]
[42.520178, -83.043539]
[42.520178, -83.043539]
[42.520178, -83.043539]
[42.520178, -83.043539]
[42.520178, -83.043539]
[42.520178, -83.043539]
[42.520178, -83.043539]
[42.520178, -83.043539]
[42.520178, -83.043539]
[42.520178, -83.043539]
[42.520178, -83.043539]
[42.520178, -83.043539]
[42.520178, -83.043539]
[42.520178, -83.043539]
[42.520178, -83.043539]
[42.520178, -83.043539]
[42.520178, -83.043539]
[42.520178, -83.043539]
[42.520178, -83.043539]
[42.520178, -83.043539]
[42.520178, -83.043539]
[42.520178, -83.043539]
[42.520178, -83.043539]
[42.520178, -83.043539]
[42.520177, -83.043539]
[42.520177, -83.043539]
[42.520177, -83.043539]
[42.520177, -83.043540]
[42.520177, -83.043540]
[42.520177, -83.043540]
[42.520177, -83.043540]
[42.520177, -83.043540]
[42.520177, -83.043540]
[42.520177, -83.043540]
[42.520177, -83.043540]
[42.520177, -83.043540]
[42.520177, -83.043540]
[42.520177, -83.043540]
[42.520177, -83.043540]
[42.520177, -83.043540]
[42.520177, -83.043540]
[42.520177, -83.043540]
[42.520177, -83.043540]
[42.520177, -83.043540]
[42.520177, -83.043540]
[42.520177, -83.043540]
[42.520177, -83.043540]
[42.520177, -83.043540]
[42.520177, -83.043540]
[42.520177, -83.043540]
[42.520177, -83.043540]
[42.520177, -83.043540]
[42.520178, -83.043540]
[42.520178, -83.043540]
[42.520178, -83.043540]
[42.520178, -83.043540]
[42.520178, -83.043540]
[42.520178, -83.043540]
[42.520178, -83.043540]
[42.520178, -83.043540]
[42.520177, -83.043540]
[42.520177, -83.043540]
[42.520177, -83.043540]
[42.520177, -83.043540]
[42.520177, -83.043540]
[42.520177, -83.043540]
[42.520177, -83.043540]
[42.520177, -83.043540]
[42.520177, -83.043540]
[42.520177, -83.043540]
[42.520177, -83.043540]
[42.520177, -83.043540]
[42.520177, -83.043540]
[42.520177, -83.043540]
[42.520177, -83.043540]
[42.520177, -83.043540]
[42.520177, -83.043540]
[42.520177, -83.043540]
[42.520177, -83.043540]
[42.520177, -83.043540]
[42.520177, -83.043540]
[42.520177, -83.043540]
[42.520177, -83.043540]
[42.520177, -83.043540]
[42.520177, -83.043539]
[42.520177, -83.043539]
[42.520177, -83.043539]
[42.520177, -83.043539]
[42.520177, -83.043539]
[42.520177, -83.043539]
[42.520177, -83.043539]
[42.520177, -83.043539]
[42.520177, -83.043539]
[42.520177, -83.043539]
[42.520177, -83.043539]
[42.520177, -83.043539]
[42.520177, -83.043540]
[42.520177, -83.043540]
[42.520177, -83.043540]
[42.520177, -83.043540]
[42.520177, -83.043540]
[42.520177, -83.043540]
[42.520177, -83.043540]
[42.520177, -83.043540]
[42.520177, -83.043540]
[42.520177, -83.043540]
[42.520177, -83.043540]
[42.520177, -83.043540]
[42.520177, -83.043540]
[42.520177, -83.043540]
[42.520177, -83.043540]
[42.520177, -83.043540]
[42.520178, -83.043540]
[42.520178, -83.043540]
[42.520178, -83.043540]
[42.520178, -83.043540]
[42.520178, -83.043540]
[42.520178, -83.043540]
[42.520178, -83.043540]
[42.520178, -83.043540]
[42.520178, -83.043540]
[42.520178, -83.043540]
[42.520178, -83.043540]
[42.520178, -83.043540]
[42.520178, -83.043540]
[42.520178, -83.043540]
[42.520178, -83.043540]
[42.520178, -83.043540]
[42.520178, -83.043540]
[42.520178, -83.043540]
[42.520178, -83.043539]
[42.520178, -83.043539]
[42.520178, -83.043539]
[42.520178, -83.043539]
[42.520178, -83.043539]
[42.520178, -83.043539]
[42.520178, -83.043539]
[42.520178, -83.043539]
[42.520178, -83.043539]
[42.520178, -83.043539]
[42.520178, -83.043539]
[42.520178, -83.043539]
[42.520178, -83.043539]
[42.520178, -83.043539]
[42.520178, -83.043539]
[42.520178, -83.043539]
[42.520178, -83.043539]
[42.520178, -83.043539]
[42.520178, -83.043539]
[42.520178, -83.043539]
[42.520178, -83.043539]
[42.520178, -83.043539]
[42.520178, -83.043539]
[42.520178, -83.043539]
[42.520178, -83.043539]
[42.520178, -83.043539]
[42.520178, -83.043539]
[42.520178, -83.043539]
[42.520178, -83.043539]
[42.520178, -83.043539]
[42.520178, -83.043539]
[42.520178, -83.043539]
[42.520178, -83.043539]
[42.520178, -83.043539]
[42.520178, -83.043539]
[42.520178, -83.043539]
[42.520178, -83.043539]
[42.520178, -83.043539]
[42.520177, -83.043539]
[42.520177, -83.043539]
[42.520177, -83.043539]
[42.520177, -83.043539]
[42.520177, -83.043539]
[42.520177, -83.043539]
[42.520177, -83.043539]
[42.520177, -83.043539]
[42.520177, -83.043539]
[42.520177, -83.043539]
[42.520177, -83.043539]
[42.520177, -83.043539]
[42.520177, -83.043539]
[42.520177, -83.043539]
[42.520177, -83.043539]
[42.520177, -83.043539]
[42.520177, -83.043539]
[42.520177, -83.043539]
[42.520177, -83.043539]
[42.520177, -83.043539]
[42.520177, -83.043539]
[42.520177, -83.043539]
[42.520177, -83.043539]
[42.520177, -83.043539]
[42.520177, -83.043539]
[42.520177, -83.043539]
[42.520177, -83.043539]
[42.520177, -83.043539]
[42.520177, -83.043539]
[42.520177, -83.043539]
[42.520177, -83.043539]
[42.520177, -83.043539]
[42.520177, -83.043539]
[42.520177, -83.043539]
[42.520177, -83.043539]
[42.520177, -83.043539]
[42.520177, -83.043539]
[42.520177, -83.043539]
[42.520177, -83.043539]
[42.520177, -83.043539]
[42.520177, -83.043539]
[42.520177, -83.043539]
[42.520177, -83.043539]
[42.520177, -83.043539]
[42.520177, -83.043539]
[42.520176, -83.043539]
[42.520176, -83.043539]
[42.520176, -83.043539]
[42.520176, -83.043539]
[42.520176, -83.043539]
[42.520176, -83.043539]
[42.520176, -83.043539]
[42.520176, -83.043539]
[42.520176, -83.043539]
[42.520176, -83.043539]
[42.520176, -83.043539]
[42.520176, -83.043539]
[42.520176, -83.043539]
[42.520176, -83.043539]
[42.520176, -83.043539]
[42.520176, -83.043539]
[42.520176, -83.043539]
[42.520176, -83.043539]
[42.520176, -83.043539]
[42.520176, -83.043539]
[42.520176, -83.043539]
[42.520176, -83.043539]
[42.520176, -83.043539]
[42.520176, -83.043539]
[42.520176, -83.043539]
[42.520176, -83.043539]
[42.520176, -83.043539]
[42.520176, -83.043539]
[42.520176, -83.043539]
[42.520176, -83.043539]
[42.520176, -83.043540]
[42.520176, -83.043540]
[42.520176, -83.043540]
[42.520176, -83.043540]
[42.520176, -83.043540]
[42.520176, -83.043540]
[42.520176, -83.043540]
[42.520176, -83.043540]
[42.520176, -83.043540]
[42.520176, -83.043540]
[42.520176, -83.043540]
[42.520176, -83.043540]
[42.520176, -83.043540]
[42.520176, -83.043540]
[42.520176, -83.043540]
[42.520176, -83.043540]
[42.520176, -83.043540]
[42.520176, -83.043540]
[42.520176, -83.043540]
[42.520176, -83.043540]
[42.520176, -83.043540]
[42.520176, -83.043540]
[42.520176, -83.043540]
[42.520176, -83.043540]
[42.520176, -83.043540]
[42.520176, -83.043540]
[42.520176, -83.043540]
[42.520176, -83.043540]
[42.520176, -83.043540]
[42.520176, -83.043540]
[42.520176, -83.043540]
[42.520176, -83.043540]
[42.520176, -83.043540]
[42.520176, -83.043540]
[42.520176, -83.043540]
[42.520176, -83.043540]
[42.520176, -83.043540]
[42.520176, -83.043540]
[42.520176, -83.043540]
[42.520176, -83.043540]
[42.520176, -83.043540]
[42.520176, -83.043540]
[42.520176, -83.043540]
[42.520176, -83.043540]
[42.520176, -83.043540]
[42.520176, -83.043540]
[42.520176, -83.043540]
[42.520176, -83.043540]
[42.520176, -83.043540]
[42.520176, -83.043540]
[42.520176, -83.043540]
[42.520176, -83.043540]
[42.520176, -83.043540]
[42.520176, -83.043540]
[42.520177, -83.043540]
[42.520177, -83.043540]
[42.520177, -83.043540]
[42.520177, -83.043540]
[42.520177, -83.043540]
[42.520177, -83.043540]
[42.520177, -83.043540]
[42.520177, -83.043540]
[42.520177, -83.043540]
[42.520177, -83.043540]
[42.520177, -83.043540]
[42.520177, -83.043540]
[42.520176, -83.043540]
[42.520176, -83.043540]
[42.520176, -83.043540]
[42.520176, -83.043540]
[42.520176, -83.043540]
[42.520176, -83.043540]
[42.520176, -83.043540]
[42.520176, -83.043540]
[42.520176, -83.043540]
[42.520176, -83.043540]
[42.520176, -83.043540]
[42.520176, -83.043540]
[42.520176, -83.043540]
[42.520176, -83.043540]
[42.520176, -83.043540]
[42.520176, -83.043540]
[42.520176, -83.043540]
[42.520176, -83.043540]
[42.520177, -83.043540]
[42.520177, -83.043540]
[42.520177, -83.043540]
[42.520177, -83.043540]
[42.520177, -83.043540]
[42.520177, -83.043540]
[42.520177, -83.043540]
[42.520177, -83.043540]
[42.520177, -83.043540]
[42.520177, -83.043540]
[42.520177, -83.043540]
[42.520177, -83.043540]
[42.520177, -83.043540]
[42.520177, -83.043540]
[42.520177, -83.043540]
[42.520177, -83.043540]
[42.520177, -83.043540]
[42.520177, -83.043540]
[42.520177, -83.043540]
[42.520177, -83.043540]
[42.520177, -83.043540]
[42.520177, -83.043539]
[42.520177, -83.043539]
[42.520177, -83.043540]
[42.520177, -83.043540]
[42.520177, -83.043540]
[42.520177, -83.043539]
[42.520177, -83.043539]
[42.520177, -83.043539]
[42.520177, -83.043539]
[42.520177, -83.043539]
[42.520177, -83.043539]
[42.520177, -83.043539]
[42.520177, -83.043539]
[42.520177, -83.043539]
[42.520177, -83.043539]
[42.520177, -83.043539]
[42.520177, -83.043539]
[42.520177, -83.043539]
[42.520177, -83.043539]
[42.520177, -83.043539]
[42.520177, -83.043539]
[42.520177, -83.043539]
[42.520177, -83.043539]
[42.520177, -83.043539]
[42.520177, -83.043539]
[42.520177, -83.043539]
[42.520177, -83.043539]
[42.520177, -83.043539]
[42.520177, -83.043539]
[42.520177, -83.043539]
[42.520177, -83.043539]
[42.520177, -83.043539]
[42.520177, -83.043539]
[42.520177, -83.043539]
[42.520177, -83.043539]
[42.520177, -83.043539]
[42.520177, -83.043539]
[42.520177, -83.043539]
[42.520177, -83.043539]
[42.520177, -83.043539]
[42.520177, -83.043539]
[42.520177, -83.043539]
[42.520177, -83.043539]
[42.520177, -83.043539]
[42.520177, -83.043539]
[42.520177, -83.043539]
[42.520177, -83.043539]
[42.520177, -83.043539]
[42.520177, -83.043539]
[42.520177, -83.043539]
[42.520177, -83.043539]
[42.520177, -83.043539]
[42.520177, -83.043539]
[42.520177, -83.043539]
[42.520177, -83.043539]
[42.520177, -83.043539]
[42.520177, -83.043539]
[42.520177, -83.043539]
[42.520177, -83.043539]
[42.520177, -83.043539]
[42.520177, -83.043539]
[42.520177, -83.043539]
[42.520177, -83.043539]
[42.520177, -83.043539]
[42.520177, -83.043539]
[42.520177, -83.043539]
[42.520177, -83.043539]
[42.520177, -83.043539]
[42.520177, -83.043539]
[42.520177, -83.043539]
[42.520177, -83.043539]
[42.520177, -83.043539]
[42.520177, -83.043539]
[42.520177, -83.043539]
[42.520177, -83.043539]
[42.520177, -83.043539]
[42.520177, -83.043539]
[42.520176, -83.043539]
[42.520176, -83.043539]
[42.520176, -83.043539]
[42.520177, -83.043539]
[42.520177, -83.043539]
[42.520177, -83.043539]
[42.520176, -83.043539]
[42.520176, -83.043539]
[42.520176, -83.043539]
[42.520176, -83.043539]
[42.520176, -83.043539]
[42.520176, -83.043539]
[42.520177, -83.043539]
[42.520177, -83.043539]
[42.520177, -83.043539]
[42.520177, -83.043539]
[42.520177, -83.043539]
[42.520177, -83.043539]
[42.520177, -83.043539]
[42.520177, -83.043539]
[42.520177, -83.043539]
[42.520177, -83.043539]
[42.520176, -83.043539]
[42.520176, -83.043539]
[42.520176, -83.043539]
[42.520176, -83.043539]
[42.520176, -83.043539]
[42.520176, -83.043539]
[42.520176, -83.043539]
[42.520176, -83.043539]
[42.520176, -83.043539]
[42.520176, -83.043539]
[42.520176, -83.043539]
[42.520176, -83.043539]
[42.520176, -83.043539]
[42.520176, -83.043539]
[42.520176, -83.043539]
[42.520176, -83.043539]
[42.520176, -83.043539]
[42.520176, -83.043539]
[42.520176, -83.043539]
[42.520176, -83.043539]
[42.520176, -83.043539]
[42.520176, -83.043539]
[42.520176, -83.043539]
[42.520176, -83.043539]
[42.520176, -83.043539]
[42.520176, -83.043539]
[42.520176, -83.043539]
[42.520176, -83.043539]
[42.520176, -83.043539]
[42.520176, -83.043539]
[42.520177, -83.043539]
[42.520177, -83.043539]
[42.520177, -83.043539]
[42.520177, -83.043539]
[42.520177, -83.043539]
[42.520177, -83.043539]
[42.520177, -83.043539]
[42.520177, -83.043539]
[42.520177, -83.043539]
[42.520177, -83.043539]
[42.520177, -83.043539]
[42.520177, -83.043539]
[42.520177, -83.043539]
[42.520177, -83.043539]
[42.520177, -83.043539]
[42.520177, -83.043539]
[42.520177, -83.043539]
[42.520177, -83.043539]
[42.520177, -83.043539]
[42.520177, -83.043539]
[42.520177, -83.043539]
[42.520177, -83.043539]
[42.520177, -83.043539]
[42.520177, -83.043539]
[42.520177, -83.043539]
[42.520177, -83.043539]
[42.520177, -83.043539]
[42.520177, -83.043539]
[42.520177, -83.043539]
[42.520177, -83.043539]
[42.520177, -83.043539]
[42.520177, -83.043539]
[42.520177, -83.043539]
[42.520177, -83.043539]
[42.520177, -83.043539]
[42.520177, -83.043539]
[42.520177, -83.043539]
[42.520177, -83.043539]
[42.520177, -83.043539]
[42.520177, -83.043539]
[42.520177, -83.043539]
[42.520177, -83.043539]
[42.520177, -83.043539]
[42.520177, -83.043539]
[42.520178, -83.043539]
[42.520178, -83.043539]
[42.520178, -83.043539]
[42.520178, -83.043539]
[42.520178, -83.043539]
[42.520178, -83.043539]
[42.520178, -83.043539]
[42.520178, -83.043539]
[42.520178, -83.043539]
[42.520178, -83.043539]
[42.520178, -83.043539]
[42.520178, -83.043539]
[42.520178, -83.043539]
[42.520178, -83.043539]
[42.520178, -83.043539]
[42.520178, -83.043539]
[42.520178, -83.043539]
[42.520178, -83.043539]
[42.520178, -83.043539]
[42.520178, -83.043539]
[42.520178, -83.043539]
[42.520178, -83.043539]
[42.520178, -83.043539]
[42.520178, -83.043539]
[42.520178, -83.043539]
[42.520178, -83.043539]
[42.520178, -83.043539]
[42.520178, -83.043539]
[42.520178, -83.043539]
[42.520178, -83.043539]
[42.520178, -83.043539]
[42.520178, -83.043539]
[42.520177, -83.043539]
[42.520177, -83.043539]
[42.520177, -83.043539]
[42.520177, -83.043539]
[42.520177, -83.043539]
[42.520177, -83.043539]
[42.520177, -83.043539]
[42.520177, -83.043539]
[42.520177, -83.043539]
[42.520177, -83.043539]
[42.520177, -83.043539]
[42.520177, -83.043539]
[42.520177, -83.043539]
[42.520177, -83.043539]
[42.520177, -83.043539]
[42.520177, -83.043539]
[42.520177, -83.043539]
[42.520177, -83.043539]
[42.520177, -83.043539]
[42.520177, -83.043539]
[42.520177, -83.043539]
[42.520177, -83.043539]
[42.520177, -83.043539]
[42.520177, -83.043539]
[42.520177, -83.043539]
[42.520177, -83.043539]
[42.520177, -83.043539]
[42.520177, -83.043539]
[42.520177, -83.043539]
[42.520177, -83.043539]
[42.520177, -83.043539]
[42.520177, -83.043539]
[42.520177, -83.043539]
[42.520177, -83.043539]
[42.520177, -83.043539]
[42.520177, -83.043539]
[42.520177, -83.043539]
[42.520177, -83.043539]
[42.520177, -83.043539]
[42.520177, -83.043539]
[42.520177, -83.043539]
[42.520177, -83.043539]
[42.520177, -83.043539]
[42.520177, -83.043539]
[42.520177, -83.043539]
[42.520177, -83.043539]
[42.520177, -83.043539]
[42.520177, -83.043539]
[42.520177, -83.043539]
[42.520177, -83.043539]
[42.520177, -83.043539]
[42.520177, -83.043539]
[42.520177, -83.043539]
[42.520177, -83.043539]
[42.520177, -83.043539]
[42.520177, -83.043539]
[42.520177, -83.043539]
[42.520177, -83.043539]
[42.520177, -83.043539]
[42.520177, -83.043539]
[42.520177, -83.043539]
[42.520177, -83.043539]
[42.520177, -83.043539]
[42.520177, -83.043539]
[42.520177, -83.043539]
[42.520177, -83.043539]
[42.520177, -83.043539]
[42.520178, -83.043539]
[42.520178, -83.043539]
[42.520178, -83.043539]
[42.520178, -83.043539]
[42.520177, -83.043539]
[42.520177, -83.043540]
[42.520177, -83.043540]
[42.520177, -83.043540]
[42.520177, -83.043540]
[42.520177, -83.043540]
[42.520177, -83.043540]
[42.520177, -83.043540]
[42.520177, -83.043540]
[42.520177, -83.043540]
[42.520177, -83.043540]
[42.520177, -83.043540]
[42.520177, -83.043540]
[42.520177, -83.043540]
[42.520177, -83.043540]
[42.520177, -83.043540]
[42.520177, -83.043540]
[42.520177, -83.043540]
[42.520177, -83.043540]
[42.520177, -83.043540]
[42.520177, -83.043540]
[42.520177, -83.043540]
[42.520177, -83.043540]
[42.520177, -83.043540]
[42.520177, -83.043540]
[42.520177, -83.043540]
[42.520177, -83.043540]
[42.520177, -83.043540]
[42.520177, -83.043540]
[42.520177, -83.043540]
[42.520177, -83.043540]
[42.520177, -83.043540]
[42.520177, -83.043540]
[42.520176, -83.043540]
[42.520176, -83.043540]
[42.520176, -83.043540]
[42.520176, -83.043540]
[42.520176, -83.043540]
[42.520176, -83.043540]
[42.520176, -83.043540]
[42.520176, -83.043540]
[42.520176, -83.043540]
[42.520176, -83.043540]
[42.520176, -83.043540]
[42.520176, -83.043540]
[42.520176, -83.043540]
[42.520176, -83.043540]
[42.520176, -83.043540]
[42.520176, -83.043540]
[42.520176, -83.043540]
[42.520176, -83.043540]
[42.520176, -83.043540]
[42.520176, -83.043540]
[42.520176, -83.043540]
[42.520176, -83.043540]
[42.520176, -83.043540]
[42.520176, -83.043540]
[42.520176, -83.043540]
[42.520176, -83.043540]
[42.520176, -83.043540]
[42.520175, -83.043540]
[42.520175, -83.043540]
[42.520175, -83.043540]
[42.520175, -83.043540]
[42.520175, -83.043540]
[42.520175, -83.043540]
[42.520175, -83.043540]
[42.520175, -83.043540]
[42.520175, -83.043540]
[42.520175, -83.043540]
[42.520175, -83.043540]
[42.520175, -83.043540]
[42.520175, -83.043540]
[42.520175, -83.043539]
[42.520175, -83.043539]
[42.520175, -83.043539]
[42.520175, -83.043539]
[42.520175, -83.043539]
[42.520174, -83.043539]
[42.520175, -83.043539]
[42.520175, -83.043539]
[42.520174, -83.043539]
[42.520174, -83.043539]
[42.520174, -83.043539]
[42.520175, -83.043539]
[42.520175, -83.043539]
[42.520175, -83.043539]
[42.520175, -83.043539]
[42.520175, -83.043539]
[42.520175, -83.043539]
[42.520175, -83.043539]
[42.520175, -83.043539]
[42.520175, -83.043539]
[42.520175, -83.043539]
[42.520175, -83.043539]
[42.520175, -83.043539]
[42.520175, -83.043539]
[42.520175, -83.043539]
[42.520175, -83.043539]
[42.520175, -83.043539]
[42.520175, -83.043539]
[42.520175, -83.043539]
[42.520175, -83.043539]
[42.520175, -83.043539]
[42.520175, -83.043539]
[42.520175, -83.043539]
[42.520175, -83.043539]
[42.520175, -83.043539]
[42.520175, -83.043539]
[42.520175, -83.043539]
[42.520175, -83.043539]
[42.520175, -83.043539]
[42.520175, -83.043539]
[42.520175, -83.043539]
[42.520175, -83.043539]
[42.520175, -83.043539]
[42.520175, -83.043539]
[42.520175, -83.043539]
[42.520175, -83.043539]
[42.520175, -83.043539]
[42.520175, -83.043539]
[42.520175, -83.043539]
[42.520175, -83.043539]
[42.520175, -83.043539]
[42.520175, -83.043539]
[42.520175, -83.043539]
[42.520175, -83.043539]
[42.520175, -83.043539]
[42.520175, -83.043539]
[42.520175, -83.043539]
[42.520174, -83.043539]
[42.520174, -83.043539]
[42.520174, -83.043539]
[42.520174, -83.043539]
[42.520174, -83.043539]
[42.520174, -83.043539]
[42.520174, -83.043539]
[42.520174, -83.043539]
[42.520174, -83.043539]
[42.520174, -83.043539]
[42.520174, -83.043539]
[42.520174, -83.043539]
[42.520174, -83.043539]
[42.520174, -83.043539]
[42.520174, -83.043539]
[42.520174, -83.043539]
[42.520174, -83.043539]
[42.520174, -83.043539]
[42.520174, -83.043539]
[42.520174, -83.043539]
[42.520174, -83.043539]
[42.520174, -83.043539]
[42.520174, -83.043539]
[42.520174, -83.043539]
[42.520174, -83.043539]
[42.520174, -83.043539]
[42.520174, -83.043539]
[42.520174, -83.043539]
[42.520174, -83.043539]
[42.520174, -83.043539]
[42.520174, -83.043539]
[42.520174, -83.043539]
[42.520174, -83.043539]
[42.520174, -83.043539]
[42.520174, -83.043539]
[42.520174, -83.043539]
[42.520174, -83.043539]
[42.520174, -83.043539]
[42.520174, -83.043539]
[42.520174, -83.043539]
[42.520174, -83.043539]
[42.520174, -83.043539]
[42.520174, -83.043539]
[42.520174, -83.043539]
[42.520174, -83.043539]
[42.520174, -83.043539]
[42.520174, -83.043539]
[42.520174, -83.043539]
[42.520174, -83.043539]
[42.520174, -83.043539]
[42.520174, -83.043539]
[42.520174, -83.043539]
[42.520174, -83.043540]
[42.520174, -83.043540]
[42.520174, -83.043540]
[42.520174, -83.043540]
[42.520174, -83.043540]
[42.520174, -83.043540]
[42.520174, -83.043540]
[42.520174, -83.043540]
[42.520174, -83.043540]
[42.520174, -83.043540]
[42.520174, -83.043540]
[42.520174, -83.043540]
[42.520174, -83.043540]
[42.520174, -83.043540]
[42.520174, -83.043540]
[42.520174, -83.043540]
[42.520174, -83.043540]
[42.520174, -83.043540]
[42.520174, -83.043540]
[42.520174, -83.043540]
[42.520174, -83.043540]
[42.520174, -83.043540]
[42.520174, -83.043540]
[42.520174, -83.043540]
[42.520174, -83.043540]
[42.520174, -83.043540]
[42.520174, -83.043540]
[42.520174, -83.043540]
[42.520174, -83.043541]
[42.520174, -83.043541]
[42.520174, -83.043541]
[42.520174, -83.043541]
[42.520174, -83.043541]
[42.520174, -83.043541]
[42.520174, -83.043541]
[42.520174, -83.043541]
[42.520174, -83.043541]
[42.520174, -83.043541]
[42.520174, -83.043541]
[42.520174, -83.043541]
[42.520174, -83.043541]
[42.520174, -83.043541]
[42.520174, -83.043541]
[42.520174, -83.043541]
[42.520174, -83.043541]
[42.520174, -83.043541]
[42.520174, -83.043541]
[42.520174, -83.043541]
[42.520174, -83.043541]
[42.520174, -83.043541]
[42.520174, -83.043541]
[42.520174, -83.043541]
[42.520174, -83.043541]
[42.520174, -83.043541]
[42.520174, -83.043541]
[42.520174, -83.043541]
[42.520174, -83.043541]
[42.520174, -83.043541]
[42.520174, -83.043541]
[42.520174, -83.043541]
[42.520174, -83.043541]
[42.520174, -83.043541]
[42.520174, -83.043541]
[42.520174, -83.043541]
[42.520174, -83.043541]
[42.520174, -83.043541]
[42.520174, -83.043541]
[42.520174, -83.043541]
[42.520174, -83.043541]
[42.520174, -83.043541]
[42.520174, -83.043541]
[42.520174, -83.043541]
[42.520174, -83.043542]
[42.520174, -83.043542]
[42.520174, -83.043542]
[42.520174, -83.043542]
[42.520174, -83.043542]
[42.520174, -83.043542]
[42.520174, -83.043542]
[42.520174, -83.043542]
[42.520174, -83.043542]
[42.520174, -83.043542]
[42.520174, -83.043542]
[42.520174, -83.043542]
[42.520174, -83.043542]
[42.520174, -83.043542]
[42.520174, -83.043542]
[42.520174, -83.043542]
[42.520174, -83.043542]
[42.520174, -83.043542]
[42.520174, -83.043542]
[42.520174, -83.043542]
[42.520174, -83.043542]
[42.520174, -83.043541]
[42.520174, -83.043541]
[42.520174, -83.043541]
[42.520174, -83.043541]
[42.520174, -83.043541]
[42.520174, -83.043541]
[42.520174, -83.043541]
[42.520174, -83.043541]
[42.520174, -83.043541]
[42.520174, -83.043541]
[42.520174, -83.043541]
[42.520174, -83.043541]
[42.520174, -83.043541]
[42.520174, -83.043541]
[42.520174, -83.043541]
[42.520174, -83.043541]
[42.520174, -83.043541]
[42.520174, -83.043541]
[42.520174, -83.043541]
[42.520174, -83.043541]
[42.520174, -83.043541]
[42.520174, -83.043541]
[42.520174, -83.043541]
[42.520174, -83.043541]
[42.520174, -83.043541]
[42.520175, -83.043541]
[42.520175, -83.043541]
[42.520175, -83.043541]
[42.520175, -83.043541]
[42.520175, -83.043541]
[42.520175, -83.043541]
[42.520175, -83.043541]
[42.520175, -83.043541]
[42.520175, -83.043541]
[42.520175, -83.043541]
[42.520175, -83.043541]
[42.520175, -83.043541]
[42.520175, -83.043541]
[42.520175, -83.043541]
[42.520175, -83.043541]
[42.520175, -83.043541]
[42.520175, -83.043541]
[42.520175, -83.043541]
[42.520175, -83.043541]
[42.520175, -83.043541]
[42.520175, -83.043541]
[42.520175, -83.043541]
[42.520175, -83.043541]
[42.520175, -83.043541]
[42.520175, -83.043541]
[42.520175, -83.043541]
[42.520175, -83.043541]
[42.520175, -83.043541]
[42.520175, -83.043541]
[42.520175, -83.043541]
[42.520176, -83.043541]
[42.520176, -83.043541]
[42.520176, -83.043541]
[42.520176, -83.043541]
[42.520176, -83.043541]
[42.520176, -83.043541]
[42.520176, -83.043541]
[42.520176, -83.043541]
[42.520176, -83.043541]
[42.520176, -83.043541]
[42.520176, -83.043541]
[42.520176, -83.043541]
[42.520176, -83.043540]
[42.520176, -83.043540]
[42.520176, -83.043540]
[42.520176, -83.043540]
[42.520176, -83.043540]
[42.520176, -83.043540]
[42.520176, -83.043540]
[42.520176, -83.043540]
[42.520176, -83.043540]
[42.520176, -83.043540]
[42.520176, -83.043540]
[42.520176, -83.043540]
[42.520176, -83.043540]
[42.520176, -83.043540]
[42.520176, -83.043540]
[42.520176, -83.043540]
[42.520176, -83.043540]
[42.520176, -83.043540]
[42.520176, -83.043540]
[42.520176, -83.043540]
[42.520176, -83.043540]
[42.520176, -83.043540]
[42.520176, -83.043540]
[42.520176, -83.043540]
[42.520176, -83.043540]
[42.520176, -83.043540]
[42.520176, -83.043540]
[42.520176, -83.043540]
[42.520176, -83.043540]
[42.520176, -83.043540]
[42.520176, -83.043540]
[42.520176, -83.043540]
[42.520176, -83.043540]
[42.520176, -83.043540]
[42.520176, -83.043540]
[42.520176, -83.043540]
[42.520176, -83.043540]
[42.520176, -83.043540]
[42.520176, -83.043540]
[42.520176, -83.043540]
[42.520176, -83.043540]
[42.520176, -83.043540]
[42.520176, -83.043540]
[42.520176, -83.043540]
[42.520176, -83.043540]
[42.520176, -83.043540]
[42.520176, -83.043540]
[42.520176, -83.043540]
[42.520176, -83.043540]
[42.520176, -83.043540]
[42.520176, -83.043540]
[42.520176, -83.043540]
[42.520176, -83.043540]
[42.520176, -83.043540]
[42.520176, -83.043540]
[42.520176, -83.043540]
[42.520176, -83.043540]
[42.520176, -83.043540]
[42.520176, -83.043540]
[42.520176, -83.043540]
[42.520177, -83.043540]
[42.520177, -83.043540]
[42.520177, -83.043540]
[42.520177, -83.043540]
[42.520177, -83.043540]
[42.520177, -83.043540]
[42.520177, -83.043540]
[42.520177, -83.043540]
[42.520177, -83.043540]
[42.520177, -83.043540]
[42.520177, -83.043540]
[42.520177, -83.043540]
[42.520177, -83.043540]
[42.520177, -83.043540]
[42.520177, -83.043540]
[42.520177, -83.043540]
[42.520177, -83.043540]
[42.520177, -83.043540]
[42.520177, -83.043540]
[42.520177, -83.043539]
[42.520177, -83.043539]
[42.520177, -83.043539]
[42.520177, -83.043539]
[42.520177, -83.043539]
[42.520177, -83.043539]
[42.520177, -83.043539]
[42.520177, -83.043539]
[42.520177, -83.043539]
[42.520177, -83.043539]
[42.520177, -83.043539]
[42.520177, -83.043539]
[42.520177, -83.043539]
[42.520177, -83.043539]
[42.520177, -83.043539]
[42.520177, -83.043540]
[42.520177, -83.043540]
[42.520177, -83.043540]
[42.520177, -83.043540]
[42.520177, -83.043540]
[42.520177, -83.043540]
[42.520177, -83.043540]
[42.520177, -83.043540]
[42.520177, -83.043540]
[42.520177, -83.043539]
[42.520177, -83.043539]
[42.520177, -83.043539]
[42.520177, -83.043539]
[42.520177, -83.043539]
[42.520177, -83.043539]
[42.520177, -83.043539]
[42.520177, -83.043539]
[42.520177, -83.043539]
[42.520177, -83.043539]
[42.520177, -83.043539]
[42.520177, -83.043539]
[42.520177, -83.043539]
[42.520177, -83.043539]
[42.520177, -83.043539]
[42.520177, -83.043539]
[42.520177, -83.043539]
[42.520177, -83.043539]
[42.520177, -83.043539]
[42.520177, -83.043539]
[42.520177, -83.043539]
[42.520177, -83.043539]
[42.520177, -83.043539]
[42.520177, -83.043539]
[42.520177, -83.043539]
[42.520177, -83.043539]
[42.520177, -83.043539]
[42.520177, -83.043539]
[42.520177, -83.043539]
[42.520177, -83.043539]
[42.520177, -83.043539]
[42.520177, -83.043539]
[42.520177, -83.043539]
[42.520177, -83.043539]
[42.520177, -83.043539]
[42.520177, -83.043539]
[42.520177, -83.043539]
[42.520177, -83.043538]
[42.520177, -83.043538]
[42.520177, -83.043538]
[42.520177, -83.043538]
[42.520177, -83.043538]
[42.520177, -83.043538]
[42.520177, -83.043538]
[42.520177, -83.043538]
[42.520177, -83.043538]
[42.520177, -83.043538]
[42.520177, -83.043538]
[42.520177, -83.043538]
[42.520177, -83.043538]
[42.520177, -83.043538]
[42.520177, -83.043538]
[42.520177, -83.043537]
[42.520177, -83.043537]
[42.520177, -83.043537]
[42.520177, -83.043537]
[42.520177, -83.043537]
[42.520177, -83.043537]
[42.520177, -83.043537]
[42.520177, -83.043537]
[42.520177, -83.043537]
[42.520177, -83.043537]
[42.520177, -83.043537]
[42.520177, -83.043537]
[42.520177, -83.043537]
[42.520177, -83.043537]
[42.520177, -83.043537]
[42.520177, -83.043537]
[42.520177, -83.043537]
[42.520177, -83.043537]
[42.520177, -83.043537]
[42.520177, -83.043537]
[42.520177, -83.043537]
[42.520177, -83.043537]
[42.520177, -83.043537]
[42.520177, -83.043537]
[42.520177, -83.043537]
[42.520177, -83.043537]
[42.520177, -83.043537]
[42.520177, -83.043537]
[42.520177, -83.043537]
[42.520177, -83.043536]
[42.520177, -83.043536]
[42.520177, -83.043536]
[42.520177, -83.043536]
[42.520177, -83.043536]
[42.520177, -83.043536]
[42.520177, -83.043536]
[42.520177, -83.043536]
[42.520177, -83.043536]
[42.520177, -83.043536]
[42.520176, -83.043536]
[42.520176, -83.043536]
[42.520176, -83.043536]
[42.520176, -83.043536]
[42.520176, -83.043536]
[42.520176, -83.043536]
[42.520176, -83.043535]
[42.520176, -83.043535]
[42.520176, -83.043535]
[42.520176, -83.043536]
[42.520176, -83.043536]
[42.520176, -83.043536]
[42.520176, -83.043536]
[42.520176, -83.043536]
[42.520176, -83.043536]
[42.520176, -83.043536]
[42.520176, -83.043536]
[42.520176, -83.043536]
[42.520176, -83.043536]
[42.520176, -83.043536]
[42.520176, -83.043536]
[42.520176, -83.043536]
[42.520176, -83.043536]
[42.520176, -83.043536]
[42.520176, -83.043536]
[42.520176, -83.043536]
[42.520176, -83.043536]
[42.520176, -83.043536]
[42.520176, -83.043536]
[42.520176, -83.043536]
[42.520176, -83.043536]
[42.520176, -83.043536]
[42.520176, -83.043536]
[42.520176, -83.043536]
[42.520176, -83.043536]
[42.520176, -83.043536]
[42.520176, -83.043536]
[42.520176, -83.043536]
[42.520176, -83.043536]
[42.520176, -83.043536]
[42.520176, -83.043536]
[42.520176, -83.043536]
[42.520176, -83.043536]
[42.520176, -83.043536]
[42.520176, -83.043537]
[42.520176, -83.043537]
[42.520176, -83.043537]
[42.520176, -83.043537]
[42.520176, -83.043537]
[42.520176, -83.043537]
[42.520176, -83.043537]
[42.520176, -83.043537]
[42.520176, -83.043537]
[42.520176, -83.043537]
[42.520176, -83.043537]
[42.520176, -83.043537]
[42.520176, -83.043537]
[42.520176, -83.043537]
[42.520176, -83.043537]
[42.520176, -83.043537]
[42.520176, -83.043537]
[42.520176, -83.043537]
[42.520176, -83.043537]
[42.520176, -83.043537]
[42.520176, -83.043537]
[42.520176, -83.043537]
[42.520176, -83.043537]
[42.520176, -83.043537]
[42.520176, -83.043537]
[42.520176, -83.043537]
[42.520176, -83.043537]
[42.520176, -83.043537]
[42.520176, -83.043537]
[42.520175, -83.043537]
[42.520175, -83.043537]
[42.520175, -83.043537]
[42.520175, -83.043537]
[42.520175, -83.043537]
[42.520175, -83.043537]
[42.520175, -83.043538]
[42.520175, -83.043538]
[42.520175, -83.043538]
[42.520175, -83.043538]
[42.520175, -83.043538]
[42.520175, -83.043538]
[42.520175, -83.043538]
[42.520175, -83.043538]
[42.520175, -83.043538]
[42.520175, -83.043538]
[42.520175, -83.043538]
[42.520175, -83.043538]
[42.520175, -83.043538]
[42.520175, -83.043538]
[42.520175, -83.043538]
[42.520175, -83.043538]
[42.520175, -83.043538]
[42.520175, -83.043538]
[42.520175, -83.043538]
[42.520175, -83.043538]
[42.520175, -83.043538]
[42.520175, -83.043538]
[42.520175, -83.043538]
[42.520175, -83.043538]
[42.520175, -83.043538]
[42.520175, -83.043538]
[42.520175, -83.043538]
[42.520175, -83.043538]
[42.520175, -83.043538]
[42.520175, -83.043538]
[42.520175, -83.043538]
[42.520175, -83.043538]
[42.520175, -83.043538]
[42.520175, -83.043538]
[42.520175, -83.043538]
[42.520175, -83.043538]
[42.520175, -83.043538]
[42.520175, -83.043538]
[42.520175, -83.043538]
[42.520175, -83.043538]
[42.520175, -83.043538]
[42.520175, -83.043538]
[42.520175, -83.043538]
[42.520175, -83.043538]
[42.520175, -83.043538]
[42.520175, -83.043538]
[42.520175, -83.043538]
[42.520175, -83.043538]
[42.520175, -83.043538]
[42.520175, -83.043538]
[42.520175, -83.043538]
[42.520175, -83.043538]
[42.520175, -83.043538]
[42.520175, -83.043538]
[42.520175, -83.043538]
[42.520175, -83.043538]
[42.520175, -83.043538]
[42.520175, -83.043538]
[42.520175, -83.043538]
[42.520175, -83.043538]
[42.520175, -83.043538]
[42.520175, -83.043538]
[42.520175, -83.043538]
[42.520175, -83.043538]
[42.520175, -83.043538]
[42.520175, -83.043538]
[42.520175, -83.043537]
[42.520175, -83.043537]
[42.520175, -83.043537]
[42.520175, -83.043537]
[42.520175, -83.043537]
[42.520175, -83.043538]
[42.520175, -83.043538]
[42.520175, -83.043538]
[42.520175, -83.043538]
[42.520175, -83.043538]
[42.520175, -83.043538]
[42.520175, -83.043538]
[42.520175, -83.043538]
[42.520175, -83.043538]
[42.520175, -83.043538]
[42.520175, -83.043538]
[42.520175, -83.043538]
[42.520175, -83.043538]
[42.520175, -83.043538]
[42.520175, -83.043538]
[42.520175, -83.043538]
[42.520175, -83.043538]
[42.520175, -83.043538]
[42.520175, -83.043538]
[42.520175, -83.043538]
[42.520175, -83.043538]
[42.520175, -83.043538]
[42.520175, -83.043538]
[42.520175, -83.043538]
[42.520175, -83.043538]
[42.520175, -83.043538]
[42.520175, -83.043538]
[42.520175, -83.043538]
[42.520175, -83.043538]
[42.520175, -83.043538]
[42.520175, -83.043538]
[42.520175, -83.043538]
[42.520175, -83.043538]
[42.520174, -83.043538]
[42.520174, -83.043538]
[42.520174, -83.043538]
[42.520174, -83.043538]
[42.520174, -83.043538]
[42.520174, -83.043538]
[42.520174, -83.043538]
[42.520174, -83.043537]
[42.520174, -83.043537]
[42.520174, -83.043537]
[42.520174, -83.043537]
[42.520174, -83.043537]
[42.520174, -83.043537]
[42.520174, -83.043537]
[42.520174, -83.043537]
[42.520174, -83.043537]
[42.520174, -83.043537]
[42.520174, -83.043537]
[42.520174, -83.043537]
[42.520174, -83.043537]
[42.520174, -83.043537]
[42.520174, -83.043537]
[42.520174, -83.043537]
[42.520174, -83.043537]
[42.520174, -83.043537]
[42.520174, -83.043537]
[42.520174, -83.043537]
[42.520174, -83.043537]
[42.520174, -83.043537]
[42.520174, -83.043537]
[42.520174, -83.043537]
[42.520174, -83.043537]
[42.520174, -83.043537]
[42.520174, -83.043537]
[42.520174, -83.043537]
[42.520174, -83.043537]
[42.520174, -83.043537]
[42.520174, -83.043537]
[42.520174, -83.043537]
[42.520174, -83.043537]
[42.520174, -83.043537]
[42.520174, -83.043537]
[42.520174, -83.043537]
[42.520174, -83.043537]
[42.520174, -83.043537]
[42.520174, -83.043537]
[42.520174, -83.043537]
[42.520174, -83.043537]
[42.520174, -83.043537]
[42.520174, -83.043537]
[42.520174, -83.043537]
[42.520175, -83.043537]
[42.520175, -83.043537]
[42.520175, -83.043537]
[42.520175, -83.043537]
[42.520175, -83.043537]
[42.520175, -83.043537]
[42.520175, -83.043537]
[42.520175, -83.043537]
[42.520175, -83.043537]
[42.520175, -83.043537]
[42.520175, -83.043537]
[42.520175, -83.043537]
[42.520175, -83.043537]
[42.520175, -83.043537]
[42.520175, -83.043537]
[42.520175, -83.043537]
[42.520175, -83.043537]
[42.520175, -83.043537]
[42.520175, -83.043537]
[42.520175, -83.043537]
[42.520175, -83.043537]
[42.520175, -83.043537]
[42.520175, -83.043537]
[42.520175, -83.043537]
[42.520175, -83.043537]
[42.520175, -83.043537]
[42.520175, -83.043537]
[42.520175, -83.043537]
[42.520175, -83.043537]
[42.520175, -83.043537]
[42.520175, -83.043537]
[42.520175, -83.043537]
[42.520175, -83.043537]
[42.520175, -83.043537]
[42.520175, -83.043537]
[42.520175, -83.043537]
[42.520175, -83.043537]
[42.520175, -83.043537]
[42.520175, -83.043537]
[42.520175, -83.043537]
[42.520175, -83.043537]
[42.520175, -83.043537]
[42.520175, -83.043537]
[42.520175, -83.043537]
[42.520176, -83.043537]
[42.520176, -83.043537]
[42.520176, -83.043537]
[42.520176, -83.043537]
[42.520175, -83.043537]
[42.520175, -83.043537]
[42.520175, -83.043537]
[42.520175, -83.043537]
[42.520175, -83.043536]
[42.520175, -83.043536]
[42.520175, -83.043536]
[42.520175, -83.043536]
[42.520175, -83.043536]
[42.520175, -83.043536]
[42.520175, -83.043536]
[42.520175, -83.043536]
[42.520175, -83.043536]
[42.520175, -83.043536]
[42.520175, -83.043536]
[42.520175, -83.043536]
[42.520175, -83.043536]
[42.520176, -83.043536]
[42.520176, -83.043536]
[42.520176, -83.043536]
[42.520176, -83.043536]
[42.520176, -83.043536]
[42.520176, -83.043536]
[42.520176, -83.043536]
[42.520176, -83.043536]
[42.520176, -83.043536]
[42.520176, -83.043536]
[42.520176, -83.043536]
[42.520176, -83.043536]
[42.520176, -83.043536]
[42.520176, -83.043536]
[42.520176, -83.043536]
[42.520176, -83.043536]
[42.520176, -83.043536]
[42.520176, -83.043536]
[42.520176, -83.043536]
[42.520176, -83.043536]
[42.520176, -83.043536]
[42.520176, -83.043536]
[42.520176, -83.043536]
[42.520176, -83.043536]
[42.520176, -83.043536]
[42.520176, -83.043536]
[42.520176, -83.043536]
[42.520176, -83.043536]
[42.520176, -83.043536]
[42.520176, -83.043536]
[42.520176, -83.043536]
[42.520176, -83.043536]
[42.520176, -83.043536]
[42.520176, -83.043536]
[42.520176, -83.043536]
[42.520176, -83.043536]
[42.520176, -83.043536]
[42.520176, -83.043536]
[42.520176, -83.043536]
[42.520176, -83.043536]
[42.520176, -83.043536]
[42.520176, -83.043536]
[42.520176, -83.043536]
[42.520176, -83.043536]
[42.520176, -83.043536]
[42.520176, -83.043536]
[42.520176, -83.043536]
[42.520176, -83.043536]
[42.520176, -83.043536]
[42.520176, -83.043536]
[42.520176, -83.043536]
[42.520176, -83.043536]
[42.520176, -83.043536]
[42.520176, -83.043536]
[42.520176, -83.043536]
[42.520176, -83.043536]
[42.520176, -83.043536]
[42.520176, -83.043536]
[42.520176, -83.043536]
[42.520176, -83.043536]
[42.520176, -83.043536]
[42.520176, -83.043536]
[42.520176, -83.043536]
[42.520176, -83.043536]
[42.520176, -83.043536]
[42.520176, -83.043536]
[42.520176, -83.043536]
[42.520176, -83.043536]
[42.520176, -83.043536]
[42.520176, -83.043536]
[42.520176, -83.043536]
[42.520176, -83.043536]
[42.520176, -83.043536]
[42.520176, -83.043536]
[42.520176, -83.043536]
[42.520176, -83.043536]
[42.520176, -83.043536]
[42.520176, -83.043536]
[42.520176, -83.043536]
[42.520176, -83.043536]
[42.520176, -83.043536]
[42.520176, -83.043536]
[42.520176, -83.043536]
[42.520176, -83.043536]
[42.520176, -83.043536]
[42.520176, -83.043536]
[42.520176, -83.043536]
[42.520176, -83.043536]
[42.520176, -83.043536]
[42.520176, -83.043536]
[42.520176, -83.043536]
[42.520176, -83.043536]
[42.520176, -83.043536]
[42.520176, -83.043536]
[42.520176, -83.043536]
[42.520176, -83.043536]
[42.520176, -83.043536]
[42.520176, -83.043536]
[42.520176, -83.043536]
[42.520176, -83.043537]
[42.520176, -83.043537]
[42.520176, -83.043537]
[42.520176, -83.043537]
[42.520176, -83.043537]
[42.520177, -83.043537]
[42.520177, -83.043537]
[42.520177, -83.043537]
[42.520177, -83.043537]
[42.520177, -83.043537]
[42.520177, -83.043537]
[42.520177, -83.043537]
[42.520177, -83.043537]
[42.520177, -83.043537]
[42.520177, -83.043537]
[42.520177, -83.043537]
[42.520177, -83.043537]
[42.520177, -83.043537]
[42.520177, -83.043537]
[42.520177, -83.043537]
[42.520177, -83.043537]
[42.520177, -83.043537]
[42.520177, -83.043537]
[42.520177, -83.043537]
[42.520177, -83.043537]
[42.520177, -83.043537]
[42.520177, -83.043537]
[42.520177, -83.043538]
[42.520177, -83.043538]
[42.520177, -83.043538]
[42.520177, -83.043538]
[42.520177, -83.043538]
[42.520177, -83.043538]
[42.520177, -83.043538]
[42.520177, -83.043538]
[42.520177, -83.043538]
[42.520177, -83.043538]
[42.520177, -83.043538]
[42.520177, -83.043538]
[42.520177, -83.043538]
[42.520177, -83.043538]
[42.520177, -83.043538]
[42.520177, -83.043538]
[42.520177, -83.043538]
[42.520177, -83.043538]
[42.520177, -83.043538]
[42.520177, -83.043538]
[42.520177, -83.043538]
[42.520177, -83.043538]
[42.520177, -83.043538]
[42.520177, -83.043538]
[42.520177, -83.043538]
[42.520177, -83.043538]
[42.520177, -83.043538]
[42.520177, -83.043538]
[42.520177, -83.043538]
[42.520177, -83.043538]
[42.520177, -83.043538]
[42.520177, -83.043538]
[42.520177, -83.043538]
[42.520177, -83.043538]
[42.520177, -83.043538]
[42.520177, -83.043538]
[42.520177, -83.043538]
[42.520177, -83.043538]
[42.520176, -83.043538]
[42.520176, -83.043538]
[42.520176, -83.043538]
[42.520176, -83.043538]
[42.520176, -83.043538]
[42.520176, -83.043538]
[42.520176, -83.043538]
[42.520176, -83.043538]
[42.520176, -83.043538]
[42.520176, -83.043538]
[42.520176, -83.043538]
[42.520176, -83.043538]
[42.520176, -83.043538]
[42.520176, -83.043538]
[42.520176, -83.043538]
[42.520176, -83.043538]
[42.520176, -83.043538]
[42.520176, -83.043538]
[42.520176, -83.043538]
[42.520176, -83.043538]
[42.520176, -83.043538]
[42.520176, -83.043538]
[42.520176, -83.043538]
[42.520176, -83.043538]
[42.520176, -83.043538]
[42.520176, -83.043538]
[42.520176, -83.043538]
[42.520176, -83.043538]
[42.520176, -83.043538]
[42.520176, -83.043538]
[42.520176, -83.043538]
[42.520176, -83.043538]
[42.520176, -83.043538]
[42.520176, -83.043538]
[42.520176, -83.043538]
[42.520176, -83.043538]
[42.520176, -83.043538]
[42.520176, -83.043537]
[42.520176, -83.043537]
[42.520176, -83.043537]
[42.520176, -83.043537]
[42.520176, -83.043537]
[42.520176, -83.043537]
[42.520176, -83.043537]
[42.520176, -83.043537]
[42.520176, -83.043537]
[42.520176, -83.043537]
[42.520176, -83.043537]
[42.520176, -83.043537]
[42.520176, -83.043537]
[42.520176, -83.043537]
[42.520175, -83.043537]
[42.520175, -83.043537]
[42.520175, -83.043537]
[42.520175, -83.043537]
[42.520175, -83.043537]
[42.520175, -83.043537]
[42.520175, -83.043537]
[42.520175, -83.043537]
[42.520175, -83.043537]
[42.520175, -83.043537]
[42.520175, -83.043537]
[42.520175, -83.043537]
[42.520175, -83.043537]
[42.520175, -83.043537]
[42.520175, -83.043537]
[42.520175, -83.043537]
[42.520175, -83.043537]
[42.520175, -83.043537]
[42.520175, -83.043537]
[42.520175, -83.043537]
[42.520175, -83.043537]
[42.520175, -83.043537]
[42.520175, -83.043537]
[42.520175, -83.043537]
[42.520175, -83.043537]
[42.520175, -83.043537]
[42.520175, -83.043537]
[42.520175, -83.043537]
[42.520175, -83.043537]
[42.520175, -83.043537]
[42.520175, -83.043537]
[42.520175, -83.043537]
[42.520175, -83.043537]
[42.520175, -83.043537]
[42.520175, -83.043537]
[42.520175, -83.043537]
[42.520175, -83.043537]
[42.520175, -83.043537]
[42.520175, -83.043537]
[42.520175, -83.043537]
[42.520175, -83.043537]
[42.520175, -83.043537]
[42.520175, -83.043537]
[42.520175, -83.043537]
[42.520175, -83.043537]
[42.520175, -83.043537]
[42.520175, -83.043537]
[42.520175, -83.043537]
[42.520175, -83.043537]
[42.520175, -83.043537]
[42.520175, -83.043537]
[42.520175, -83.043537]
[42.520175, -83.043537]
[42.520175, -83.043537]
[42.520175, -83.043537]
[42.520175, -83.043537]
[42.520175, -83.043537]
[42.520175, -83.043537]
[42.520175, -83.043537]
[42.520175, -83.043537]
[42.520175, -83.043537]
[42.520175, -83.043537]
[42.520175, -83.043537]
[42.520175, -83.043537]
[42.520175, -83.043537]
[42.520175, -83.043537]
[42.520175, -83.043537]
[42.520175, -83.043537]
[42.520175, -83.043537]
[42.520175, -83.043537]
[42.520175, -83.043537]
[42.520175, -83.043537]
[42.520175, -83.043537]
[42.520175, -83.043537]
[42.520175, -83.043537]
[42.520175, -83.043537]
[42.520175, -83.043537]
[42.520175, -83.043537]
[42.520175, -83.043537]
[42.520175, -83.043537]
[42.520175, -83.043537]
[42.520175, -83.043537]
[42.520175, -83.043537]
[42.520175, -83.043537]
[42.520175, -83.043537]
[42.520175, -83.043537]
[42.520175, -83.043537]
[42.520175, -83.043537]
[42.520175, -83.043537]
[42.520175, -83.043537]
[42.520175, -83.043537]
[42.520175, -83.043537]
[42.520175, -83.043537]
[42.520175, -83.043537]
[42.520175, -83.043537]
[42.520175, -83.043537]
[42.520175, -83.043537]
[42.520175, -83.043537]
[42.520175, -83.043537]
[42.520175, -83.043537]
[42.520175, -83.043537]
[42.520175, -83.043537]
[42.520174, -83.043537]
[42.520174, -83.043537]
[42.520174, -83.043537]
[42.520174, -83.043537]
[42.520174, -83.043537]
[42.520174, -83.043537]
[42.520174, -83.043537]
[42.520174, -83.043537]
[42.520174, -83.043537]
[42.520174, -83.043537]
[42.520174, -83.043537]
[42.520174, -83.043537]
[42.520174, -83.043537]
[42.520174, -83.043537]
[42.520174, -83.043537]
[42.520174, -83.043537]
[42.520174, -83.043537]
[42.520174, -83.043537]
[42.520174, -83.043537]
[42.520174, -83.043537]
[42.520174, -83.043537]
[42.520175, -83.043537]
[42.520175, -83.043537]
[42.520175, -83.043537]
[42.520175, -83.043537]
[42.520175, -83.043537]
[42.520175, -83.043537]
[42.520175, -83.043537]
[42.520175, -83.043537]
[42.520175, -83.043537]
[42.520175, -83.043537]
[42.520175, -83.043537]
[42.520175, -83.043537]
[42.520175, -83.043537]
[42.520175, -83.043537]
[42.520175, -83.043537]
[42.520175, -83.043537]
[42.520175, -83.043537]
[42.520175, -83.043537]
[42.520175, -83.043537]
[42.520176, -83.043537]
[42.520176, -83.043537]
[42.520176, -83.043537]
[42.520176, -83.043537]
[42.520176, -83.043537]
[42.520176, -83.043537]
[42.520176, -83.043537]
[42.520176, -83.043537]
[42.520176, -83.043537]
[42.520176, -83.043537]
[42.520176, -83.043538]
[42.520176, -83.043538]
[42.520176, -83.043538]
[42.520176, -83.043538]
[42.520176, -83.043538]
[42.520176, -83.043538]
[42.520176, -83.043538]
[42.520176, -83.043538]
[42.520176, -83.043538]
[42.520177, -83.043538]
[42.520177, -83.043538]
[42.520177, -83.043538]
[42.520177, -83.043538]
[42.520177, -83.043538]
[42.520177, -83.043538]
[42.520177, -83.043538]
[42.520177, -83.043538]
[42.520177, -83.043538]
[42.520177, -83.043538]
[42.520177, -83.043538]
[42.520177, -83.043538]
[42.520177, -83.043538]
[42.520177, -83.043538]
[42.520177, -83.043538]
[42.520177, -83.043538]
[42.520177, -83.043538]
[42.520177, -83.043538]
[42.520177, -83.043538]
[42.520177, -83.043538]
[42.520177, -83.043538]
[42.520177, -83.043538]
[42.520177, -83.043538]
[42.520177, -83.043538]
[42.520177, -83.043538]
[42.520177, -83.043538]
[42.520177, -83.043538]
[42.520177, -83.043538]
[42.520177, -83.043538]
[42.520178, -83.043538]
[42.520178, -83.043538]
[42.520178, -83.043538]
[42.520178, -83.043538]
[42.520178, -83.043538]
[42.520178, -83.043538]
[42.520178, -83.043538]
[42.520178, -83.043538]
[42.520178, -83.043538]
[42.520178, -83.043538]
[42.520178, -83.043538]
[42.520178, -83.043538]
[42.520178, -83.043538]
[42.520178, -83.043538]
[42.520178, -83.043538]
[42.520178, -83.043538]
[42.520178, -83.043538]
[42.520178, -83.043538]
[42.520178, -83.043538]
[42.520178, -83.043538]
[42.520178, -83.043538]
[42.520178, -83.043538]
[42.520178, -83.043538]
[42.520178, -83.043538]
[42.520178, -83.043538]
[42.520178, -83.043538]
[42.520178, -83.043538]
[42.520178, -83.043538]
[42.520178, -83.043538]
[42.520178, -83.043538]
[42.520178, -83.043538]
[42.520178, -83.043538]
[42.520178, -83.043538]
[42.520178, -83.043538]
[42.520178, -83.043539]
[42.520178, -83.043539]
[42.520178, -83.043539]
[42.520178, -83.043539]
[42.520178, -83.043539]
[42.520178, -83.043539]
[42.520178, -83.043539]
[42.520178, -83.043539]
[42.520178, -83.043539]
[42.520178, -83.043539]
[42.520178, -83.043539]
[42.520178, -83.043539]
[42.520178, -83.043539]
[42.520178, -83.043539]
[42.520178, -83.043539]
[42.520178, -83.043539]
[42.520178, -83.043539]
[42.520178, -83.043539]
[42.520178, -83.043539]
[42.520178, -83.043539]
[42.520178, -83.043539]
[42.520178, -83.043539]
[42.520178, -83.043539]
[42.520178, -83.043539]
[42.520179, -83.043539]
[42.520179, -83.043539]
[42.520179, -83.043539]
[42.520178, -83.043539]
[42.520178, -83.043539]
[42.520178, -83.043539]
[42.520178, -83.043539]
[42.520178, -83.043539]
[42.520178, -83.043539]
[42.520178, -83.043539]
[42.520178, -83.043539]
[42.520178, -83.043539]
[42.520178, -83.043539]
[42.520178, -83.043539]
[42.520178, -83.043539]
[42.520178, -83.043539]
[42.520178, -83.043539]
[42.520178, -83.043539]
[42.520178, -83.043539]
[42.520178, -83.043539]
[42.520178, -83.043539]
[42.520178, -83.043539]
[42.520178, -83.043539]
[42.520178, -83.043539]
[42.520178, -83.043538]
[42.520178, -83.043538]
[42.520178, -83.043538]
[42.520178, -83.043538]
[42.520178, -83.043538]
[42.520178, -83.043538]
[42.520178, -83.043538]
[42.520178, -83.043538]
[42.520178, -83.043538]
[42.520178, -83.043538]
[42.520178, -83.043538]
[42.520178, -83.043538]
[42.520178, -83.043538]
[42.520178, -83.043539]
[42.520178, -83.043539]
[42.520178, -83.043539]
[42.520178, -83.043539]
[42.520178, -83.043539]
[42.520178, -83.043539]
[42.520178, -83.043539]
[42.520178, -83.043539]
[42.520178, -83.043539]
[42.520178, -83.043539]
[42.520178, -83.043539]
[42.520178, -83.043539]
[42.520178, -83.043539]
[42.520178, -83.043539]
[42.520178, -83.043539]
[42.520178, -83.043539]
[42.520178, -83.043539]
[42.520178, -83.043539]
[42.520178, -83.043539]
[42.520178, -83.043539]
[42.520178, -83.043539]
[42.520178, -83.043539]
[42.520178, -83.043539]
[42.520178, -83.043539]
[42.520178, -83.043539]
[42.520178, -83.043539]
[42.520178, -83.043539]
[42.520178, -83.043539]
[42.520178, -83.043539]
[42.520178, -83.043539]
[42.520178, -83.043539]
[42.520178, -83.043539]
[42.520178, -83.043539]
[42.520178, -83.043539]
[42.520178, -83.043539]
[42.520178, -83.043539]
[42.520178, -83.043539]
[42.520178, -83.043539]
[42.520178, -83.043539]
[42.520178, -83.043539]
[42.520178, -83.043539]
[42.520178, -83.043539]
[42.520178, -83.043539]
[42.520178, -83.043539]
[42.520178, -83.043539]
[42.520178, -83.043539]
[42.520178, -83.043539]
[42.520178, -83.043539]
[42.520178, -83.043539]
[42.520178, -83.043539]
[42.520178, -83.043539]
[42.520178, -83.043539]
[42.520178, -83.043539]
[42.520178, -83.043539]
[42.520178, -83.043539]
[42.520178, -83.043539]
[42.520178, -83.043539]
[42.520178, -83.043539]
[42.520178, -83.043539]
[42.520178, -83.043539]
[42.520178, -83.043539]
[42.520178, -83.043539]
[42.520178, -83.043539]
[42.520178, -83.043539]
[42.520178, -83.043539]
[42.520178, -83.043539]
[42.520177, -83.043539]
[42.520177, -83.043539]
[42.520178, -83.043539]
[42.520178, -83.043539]
[42.520178, -83.043539]
[42.520178, -83.043539]
[42.520178, -83.043539]
[42.520178, -83.043539]
[42.520178, -83.043539]
[42.520178, -83.043539]
[42.520178, -83.043539]
[42.520178, -83.043539]
[42.520178, -83.043539]
[42.520177, -83.043539]
[42.520177, -83.043539]
[42.520177, -83.043539]
[42.520177, -83.043539]
[42.520177, -83.043539]
[42.520177, -83.043539]
[42.520177, -83.043539]
[42.520177, -83.043539]
[42.520177, -83.043539]
[42.520177, -83.043539]
[42.520177, -83.043539]
[42.520177, -83.043539]
[42.520177, -83.043539]
[42.520177, -83.043539]
[42.520177, -83.043539]
[42.520177, -83.043539]
[42.520177, -83.043539]
[42.520177, -83.043539]
[42.520177, -83.043539]
[42.520177, -83.043539]
[42.520177, -83.043539]
[42.520177, -83.043539]
[42.520177, -83.043539]
[42.520177, -83.043539]
[42.520177, -83.043539]
[42.520177, -83.043539]
[42.520177, -83.043539]
[42.520177, -83.043539]
[42.520177, -83.043539]
[42.520177, -83.043539]
[42.520176, -83.043539]
[42.520176, -83.043539]
[42.520176, -83.043539]
[42.520176, -83.043539]
[42.520176, -83.043539]
[42.520176, -83.043539]
[42.520176, -83.043539]
[42.520176, -83.043539]
[42.520176, -83.043539]
[42.520176, -83.043539]
[42.520176, -83.043539]
[42.520176, -83.043539]
[42.520176, -83.043539]
[42.520176, -83.043539]
[42.520176, -83.043539]
[42.520176, -83.043539]
[42.520176, -83.043539]
[42.520176, -83.043539]
[42.520176, -83.043538]
[42.520176, -83.043538]
[42.520176, -83.043538]
[42.520176, -83.043538]
[42.520176, -83.043538]
[42.520176, -83.043538]
[42.520176, -83.043538]
[42.520176, -83.043538]
[42.520176, -83.043538]
[42.520176, -83.043538]
[42.520176, -83.043538]
[42.520176, -83.043538]
[42.520176, -83.043538]
[42.520176, -83.043538]
[42.520176, -83.043538]
[42.520175, -83.043538]
[42.520175, -83.043538]
[42.520175, -83.043538]
[42.520175, -83.043538]
[42.520175, -83.043538]
[42.520175, -83.043538]
[42.520175, -83.043538]
[42.520175, -83.043538]
[42.520175, -83.043538]
[42.520175, -83.043538]
[42.520175, -83.043538]
[42.520175, -83.043538]
[42.520175, -83.043538]
[42.520175, -83.043538]
[42.520175, -83.043538]
[42.520175, -83.043538]
[42.520175, -83.043538]
[42.520175, -83.043538]
[42.520175, -83.043538]
[42.520175, -83.043537]
[42.520175, -83.043537]
[42.520175, -83.043537]
[42.520175, -83.043537]
[42.520175, -83.043537]
[42.520175, -83.043537]
[42.520175, -83.043537]
[42.520175, -83.043537]
[42.520175, -83.043537]
[42.520175, -83.043537]
[42.520175, -83.043537]
[42.520175, -83.043537]
[42.520175, -83.043537]
[42.520175, -83.043537]
[42.520175, -83.043537]
[42.520175, -83.043537]
[42.520175, -83.043537]
[42.520175, -83.043537]
[42.520175, -83.043537]
[42.520175, -83.043537]
[42.520175, -83.043537]
[42.520175, -83.043537]
[42.520175, -83.043537]
[42.520175, -83.043537]
[42.520175, -83.043537]
[42.520175, -83.043537]
[42.520175, -83.043537]
[42.520175, -83.043537]
[42.520175, -83.043537]
[42.520175, -83.043537]
[42.520175, -83.043537]
[42.520175, -83.043537]
[42.520175, -83.043537]
[42.520175, -83.043537]
[42.520175, -83.043537]
[42.520175, -83.043537]
[42.520175, -83.043537]
[42.520175, -83.043537]
[42.520175, -83.043537]
[42.520175, -83.043537]
[42.520175, -83.043537]
[42.520175, -83.043537]
[42.520175, -83.043537]
[42.520175, -83.043537]
[42.520175, -83.043537]
[42.520175, -83.043537]
[42.520175, -83.043537]
[42.520175, -83.043537]
[42.520175, -83.043537]
[42.520175, -83.043537]
[42.520175, -83.043537]
[42.520175, -83.043537]
[42.520175, -83.043537]
[42.520175, -83.043537]
[42.520175, -83.043537]
[42.520175, -83.043537]
[42.520175, -83.043537]
[42.520175, -83.043537]
[42.520175, -83.043537]
[42.520175, -83.043537]
[42.520175, -83.043537]
[42.520175, -83.043537]
[42.520175, -83.043537]
[42.520175, -83.043537]
[42.520175, -83.043537]
[42.520175, -83.043537]
[42.520175, -83.043537]
[42.520175, -83.043537]
[42.520175, -83.043537]
[42.520175, -83.043537]
[42.520175, -83.043537]
[42.520175, -83.043537]
[42.520175, -83.043537]
[42.520175, -83.043537]
[42.520175, -83.043536]
[42.520175, -83.043536]
[42.520175, -83.043536]
[42.520175, -83.043536]
[42.520175, -83.043536]
[42.520175, -83.043536]
[42.520175, -83.043536]
[42.520175, -83.043536]
[42.520175, -83.043536]
[42.520175, -83.043536]
[42.520175, -83.043536]
[42.520175, -83.043536]
[42.520175, -83.043536]
[42.520175, -83.043536]
[42.520175, -83.043536]
[42.520175, -83.043536]
[42.520175, -83.043536]
[42.520175, -83.043536]
[42.520175, -83.043536]
[42.520175, -83.043536]
[42.520175, -83.043536]
[42.520175, -83.043536]
[42.520175, -83.043536]
[42.520175, -83.043536]
[42.520175, -83.043536]
[42.520175, -83.043536]
[42.520175, -83.043536]
[42.520175, -83.043536]
[42.520175, -83.043536]
[42.520175, -83.043536]
[42.520175, -83.043536]
[42.520175, -83.043536]
[42.520175, -83.043536]
[42.520175, -83.043536]
[42.520175, -83.043536]
[42.520175, -83.043536]
[42.520175, -83.043536]
[42.520175, -83.043536]
[42.520175, -83.043536]
[42.520175, -83.043536]
[42.520175, -83.043536]
[42.520175, -83.043536]
[42.520175, -83.043536]
[42.520175, -83.043536]
[42.520175, -83.043536]
[42.520175, -83.043536]
[42.520175, -83.043536]
[42.520175, -83.043536]
[42.520175, -83.043536]
[42.520175, -83.043536]
[42.520175, -83.043536]
[42.520175, -83.043536]
[42.520175, -83.043536]
[42.520175, -83.043536]
[42.520175, -83.043536]
[42.520175, -83.043536]
[42.520175, -83.043536]
[42.520175, -83.043536]
[42.520175, -83.043536]
[42.520175, -83.043536]
[42.520175, -83.043536]
[42.520175, -83.043536]
[42.520175, -83.043536]
[42.520175, -83.043536]
[42.520175, -83.043536]
[42.520175, -83.043536]
[42.520175, -83.043536]
[42.520175, -83.043536]
[42.520175, -83.043536]
[42.520175, -83.043536]
[42.520175, -83.043536]
[42.520175, -83.043536]
[42.520175, -83.043536]
[42.520175, -83.043536]
[42.520175, -83.043536]
[42.520175, -83.043536]
[42.520175, -83.043536]
[42.520175, -83.043536]
[42.520175, -83.043536]
[42.520175, -83.043536]
[42.520176, -83.043536]
[42.520176, -83.043536]
[42.520176, -83.043536]
[42.520176, -83.043536]
[42.520176, -83.043536]
[42.520176, -83.043536]
[42.520176, -83.043536]
[42.520176, -83.043536]
[42.520176, -83.043536]
[42.520176, -83.043536]
[42.520176, -83.043536]
[42.520176, -83.043536]
[42.520175, -83.043536]
[42.520175, -83.043536]
[42.520175, -83.043536]
[42.520175, -83.043536]
[42.520175, -83.043536]
[42.520175, -83.043536]
[42.520175, -83.043536]
[42.520175, -83.043536]
[42.520175, -83.043536]
[42.520175, -83.043536]
[42.520175, -83.043536]
[42.520175, -83.043536]
[42.520175, -83.043536]
[42.520175, -83.043536]
[42.520175, -83.043536]
[42.520175, -83.043536]
[42.520175, -83.043536]
[42.520175, -83.043536]
[42.520175, -83.043536]
[42.520175, -83.043536]
[42.520175, -83.043536]
[42.520175, -83.043536]
[42.520175, -83.043536]
[42.520175, -83.043536]
[42.520175, -83.043536]
[42.520175, -83.043536]
[42.520175, -83.043536]
[42.520175, -83.043536]
[42.520175, -83.043536]
[42.520175, -83.043536]
[42.520175, -83.043536]
[42.520175, -83.043536]
[42.520175, -83.043536]
[42.520175, -83.043536]
[42.520175, -83.043536]
[42.520175, -83.043536]
[42.520175, -83.043536]
[42.520175, -83.043536]
[42.520175, -83.043536]
[42.520175, -83.043536]
[42.520174, -83.043536]
[42.520174, -83.043536]
[42.520174, -83.043536]
[42.520174, -83.043536]
[42.520174, -83.043536]
[42.520174, -83.043536]
[42.520174, -83.043536]
[42.520174, -83.043536]
[42.520174, -83.043536]
[42.520174, -83.043536]
[42.520174, -83.043536]
[42.520174, -83.043536]
[42.520174, -83.043536]
[42.520174, -83.043536]
[42.520174, -83.043536]
[42.520174, -83.043536]
[42.520174, -83.043536]
[42.520174, -83.043536]
[42.520174, -83.043536]
[42.520174, -83.043536]
[42.520174, -83.043536]
[42.520174, -83.043536]
[42.520174, -83.043536]
[42.520174, -83.043536]
[42.520174, -83.043536]
[42.520174, -83.043536]
[42.520174, -83.043536]
[42.520174, -83.043536]
[42.520174, -83.043536]
[42.520174, -83.043536]
[42.520173, -83.043536]
[42.520173, -83.043536]
[42.520173, -83.043536]
[42.520173, -83.043536]
[42.520173, -83.043536]
[42.520173, -83.043536]
[42.520173, -83.043537]
[42.520173, -83.043537]
[42.520173, -83.043537]
[42.520173, -83.043537]
[42.520173, -83.043537]
[42.520173, -83.043537]
[42.520173, -83.043537]
[42.520173, -83.043537]
[42.520173, -83.043537]
[42.520173, -83.043537]
[42.520173, -83.043537]
[42.520173, -83.043537]
[42.520173, -83.043536]
[42.520173, -83.043536]
[42.520173, -83.043536]
[42.520173, -83.043536]
[42.520173, -83.043536]
[42.520173, -83.043536]
[42.520173, -83.043536]
[42.520173, -83.043536]
[42.520173, -83.043536]
[42.520173, -83.043536]
[42.520173, -83.043536]
[42.520173, -83.043536]
[42.520173, -83.043536]
[42.520173, -83.043536]
[42.520173, -83.043536]
[42.520173, -83.043536]
[42.520173, -83.043536]
[42.520173, -83.043536]
[42.520173, -83.043536]
[42.520173, -83.043536]
[42.520173, -83.043536]
[42.520173, -83.043536]
[42.520173, -83.043536]
[42.520173, -83.043536]
[42.520173, -83.043536]
[42.520173, -83.043536]
[42.520173, -83.043536]
[42.520173, -83.043536]
[42.520173, -83.043536]
[42.520173, -83.043536]
[42.520173, -83.043536]
[42.520173, -83.043536]
[42.520173, -83.043536]
[42.520173, -83.043536]
[42.520173, -83.043536]
[42.520173, -83.043536]
[42.520173, -83.043536]
[42.520173, -83.043536]
[42.520173, -83.043536]
[42.520173, -83.043536]
[42.520173, -83.043536]
[42.520173, -83.043536]
[42.520173, -83.043536]
[42.520173, -83.043536]
[42.520173, -83.043536]
[42.520173, -83.043536]
[42.520173, -83.043536]
[42.520173, -83.043536]
[42.520173, -83.043536]
[42.520173, -83.043536]
[42.520173, -83.043536]
[42.520173, -83.043536]
[42.520173, -83.043536]
[42.520173, -83.043536]
[42.520173, -83.043536]
[42.520174, -83.043536]
[42.520174, -83.043536]
[42.520174, -83.043536]
[42.520174, -83.043536]
[42.520174, -83.043536]
[42.520174, -83.043536]
[42.520174, -83.043537]
[42.520174, -83.043537]
[42.520174, -83.043537]
[42.520174, -83.043537]
[42.520174, -83.043537]
[42.520174, -83.043537]
[42.520174, -83.043537]
[42.520174, -83.043537]
[42.520174, -83.043537]
[42.520174, -83.043537]
[42.520174, -83.043537]
[42.520174, -83.043537]
[42.520174, -83.043537]
[42.520174, -83.043537]
[42.520174, -83.043537]
[42.520174, -83.043537]
[42.520174, -83.043537]
[42.520174, -83.043537]
[42.520174, -83.043537]
[42.520174, -83.043537]
[42.520174, -83.043537]
[42.520174, -83.043537]
[42.520174, -83.043537]
[42.520174, -83.043537]
[42.520174, -83.043537]
[42.520174, -83.043537]
[42.520174, -83.043537]
[42.520175, -83.043537]
[42.520175, -83.043537]
[42.520175, -83.043537]
[42.520175, -83.043537]
[42.520175, -83.043537]
[42.520175, -83.043538]
[42.520175, -83.043538]
[42.520175, -83.043538]
[42.520175, -83.043538]
[42.520175, -83.043538]
[42.520175, -83.043538]
[42.520175, -83.043538]
[42.520175, -83.043538]
[42.520175, -83.043538]
[42.520175, -83.043538]
[42.520175, -83.043538]
[42.520175, -83.043538]
[42.520175, -83.043538]
[42.520175, -83.043539]
[42.520175, -83.043539]
[42.520175, -83.043539]
[42.520175, -83.043539]
[42.520175, -83.043539]
[42.520175, -83.043539]
[42.520175, -83.043539]
[42.520175, -83.043539]
[42.520175, -83.043539]
[42.520175, -83.043539]
[42.520175, -83.043539]
[42.520175, -83.043539]
[42.520175, -83.043539]
[42.520175, -83.043539]
[42.520175, -83.043539]
[42.520175, -83.043540]
[42.520175, -83.043540]
[42.520175, -83.043540]
[42.520175, -83.043540]
[42.520176, -83.043540]
[42.520176, -83.043540]
[42.520176, -83.043540]
[42.520176, -83.043540]
[42.520176, -83.043540]
[42.520176, -83.043540]
[42.520176, -83.043540]
[42.520176, -83.043540]
[42.520176, -83.043540]
[42.520176, -83.043540]
[42.520176, -83.043540]
[42.520176, -83.043540]
[42.520176, -83.043540]
[42.520176, -83.043540]
[42.520176, -83.043540]
[42.520176, -83.043540]
[42.520176, -83.043540]
[42.520176, -83.043540]
[42.520176, -83.043541]
[42.520176, -83.043541]
[42.520176, -83.043541]
[42.520176, -83.043541]
[42.520176, -83.043541]
[42.520176, -83.043541]
[42.520176, -83.043541]
[42.520176, -83.043541]
[42.520176, -83.043541]
[42.520176, -83.043541]
[42.520176, -83.043541]
[42.520176, -83.043541]
[42.520176, -83.043541]
[42.520176, -83.043541]
[42.520176, -83.043541]
[42.520176, -83.043541]
[42.520176, -83.043541]
[42.520176, -83.043541]
[42.520176, -83.043541]
[42.520176, -83.043541]
[42.520176, -83.043541]
[42.520176, -83.043540]
[42.520176, -83.043540]
[42.520176, -83.043540]
[42.520176, -83.043540]
[42.520176, -83.043540]
[42.520176, -83.043540]
[42.520176, -83.043540]
[42.520176, -83.043540]
[42.520176, -83.043540]
[42.520176, -83.043540]
[42.520176, -83.043540]
[42.520176, -83.043540]
[42.520176, -83.043540]
[42.520176, -83.043540]
[42.520176, -83.043540]
[42.520176, -83.043540]
[42.520176, -83.043540]
[42.520176, -83.043540]
[42.520176, -83.043540]
[42.520176, -83.043540]
[42.520176, -83.043540]
[42.520176, -83.043540]
[42.520176, -83.043540]
[42.520176, -83.043540]
[42.520176, -83.043540]
[42.520176, -83.043540]
[42.520176, -83.043540]
[42.520176, -83.043540]
[42.520176, -83.043540]
[42.520176, -83.043540]
[42.520176, -83.043540]
[42.520176, -83.043540]
[42.520176, -83.043539]
[42.520176, -83.043539]
[42.520176, -83.043539]
[42.520176, -83.043539]
[42.520176, -83.043539]
[42.520176, -83.043539]
[42.520176, -83.043539]
[42.520176, -83.043539]
[42.520176, -83.043539]
[42.520176, -83.043539]
[42.520176, -83.043539]
[42.520176, -83.043539]
[42.520176, -83.043539]
[42.520176, -83.043539]
[42.520176, -83.043539]
[42.520176, -83.043539]
[42.520176, -83.043539]
[42.520176, -83.043539]
[42.520176, -83.043539]
[42.520176, -83.043539]
[42.520176, -83.043539]
[42.520176, -83.043539]
[42.520176, -83.043539]
[42.520176, -83.043539]
[42.520176, -83.043539]
[42.520176, -83.043539]
[42.520176, -83.043539]
[42.520176, -83.043539]
[42.520176, -83.043539]
[42.520176, -83.043539]
[42.520176, -83.043539]
[42.520176, -83.043539]
[42.520176, -83.043539]
[42.520176, -83.043539]
[42.520176, -83.043539]
[42.520176, -83.043539]
[42.520176, -83.043539]
[42.520176, -83.043538]
[42.520176, -83.043538]
[42.520176, -83.043538]
[42.520176, -83.043538]
[42.520176, -83.043538]
[42.520176, -83.043538]
[42.520176, -83.043538]
[42.520176, -83.043538]
[42.520176, -83.043538]
[42.520176, -83.043538]
[42.520176, -83.043538]
[42.520176, -83.043538]
[42.520176, -83.043538]
[42.520176, -83.043538]
[42.520176, -83.043538]
[42.520176, -83.043538]
[42.520176, -83.043538]
[42.520176, -83.043538]
[42.520176, -83.043538]
[42.520176, -83.043538]
[42.520176, -83.043538]
[42.520176, -83.043538]
[42.520176, -83.043538]
[42.520176, -83.043538]
[42.520176, -83.043538]
[42.520176, -83.043538]
[42.520176, -83.043538]
[42.520176, -83.043538]
[42.520176, -83.043538]
[42.520176, -83.043538]
[42.520176, -83.043538]
[42.520176, -83.043538]
[42.520176, -83.043538]
[42.520176, -83.043538]
[42.520176, -83.043538]
[42.520176, -83.043538]
[42.520176, -83.043538]
[42.520176, -83.043538]
[42.520176, -83.043538]
[42.520176, -83.043538]
[42.520176, -83.043538]
[42.520176, -83.043538]
[42.520176, -83.043538]
[42.520176, -83.043538]
[42.520176, -83.043538]
[42.520176, -83.043538]
[42.520176, -83.043538]
[42.520176, -83.043538]
[42.520176, -83.043538]
[42.520176, -83.043538]
[42.520176, -83.043538]
[42.520176, -83.043538]
[42.520176, -83.043538]
[42.520176, -83.043538]
[42.520176, -83.043538]
[42.520176, -83.043538]
[42.520176, -83.043538]
[42.520176, -83.043538]
[42.520176, -83.043538]
[42.520176, -83.043538]
[42.520176, -83.043538]
[42.520176, -83.043538]
[42.520176, -83.043538]
[42.520176, -83.043538]
[42.520176, -83.043538]
[42.520176, -83.043538]
[42.520176, -83.043538]
[42.520176, -83.043538]
[42.520176, -83.043538]
[42.520176, -83.043538]
[42.520176, -83.043538]
[42.520176, -83.043538]
[42.520176, -83.043538]
[42.520176, -83.043538]
[42.520176, -83.043538]
[42.520176, -83.043538]
[42.520176, -83.043538]
[42.520176, -83.043538]
[42.520176, -83.043538]
[42.520176, -83.043538]
[42.520176, -83.043538]
[42.520176, -83.043538]
[42.520176, -83.043538]
[42.520176, -83.043538]
[42.520176, -83.043538]
[42.520176, -83.043538]
[42.520176, -83.043538]
[42.520176, -83.043538]
[42.520176, -83.043538]
[42.520176, -83.043538]
[42.520176, -83.043538]
[42.520176, -83.043538]
[42.520176, -83.043538]
[42.520176, -83.043538]
[42.520176, -83.043538]
[42.520176, -83.043538]
[42.520176, -83.043538]
[42.520176, -83.043538]
[42.520176, -83.043538]
[42.520176, -83.043538]
[42.520176, -83.043538]
[42.520176, -83.043538]
[42.520176, -83.043538]
[42.520176, -83.043538]
[42.520176, -83.043538]
[42.520176, -83.043536]
[42.520176, -83.043535]
[42.520176, -83.043535]
[42.520175, -83.043532]
[42.520173, -83.043524]
[42.520173, -83.043520]
[42.520170, -83.043513]
[42.520168, -83.043505]
[42.520167, -83.043501]
[42.520161, -83.043481]
[42.520160, -83.043472]
[42.520160, -83.043464]
[42.520160, -83.043459]
[42.520162, -83.043450]
[42.520165, -83.043436]
[42.520165, -83.043436]
[42.520167, -83.043431]
[42.520175, -83.043420]
[42.520178, -83.043416]
[42.520184, -83.043411]
[42.520190, -83.043408]
[42.520193, -83.043406]
[42.520196, -83.043405]
[42.520205, -83.043404]
[42.520208, -83.043404]
[42.520214, -83.043404]
[42.520219, -83.043404]
[42.520222, -83.043404]
[42.520226, -83.043404]
[42.520230, -83.043404]
[42.520232, -83.043404]
[42.520234, -83.043404]
[42.520234, -83.043404]
[42.520234, -83.043404]
[42.520234, -83.043405]
[42.520234, -83.043405]
[42.520233, -83.043405]
[42.520232, -83.043405]
[42.520231, -83.043405]
[42.520230, -83.043406]
[42.520229, -83.043406]
[42.520226, -83.043407]
[42.520225, -83.043408]
[42.520223, -83.043408]
[42.520219, -83.043409]
[42.520216, -83.043408]
[42.520216, -83.043408]
[42.520211, -83.043408]
[42.520207, -83.043407]
[42.520206, -83.043406]
[42.520203, -83.043405]
[42.520199, -83.043403]
[42.520199, -83.043403]
[42.520195, -83.043402]
[42.520195, -83.043402]
[42.520195, -83.043402]
[42.520195, -83.043402]
[42.520195, -83.043402]
[42.520196, -83.043402]
[42.520198, -83.043402]
[42.520200, -83.043402]
[42.520200, -83.043402]
[42.520204, -83.043402]
[42.520206, -83.043401]
[42.520207, -83.043401]
[42.520208, -83.043401]
[42.520210, -83.043401]
[42.520210, -83.043401]
[42.520213, -83.043401]
[42.520215, -83.043401]
[42.520216, -83.043400]
[42.520218, -83.043400]
[42.520219, -83.043400]
[42.520219, -83.043400]
[42.520221, -83.043400]
[42.520224, -83.043400]
[42.520224, -83.043400]
[42.520226, -83.043400]
[42.520230, -83.043399]
[42.520230, -83.043399]
[42.520233, -83.043399]
[42.520238, -83.043398]
[42.520240, -83.043398]
[42.520243, -83.043398]
[42.520247, -83.043398]
[42.520247, -83.043398]
[42.520250, -83.043397]
[42.520254, -83.043397]
[42.520254, -83.043397]
[42.520256, -83.043396]
[42.520255, -83.043396]
[42.520255, -83.043396]
[42.520255, -83.043396]
[42.520255, -83.043396]
[42.520255, -83.043396]
[42.520255, -83.043396]
[42.520254, -83.043396]
[42.520254, -83.043396]
[42.520251, -83.043397]
[42.520251, -83.043397]
[42.520250, -83.043397]
[42.520251, -83.043397]
[42.520250, -83.043397]
[42.520250, -83.043397]
[42.520250, -83.043397]
[42.520251, -83.043397]
[42.520252, -83.043396]
[42.520253, -83.043396]
[42.520253, -83.043396]
[42.520253, -83.043396]
[42.520253, -83.043396]
[42.520253, -83.043396]
[42.520253, -83.043396]
[42.520253, -83.043396]
[42.520253, -83.043396]
[42.520253, -83.043396]
[42.520253, -83.043396]
[42.520253, -83.043396]
[42.520253, -83.043396]
[42.520253, -83.043396]
[42.520253, -83.043396]
[42.520253, -83.043396]
[42.520253, -83.043396]
[42.520253, -83.043396]
[42.520252, -83.043396]
[42.520252, -83.043396]
[42.520252, -83.043396]
[42.520252, -83.043396]
[42.520252, -83.043396]
[42.520252, -83.043396]
[42.520252, -83.043396]
[42.520252, -83.043395]
[42.520252, -83.043395]
[42.520252, -83.043396]
[42.520252, -83.043396]
[42.520252, -83.043396]
[42.520252, -83.043396]
[42.520252, -83.043396]
[42.520252, -83.043396]
[42.520252, -83.043396]
[42.520252, -83.043396]
[42.520252, -83.043396]
[42.520252, -83.043396]
[42.520252, -83.043396]
[42.520252, -83.043395]
[42.520252, -83.043395]
[42.520252, -83.043395]
[42.520252, -83.043395]
[42.520252, -83.043395]
[42.520252, -83.043395]
[42.520252, -83.043395]
[42.520252, -83.043395]
[42.520252, -83.043395]
[42.520251, -83.043395]
[42.520251, -83.043395]
[42.520251, -83.043395]
[42.520251, -83.043395]
[42.520251, -83.043395]
[42.520251, -83.043395]
[42.520251, -83.043396]
[42.520251, -83.043396]
[42.520251, -83.043396]
[42.520251, -83.043396]
[42.520251, -83.043396]
[42.520251, -83.043396]
[42.520251, -83.043396]
[42.520251, -83.043396]
[42.520251, -83.043396]
[42.520251, -83.043396]
[42.520251, -83.043396]
[42.520251, -83.043396]
[42.520251, -83.043396]
[42.520251, -83.043396]
[42.520251, -83.043396]
[42.520250, -83.043396]
[42.520250, -83.043396]
[42.520250, -83.043396]
[42.520250, -83.043396]
[42.520250, -83.043396]
[42.520250, -83.043396]
[42.520250, -83.043396]
[42.520250, -83.043396]
[42.520250, -83.043396]
[42.520250, -83.043396]
[42.520250, -83.043396]
[42.520250, -83.043396]
[42.520250, -83.043396]
[42.520250, -83.043396]
[42.520250, -83.043396]
[42.520250, -83.043396]
[42.520250, -83.043396]
[42.520250, -83.043396]
[42.520250, -83.043396]
[42.520250, -83.043396]
[42.520250, -83.043396]
[42.520250, -83.043396]
[42.520250, -83.043396]
[42.520250, -83.043396]
[42.520250, -83.043396]
[42.520250, -83.043396]
[42.520250, -83.043396]
[42.520250, -83.043396]
[42.520250, -83.043396]
[42.520250, -83.043396]
[42.520250, -83.043396]
[42.520250, -83.043396]
[42.520250, -83.043396]
[42.520250, -83.043396]
[42.520250, -83.043395]
[42.520250, -83.043395]
[42.520250, -83.043395]
[42.520250, -83.043395]
[42.520250, -83.043395]
[42.520251, -83.043395]
[42.520251, -83.043395]
[42.520251, -83.043395]
[42.520251, -83.043395]
[42.520251, -83.043395]
[42.520251, -83.043395]
[42.520251, -83.043395]
[42.520251, -83.043395]
[42.520251, -83.043395]
[42.520251, -83.043395]
[42.520251, -83.043395]
[42.520251, -83.043395]
[42.520251, -83.043395]
[42.520251, -83.043395]
[42.520251, -83.043395]
[42.520251, -83.043395]
[42.520251, -83.043395]
[42.520251, -83.043395]
[42.520251, -83.043395]
[42.520251, -83.043395]
[42.520251, -83.043395]
[42.520251, -83.043395]
[42.520251, -83.043395]
[42.520251, -83.043395]
[42.520251, -83.043395]
[42.520251, -83.043395]
[42.520251, -83.043395]
[42.520251, -83.043395]
[42.520251, -83.043395]
[42.520251, -83.043395]
[42.520251, -83.043395]
[42.520251, -83.043395]
[42.520251, -83.043395]
[42.520251, -83.043395]
[42.520251, -83.043395]
[42.520251, -83.043395]
[42.520251, -83.043395]
[42.520251, -83.043395]
[42.520251, -83.043395]
[42.520251, -83.043395]
[42.520251, -83.043395]
[42.520251, -83.043395]
[42.520251, -83.043395]
[42.520251, -83.043395]
[42.520251, -83.043395]
[42.520251, -83.043395]
[42.520251, -83.043394]
[42.520251, -83.043394]
[42.520251, -83.043394]
[42.520251, -83.043394]
[42.520251, -83.043394]
[42.520251, -83.043394]
[42.520251, -83.043394]
[42.520251, -83.043394]
[42.520251, -83.043394]
[42.520251, -83.043394]
[42.520251, -83.043394]
[42.520251, -83.043394]
[42.520251, -83.043394]
[42.520251, -83.043394]
[42.520251, -83.043394]
[42.520251, -83.043394]
[42.520251, -83.043394]
[42.520251, -83.043394]
[42.520251, -83.043394]
[42.520251, -83.043394]
[42.520251, -83.043394]
[42.520251, -83.043394]
[42.520251, -83.043394]
[42.520251, -83.043394]
[42.520251, -83.043394]
[42.520251, -83.043394]
[42.520251, -83.043394]
[42.520251, -83.043394]
[42.520251, -83.043394]
[42.520251, -83.043394]
[42.520251, -83.043394]
[42.520251, -83.043394]
[42.520251, -83.043394]
[42.520251, -83.043394]
[42.520251, -83.043394]
[42.520251, -83.043394]
[42.520251, -83.043394]
[42.520251, -83.043394]
[42.520251, -83.043394]
[42.520251, -83.043394]
[42.520251, -83.043394]
[42.520251, -83.043394]
[42.520251, -83.043394]
[42.520251, -83.043394]
[42.520251, -83.043394]
[42.520251, -83.043394]
[42.520251, -83.043394]
[42.520251, -83.043394]
[42.520251, -83.043394]
[42.520251, -83.043394]
[42.520251, -83.043394]
[42.520251, -83.043394]
[42.520251, -83.043394]
[42.520251, -83.043394]
[42.520251, -83.043394]
[42.520251, -83.043394]
[42.520251, -83.043394]
[42.520251, -83.043394]
[42.520251, -83.043394]
[42.520251, -83.043394]
[42.520251, -83.043394]
[42.520251, -83.043394]
[42.520251, -83.043394]
[42.520251, -83.043394]
[42.520251, -83.043394]
[42.520251, -83.043394]
[42.520251, -83.043394]
[42.520251, -83.043394]
[42.520251, -83.043394]
[42.520251, -83.043394]
[42.520251, -83.043394]
[42.520251, -83.043394]
[42.520251, -83.043394]
[42.520251, -83.043394]
[42.520251, -83.043394]
[42.520251, -83.043394]
[42.520251, -83.043394]
[42.520251, -83.043394]
[42.520251, -83.043394]
[42.520251, -83.043394]
[42.520251, -83.043394]
[42.520251, -83.043394]
[42.520251, -83.043394]
[42.520251, -83.043394]
[42.520251, -83.043394]
[42.520251, -83.043394]
[42.520251, -83.043394]
[42.520251, -83.043394]
[42.520251, -83.043394]
[42.520251, -83.043394]
[42.520251, -83.043394]
[42.520251, -83.043394]
[42.520251, -83.043394]
[42.520251, -83.043394]
[42.520251, -83.043394]
[42.520251, -83.043394]
[42.520252, -83.043394]
[42.520252, -83.043394]
[42.520252, -83.043394]
[42.520252, -83.043394]
[42.520252, -83.043394]
[42.520252, -83.043394]
[42.520252, -83.043394]
[42.520252, -83.043393]
[42.520252, -83.043393]
[42.520252, -83.043393]
[42.520252, -83.043393]
[42.520252, -83.043393]
[42.520252, -83.043393]
[42.520252, -83.043393]
[42.520252, -83.043393]
[42.520252, -83.043393]
[42.520252, -83.043393]
[42.520252, -83.043393]
[42.520252, -83.043393]
[42.520252, -83.043393]
[42.520252, -83.043393]
[42.520252, -83.043393]
[42.520252, -83.043393]
[42.520252, -83.043393]
[42.520252, -83.043393]
[42.520252, -83.043393]
[42.520252, -83.043393]
[42.520252, -83.043393]
[42.520252, -83.043393]
[42.520252, -83.043393]
[42.520252, -83.043393]
[42.520252, -83.043393]
[42.520252, -83.043392]
[42.520252, -83.043392]
[42.520252, -83.043392]
[42.520252, -83.043392]
[42.520252, -83.043392]
[42.520252, -83.043392]
[42.520252, -83.043392]
[42.520252, -83.043392]
[42.520252, -83.043392]
[42.520252, -83.043392]
[42.520252, -83.043392]
[42.520253, -83.043392]
[42.520253, -83.043392]
[42.520253, -83.043392]
[42.520253, -83.043392]
[42.520253, -83.043392]
[42.520253, -83.043392]
[42.520253, -83.043392]
[42.520253, -83.043392]
[42.520253, -83.043392]
[42.520253, -83.043392]
[42.520253, -83.043392]
[42.520253, -83.043392]
[42.520253, -83.043392]
[42.520253, -83.043392]
[42.520253, -83.043392]
[42.520253, -83.043392]
[42.520253, -83.043392]
[42.520253, -83.043392]
[42.520253, -83.043392]
[42.520253, -83.043392]
[42.520253, -83.043392]
[42.520253, -83.043392]
[42.520253, -83.043391]
[42.520253, -83.043391]
[42.520253, -83.043391]
[42.520253, -83.043391]
[42.520253, -83.043391]
[42.520254, -83.043391]
[42.520254, -83.043391]
[42.520254, -83.043391]
[42.520254, -83.043391]
[42.520254, -83.043391]
[42.520254, -83.043391]
[42.520254, -83.043391]
[42.520254, -83.043391]
[42.520254, -83.043391]
[42.520254, -83.043391]
[42.520254, -83.043391]
[42.520254, -83.043391]
[42.520254, -83.043391]
[42.520254, -83.043391]
[42.520254, -83.043391]
[42.520254, -83.043391]
[42.520254, -83.043391]
[42.520254, -83.043391]
[42.520254, -83.043391]
[42.520254, -83.043391]
[42.520254, -83.043391]
[42.520254, -83.043391]
[42.520254, -83.043391]
[42.520254, -83.043391]
[42.520254, -83.043391]
[42.520254, -83.043391]
[42.520254, -83.043391]
[42.520254, -83.043391]
[42.520254, -83.043391]
[42.520254, -83.043391]
[42.520254, -83.043391]
[42.520254, -83.043391]
[42.520254, -83.043391]
[42.520254, -83.043391]
[42.520254, -83.043392]
[42.520254, -83.043392]
[42.520254, -83.043392]
[42.520254, -83.043392]
[42.520254, -83.043392]
[42.520254, -83.043392]
[42.520254, -83.043392]
[42.520254, -83.043392]
[42.520254, -83.043392]
[42.520254, -83.043392]
[42.520254, -83.043392]
[42.520254, -83.043392]
[42.520254, -83.043392]
[42.520254, -83.043392]
[42.520254, -83.043392]
[42.520254, -83.043392]
[42.520254, -83.043392]
[42.520254, -83.043392]
[42.520254, -83.043392]
[42.520254, -83.043392]
[42.520254, -83.043392]
[42.520254, -83.043392]
[42.520254, -83.043392]
[42.520254, -83.043392]
[42.520254, -83.043392]
[42.520254, -83.043392]
[42.520254, -83.043392]
[42.520254, -83.043392]
[42.520254, -83.043392]
[42.520254, -83.043392]
[42.520254, -83.043392]
[42.520254, -83.043392]
[42.520254, -83.043392]
[42.520254, -83.043392]
[42.520254, -83.043392]
[42.520254, -83.043392]
[42.520254, -83.043392]
[42.520254, -83.043392]
[42.520254, -83.043392]
[42.520254, -83.043392]
[42.520254, -83.043392]
[42.520254, -83.043392]
[42.520254, -83.043392]
[42.520254, -83.043392]
[42.520254, -83.043392]
[42.520254, -83.043392]
[42.520254, -83.043392]
[42.520254, -83.043392]
[42.520254, -83.043392]
[42.520254, -83.043392]
[42.520254, -83.043393]
[42.520254, -83.043393]
[42.520254, -83.043393]
[42.520254, -83.043393]
[42.520254, -83.043393]
[42.520254, -83.043393]
[42.520254, -83.043393]
[42.520254, -83.043393]
[42.520254, -83.043393]
[42.520254, -83.043393]
[42.520254, -83.043393]
[42.520254, -83.043393]
[42.520254, -83.043393]
[42.520254, -83.043393]
[42.520254, -83.043393]
[42.520254, -83.043393]
[42.520254, -83.043393]
[42.520254, -83.043393]
[42.520254, -83.043393]
[42.520254, -83.043393]
[42.520254, -83.043393]
[42.520254, -83.043393]
[42.520254, -83.043393]
[42.520254, -83.043393]
[42.520254, -83.043393]
[42.520254, -83.043393]
[42.520254, -83.043393]
[42.520254, -83.043393]
[42.520254, -83.043394]
[42.520254, -83.043394]
[42.520254, -83.043394]
[42.520254, -83.043394]
[42.520254, -83.043394]
[42.520254, -83.043394]
[42.520254, -83.043394]
[42.520254, -83.043394]
[42.520254, -83.043394]
[42.520254, -83.043394]
[42.520254, -83.043394]
[42.520254, -83.043394]
[42.520254, -83.043394]
[42.520254, -83.043394]
[42.520254, -83.043394]
[42.520254, -83.043394]
[42.520254, -83.043394]
[42.520254, -83.043394]
[42.520254, -83.043394]
[42.520254, -83.043394]
[42.520254, -83.043394]
[42.520254, -83.043394]
[42.520254, -83.043394]
[42.520254, -83.043394]
[42.520254, -83.043394]
[42.520254, -83.043394]
[42.520254, -83.043394]
[42.520254, -83.043394]
[42.520254, -83.043394]
[42.520254, -83.043394]
[42.520254, -83.043394]
[42.520254, -83.043395]
[42.520254, -83.043395]
[42.520254, -83.043395]
[42.520254, -83.043395]
[42.520254, -83.043395]
[42.520254, -83.043395]
[42.520254, -83.043395]
[42.520254, -83.043395]
[42.520254, -83.043395]
[42.520253, -83.043395]
[42.520253, -83.043395]
[42.520252, -83.043395]
[42.520249, -83.043397]
[42.520249, -83.043397]
[42.520247, -83.043398]
[42.520245, -83.043399]
[42.520243, -83.043399]
[42.520242, -83.043400]
[42.520237, -83.043401]
[42.520237, -83.043401]
[42.520234, -83.043401]
[42.520231, -83.043400]
[42.520230, -83.043400]
[42.520228, -83.043400]
[42.520224, -83.043399]
[42.520222, -83.043398]
[42.520220, -83.043398]
[42.520215, -83.043397]
[42.520214, -83.043396]
[42.520210, -83.043395]
[42.520207, -83.043393]
[42.520204, -83.043391]
[42.520204, -83.043391]
[42.520199, -83.043389]
[42.520196, -83.043387]
[42.520194, -83.043386]
[42.520193, -83.043385]
[42.520190, -83.043383]
[42.520189, -83.043383]
[42.520188, -83.043381]
[42.520186, -83.043380]
[42.520186, -83.043380]
[42.520184, -83.043378]
[42.520184, -83.043378]
[42.520184, -83.043378]
[42.520184, -83.043378]
[42.520185, -83.043379]
[42.520185, -83.043380]
[42.520186, -83.043381]
[42.520187, -83.043385]
[42.520188, -83.043386]
[42.520190, -83.043393]
[42.520190, -83.043395]
[42.520190, -83.043398]
[42.520191, -83.043403]
[42.520192, -83.043409]
[42.520192, -83.043409]
[42.520192, -83.043419]
[42.520191, -83.043426]
[42.520191, -83.043430]
[42.520190, -83.043437]
[42.520190, -83.043444]
[42.520190, -83.043449]
[42.520189, -83.043454]
[42.520189, -83.043457]
[42.520189, -83.043457]
[42.520189, -83.043466]
[42.520188, -83.043471]
[42.520188, -83.043473]
[42.520188, -83.043476]
[42.520188, -83.043479]
[42.520188, -83.043479]
[42.520188, -83.043480]
[42.520188, -83.043480]
[42.520188, -83.043480]
[42.520188, -83.043480]
[42.520188, -83.043480]
[42.520188, -83.043480]
[42.520188, -83.043480]
[42.520188, -83.043480]
[42.520188, -83.043480]
[42.520188, -83.043480]
[42.520188, -83.043480]
[42.520188, -83.043480]
[42.520188, -83.043480]
[42.520188, -83.043480]
[42.520188, -83.043481]
[42.520187, -83.043484]
[42.520187, -83.043489]
[42.520187, -83.043489]
[42.520187, -83.043498]
[42.520187, -83.043508]
[42.520187, -83.043508]
[42.520187, -83.043515]
[42.520186, -83.043526]
[42.520186, -83.043526]
[42.520186, -83.043533]
[42.520185, -83.043545]
[42.520185, -83.043545]
[42.520185, -83.043552]
[42.520185, -83.043559]
[42.520185, -83.043560]
[42.520185, -83.043560]
[42.520185, -83.043560]
[42.520185, -83.043560]
[42.520185, -83.043560]
[42.520185, -83.043560]
[42.520185, -83.043560]
[42.520185, -83.043560]
[42.520185, -83.043560]
[42.520185, -83.043560]
[42.520185, -83.043560]
[42.520185, -83.043560]
[42.520185, -83.043560]
[42.520185, -83.043560]
[42.520185, -83.043560]
[42.520185, -83.043560]
[42.520185, -83.043560]
[42.520185, -83.043560]
[42.520185, -83.043560]
[42.520185, -83.043560]
[42.520185, -83.043560]
[42.520185, -83.043560]
[42.520185, -83.043560]
[42.520185, -83.043560]
[42.520185, -83.043560]
[42.520185, -83.043560]
[42.520185, -83.043560]
[42.520185, -83.043560]
[42.520185, -83.043560]
[42.520185, -83.043560]
[42.520185, -83.043560]
[42.520185, -83.043560]
[42.520185, -83.043560]
[42.520185, -83.043560]
[42.520185, -83.043560]
[42.520185, -83.043560]
[42.520185, -83.043560]
[42.520185, -83.043560]
[42.520185, -83.043560]
[42.520185, -83.043560]
[42.520185, -83.043560]
[42.520185, -83.043560]
[42.520185, -83.043560]
[42.520185, -83.043560]
[42.520185, -83.043560]
[42.520185, -83.043560]
[42.520185, -83.043560]
[42.520185, -83.043560]
[42.520185, -83.043560]
[42.520185, -83.043560]
[42.520185, -83.043560]
[42.520185, -83.043560]
[42.520185, -83.043560]
[42.520185, -83.043560]
[42.520185, -83.043560]
[42.520185, -83.043560]
[42.520185, -83.043560]
[42.520185, -83.043560]
[42.520185, -83.043560]
[42.520185, -83.043560]
[42.520185, -83.043560]
[42.520185, -83.043560]
[42.520185, -83.043560]
[42.520185, -83.043560]
[42.520185, -83.043560]
[42.520185, -83.043560]
[42.520185, -83.043560]
[42.520185, -83.043560]
[42.520185, -83.043560]
[42.520185, -83.043560]
[42.520185, -83.043560]
[42.520185, -83.043560]
[42.520185, -83.043560]
[42.520185, -83.043560]
[42.520185, -83.043560]
[42.520185, -83.043560]
[42.520184, -83.043560]
[42.520184, -83.043560]
[42.520184, -83.043560]
[42.520184, -83.043560]
[42.520184, -83.043560]
[42.520184, -83.043560]
[42.520184, -83.043560]
[42.520184, -83.043560]
[42.520184, -83.043560]
[42.520184, -83.043560]
[42.520184, -83.043560]
[42.520184, -83.043560]
[42.520184, -83.043560]
[42.520184, -83.043560]
[42.520184, -83.043560]
[42.520184, -83.043560]
[42.520184, -83.043560]
[42.520184, -83.043560]
[42.520184, -83.043560]
[42.520184, -83.043560]
[42.520184, -83.043560]
[42.520184, -83.043560]
[42.520184, -83.043560]
[42.520184, -83.043560]
[42.520184, -83.043560]
[42.520184, -83.043560]
[42.520184, -83.043560]
[42.520184, -83.043560]
[42.520184, -83.043560]
[42.520184, -83.043560]
[42.520184, -83.043560]
[42.520184, -83.043560]
[42.520184, -83.043560]
[42.520184, -83.043560]
[42.520184, -83.043560]
[42.520184, -83.043560]
[42.520184, -83.043560]
[42.520184, -83.043560]
[42.520184, -83.043560]
[42.520184, -83.043560]
[42.520184, -83.043560]
[42.520184, -83.043560]
[42.520184, -83.043560]
[42.520184, -83.043560]
[42.520184, -83.043560]
[42.520184, -83.043560]
[42.520184, -83.043560]
[42.520184, -83.043560]
[42.520184, -83.043560]
[42.520184, -83.043560]
[42.520184, -83.043560]
[42.520184, -83.043560]
[42.520184, -83.043560]
[42.520184, -83.043560]
[42.520185, -83.043560]
[42.520185, -83.043560]
[42.520185, -83.043560]
[42.520185, -83.043560]
[42.520185, -83.043560]
[42.520185, -83.043560]
[42.520185, -83.043560]
[42.520185, -83.043560]
[42.520185, -83.043560]
[42.520185, -83.043560]
[42.520185, -83.043559]
[42.520184, -83.043559]
[42.520184, -83.043559]
[42.520184, -83.043559]
[42.520184, -83.043559]
[42.520184, -83.043559]
[42.520184, -83.043559]
[42.520184, -83.043559]
[42.520184, -83.043559]
[42.520184, -83.043559]
[42.520184, -83.043559]
[42.520184, -83.043559]
[42.520184, -83.043559]
[42.520184, -83.043559]
[42.520184, -83.043559]
[42.520184, -83.043559]
[42.520184, -83.043559]
[42.520184, -83.043558]
[42.520184, -83.043558]
[42.520184, -83.043558]
[42.520184, -83.043558]
[42.520184, -83.043558]
[42.520184, -83.043558]
[42.520184, -83.043558]
[42.520184, -83.043558]
[42.520184, -83.043558]
[42.520184, -83.043558]
[42.520184, -83.043558]
[42.520184, -83.043558]
[42.520184, -83.043558]
[42.520184, -83.043558]
[42.520184, -83.043558]
[42.520184, -83.043558]
[42.520184, -83.043558]
[42.520184, -83.043558]
[42.520184, -83.043558]
[42.520184, -83.043558]
[42.520184, -83.043558]
[42.520184, -83.043558]
[42.520184, -83.043558]
[42.520184, -83.043558]
[42.520184, -83.043558]
[42.520184, -83.043558]
[42.520184, -83.043558]
[42.520184, -83.043558]
[42.520184, -83.043558]
[42.520184, -83.043558]
[42.520184, -83.043558]
[42.520184, -83.043558]
[42.520184, -83.043558]
[42.520184, -83.043558]
[42.520184, -83.043558]
[42.520184, -83.043558]
[42.520184, -83.043558]
[42.520184, -83.043558]
[42.520184, -83.043558]
[42.520183, -83.043558]
[42.520183, -83.043558]
[42.520183, -83.043558]
[42.520183, -83.043558]
[42.520183, -83.043558]
[42.520183, -83.043558]
[42.520183, -83.043558]
[42.520183, -83.043558]
[42.520183, -83.043558]
[42.520183, -83.043558]
[42.520183, -83.043558]
[42.520183, -83.043558]
[42.520183, -83.043558]
[42.520183, -83.043558]
[42.520183, -83.043558]
[42.520183, -83.043558]
[42.520183, -83.043558]
[42.520183, -83.043558]
[42.520183, -83.043558]
[42.520183, -83.043558]
[42.520183, -83.043558]
[42.520183, -83.043558]
[42.520183, -83.043558]
[42.520183, -83.043558]
[42.520183, -83.043558]
[42.520183, -83.043558]
[42.520183, -83.043558]
[42.520183, -83.043557]
[42.520183, -83.043557]
[42.520184, -83.043557]
[42.520184, -83.043557]
[42.520184, -83.043557]
[42.520184, -83.043557]
[42.520184, -83.043557]
[42.520184, -83.043557]
[42.520184, -83.043557]
[42.520184, -83.043557]
[42.520184, -83.043557]
[42.520184, -83.043557]
[42.520184, -83.043557]
[42.520184, -83.043557]
[42.520184, -83.043557]
[42.520184, -83.043557]
[42.520184, -83.043557]
[42.520184, -83.043558]
[42.520184, -83.043558]
[42.520184, -83.043558]
[42.520184, -83.043558]
[42.520184, -83.043558]
[42.520184, -83.043558]
[42.520184, -83.043558]
[42.520184, -83.043558]
[42.520184, -83.043558]
[42.520184, -83.043558]
[42.520184, -83.043558]
[42.520184, -83.043558]
[42.520184, -83.043558]
[42.520184, -83.043558]
[42.520184, -83.043558]
[42.520184, -83.043558]
[42.520184, -83.043558]
[42.520184, -83.043558]
[42.520184, -83.043558]
[42.520184, -83.043558]
[42.520184, -83.043558]
[42.520184, -83.043558]
[42.520184, -83.043558]
[42.520184, -83.043558]
[42.520184, -83.043558]
[42.520184, -83.043558]
[42.520184, -83.043558]
[42.520184, -83.043558]
[42.520184, -83.043558]
[42.520184, -83.043558]
[42.520184, -83.043558]
[42.520184, -83.043558]
[42.520184, -83.043558]
[42.520184, -83.043558]
[42.520184, -83.043558]
[42.520184, -83.043558]
[42.520184, -83.043558]
[42.520184, -83.043558]
[42.520184, -83.043558]
[42.520184, -83.043558]
[42.520184, -83.043558]
[42.520184, -83.043558]
[42.520184, -83.043558]
[42.520184, -83.043558]
[42.520184, -83.043558]
[42.520184, -83.043558]
[42.520184, -83.043558]
[42.520184, -83.043558]
[42.520184, -83.043558]
[42.520184, -83.043558]
[42.520184, -83.043558]
[42.520184, -83.043558]
[42.520184, -83.043558]
[42.520184, -83.043558]
[42.520184, -83.043558]
[42.520184, -83.043558]
[42.520184, -83.043558]
[42.520184, -83.043558]
[42.520184, -83.043558]
[42.520184, -83.043558]
[42.520184, -83.043558]
[42.520184, -83.043558]
[42.520184, -83.043558]
[42.520184, -83.043558]
[42.520184, -83.043558]
[42.520184, -83.043558]
[42.520184, -83.043558]
[42.520184, -83.043558]
[42.520184, -83.043558]
[42.520184, -83.043558]
[42.520184, -83.043558]
[42.520184, -83.043558]
[42.520184, -83.043558]
[42.520184, -83.043558]
[42.520184, -83.043558]
[42.520184, -83.043558]
[42.520184, -83.043558]
[42.520184, -83.043558]
[42.520184, -83.043558]
[42.520184, -83.043558]
[42.520184, -83.043558]
[42.520184, -83.043558]
[42.520184, -83.043558]
[42.520184, -83.043558]
[42.520184, -83.043558]
[42.520184, -83.043558]
[42.520184, -83.043558]
[42.520184, -83.043558]
[42.520184, -83.043558]
[42.520184, -83.043558]
[42.520184, -83.043558]
[42.520183, -83.043558]
[42.520183, -83.043558]
[42.520183, -83.043558]
[42.520183, -83.043558]
[42.520183, -83.043558]
[42.520183, -83.043558]
[42.520183, -83.043558]
[42.520183, -83.043559]
[42.520183, -83.043559]
[42.520183, -83.043559]
[42.520183, -83.043559]
[42.520183, -83.043559]
[42.520183, -83.043559]
[42.520183, -83.043559]
[42.520183, -83.043559]
[42.520183, -83.043559]
[42.520183, -83.043559]
[42.520183, -83.043559]
[42.520183, -83.043559]
[42.520183, -83.043559]
[42.520183, -83.043559]
[42.520183, -83.043559]
[42.520183, -83.043559]
[42.520183, -83.043559]
[42.520183, -83.043559]
[42.520183, -83.043559]
[42.520183, -83.043559]
[42.520183, -83.043559]
[42.520183, -83.043559]
[42.520183, -83.043559]
[42.520183, -83.043559]
[42.520183, -83.043559]
[42.520183, -83.043559]
[42.520183, -83.043559]
[42.520183, -83.043559]
[42.520183, -83.043559]
[42.520183, -83.043559]
[42.520183, -83.043559]
[42.520183, -83.043559]
[42.520183, -83.043559]
[42.520183, -83.043559]
[42.520183, -83.043559]
[42.520183, -83.043559]
[42.520183, -83.043559]
[42.520183, -83.043559]
[42.520183, -83.043559]
[42.520183, -83.043559]
[42.520183, -83.043559]
[42.520183, -83.043559]
[42.520183, -83.043559]
[42.520183, -83.043559]
[42.520183, -83.043559]
[42.520183, -83.043559]
[42.520183, -83.043559]
[42.520183, -83.043559]
[42.520183, -83.043559]
[42.520183, -83.043559]
[42.520183, -83.043559]
[42.520183, -83.043559]
[42.520183, -83.043559]
[42.520183, -83.043559]
[42.520183, -83.043559]
[42.520183, -83.043559]
[42.520182, -83.043559]
[42.520182, -83.043559]
[42.520182, -83.043559]
[42.520182, -83.043559]
[42.520182, -83.043559]
[42.520182, -83.043559]
[42.520182, -83.043559]
[42.520182, -83.043559]
[42.520183, -83.043559]
[42.520183, -83.043559]
[42.520183, -83.043559]
[42.520183, -83.043559]
[42.520183, -83.043559]
[42.520183, -83.043559]
[42.520183, -83.043559]
[42.520183, -83.043559]
[42.520183, -83.043559]
[42.520183, -83.043559]
[42.520183, -83.043559]
[42.520183, -83.043559]
[42.520183, -83.043559]
[42.520183, -83.043559]
[42.520183, -83.043559]
[42.520183, -83.043559]
[42.520183, -83.043559]
[42.520183, -83.043559]
[42.520183, -83.043559]
[42.520183, -83.043559]
[42.520183, -83.043559]
[42.520183, -83.043559]
[42.520183, -83.043559]
[42.520183, -83.043559]
[42.520183, -83.043559]
[42.520183, -83.043559]
[42.520183, -83.043559]
[42.520183, -83.043559]
[42.520183, -83.043558]
[42.520183, -83.043558]
[42.520183, -83.043558]
[42.520183, -83.043558]
[42.520183, -83.043558]
[42.520183, -83.043558]
[42.520183, -83.043558]
[42.520183, -83.043558]
[42.520183, -83.043558]
[42.520183, -83.043558]
[42.520183, -83.043558]
[42.520183, -83.043558]
[42.520183, -83.043558]
[42.520183, -83.043558]
[42.520183, -83.043558]
[42.520183, -83.043558]
[42.520183, -83.043558]
[42.520184, -83.043558]
[42.520184, -83.043558]
[42.520184, -83.043558]
[42.520184, -83.043558]
[42.520184, -83.043558]
[42.520184, -83.043558]
[42.520184, -83.043558]
[42.520184, -83.043558]
[42.520184, -83.043558]
[42.520184, -83.043558]
[42.520184, -83.043558]
[42.520184, -83.043558]
[42.520184, -83.043558]
[42.520184, -83.043558]
[42.520184, -83.043558]
[42.520184, -83.043558]
[42.520184, -83.043558]
[42.520184, -83.043558]
[42.520184, -83.043558]
[42.520184, -83.043558]
[42.520184, -83.043558]
[42.520184, -83.043558]
[42.520184, -83.043558]
[42.520184, -83.043557]
[42.520184, -83.043557]
[42.520184, -83.043557]
[42.520184, -83.043557]
[42.520184, -83.043557]
[42.520184, -83.043557]
[42.520184, -83.043557]
[42.520184, -83.043557]
[42.520184, -83.043557]
[42.520184, -83.043557]
[42.520184, -83.043557]
[42.520184, -83.043557]
[42.520184, -83.043557]
[42.520184, -83.043557]
[42.520184, -83.043557]
[42.520184, -83.043557]
[42.520184, -83.043557]
[42.520184, -83.043557]
[42.520184, -83.043557]
[42.520184, -83.043557]
[42.520184, -83.043557]
[42.520184, -83.043557]
[42.520184, -83.043557]
[42.520184, -83.043557]
[42.520184, -83.043557]
[42.520184, -83.043557]
[42.520184, -83.043557]
[42.520184, -83.043557]
[42.520184, -83.043557]
[42.520184, -83.043557]
[42.520184, -83.043557]
[42.520184, -83.043557]
[42.520184, -83.043556]
[42.520184, -83.043556]
[42.520184, -83.043556]
[42.520184, -83.043556]
[42.520184, -83.043556]
[42.520184, -83.043556]
[42.520184, -83.043556]
[42.520184, -83.043556]
[42.520184, -83.043556]
[42.520184, -83.043556]
[42.520184, -83.043556]
[42.520184, -83.043556]
[42.520184, -83.043556]
[42.520184, -83.043556]
[42.520184, -83.043556]
[42.520184, -83.043556]
[42.520184, -83.043556]
[42.520184, -83.043556]
[42.520184, -83.043556]
[42.520184, -83.043556]
[42.520184, -83.043556]
[42.520184, -83.043556]
[42.520184, -83.043556]
[42.520184, -83.043556]
[42.520184, -83.043556]
[42.520184, -83.043556]
[42.520184, -83.043556]
[42.520184, -83.043556]
[42.520184, -83.043556]
[42.520184, -83.043556]
[42.520184, -83.043556]
[42.520184, -83.043556]
[42.520184, -83.043557]
[42.520184, -83.043557]
[42.520184, -83.043557]
[42.520184, -83.043557]
[42.520184, -83.043557]
[42.520184, -83.043557]
[42.520184, -83.043557]
[42.520184, -83.043557]
[42.520184, -83.043557]
[42.520184, -83.043557]
[42.520184, -83.043557]
[42.520184, -83.043557]
[42.520184, -83.043557]
[42.520184, -83.043557]
[42.520184, -83.043556]
[42.520184, -83.043556]
[42.520184, -83.043556]
[42.520184, -83.043556]
[42.520184, -83.043556]
[42.520184, -83.043556]
[42.520184, -83.043556]
[42.520184, -83.043556]
[42.520184, -83.043556]
[42.520184, -83.043556]
[42.520184, -83.043556]
[42.520184, -83.043556]
[42.520184, -83.043556]
[42.520184, -83.043556]
[42.520184, -83.043556]
[42.520184, -83.043556]
[42.520184, -83.043556]
[42.520184, -83.043556]
[42.520184, -83.043556]
[42.520184, -83.043556]
[42.520184, -83.043556]
[42.520184, -83.043556]
[42.520184, -83.043557]
[42.520184, -83.043557]
[42.520184, -83.043557]
[42.520184, -83.043557]
[42.520184, -83.043557]
[42.520184, -83.043557]
[42.520184, -83.043557]
[42.520184, -83.043557]
[42.520184, -83.043557]
[42.520184, -83.043557]
[42.520184, -83.043557]
[42.520184, -83.043557]
[42.520184, -83.043557]
[42.520184, -83.043557]
[42.520184, -83.043557]
[42.520184, -83.043557]
[42.520184, -83.043557]
[42.520184, -83.043557]
[42.520184, -83.043557]
[42.520184, -83.043557]
[42.520184, -83.043557]
[42.520184, -83.043557]
[42.520184, -83.043557]
[42.520184, -83.043556]
[42.520184, -83.043556]
[42.520184, -83.043556]
[42.520184, -83.043556]
[42.520185, -83.043556]
[42.520185, -83.043556]
[42.520185, -83.043556]
[42.520185, -83.043556]
[42.520184, -83.043556]
[42.520184, -83.043556]
[42.520184, -83.043556]
[42.520184, -83.043556]
[42.520184, -83.043556]
[42.520184, -83.043556]
[42.520184, -83.043556]
[42.520184, -83.043556]
[42.520184, -83.043556]
[42.520184, -83.043556]
[42.520184, -83.043556]
[42.520184, -83.043556]
[42.520184, -83.043556]
[42.520184, -83.043556]
[42.520184, -83.043556]
[42.520184, -83.043556]
[42.520184, -83.043556]
[42.520184, -83.043556]
[42.520184, -83.043556]
[42.520184, -83.043556]
[42.520184, -83.043556]
[42.520184, -83.043556]
[42.520184, -83.043556]
[42.520184, -83.043556]
[42.520184, -83.043556]
[42.520184, -83.043556]
[42.520184, -83.043556]
[42.520184, -83.043556]
[42.520184, -83.043556]
[42.520184, -83.043556]
[42.520184, -83.043556]
[42.520184, -83.043556]
[42.520184, -83.043556]
[42.520184, -83.043556]
[42.520184, -83.043556]
[42.520184, -83.043556]
[42.520184, -83.043556]
[42.520184, -83.043556]
[42.520184, -83.043556]
[42.520184, -83.043556]
[42.520184, -83.043556]
[42.520184, -83.043556]
[42.520184, -83.043556]
[42.520184, -83.043556]
[42.520184, -83.043556]
[42.520184, -83.043556]
[42.520184, -83.043556]
[42.520184, -83.043556]
[42.520184, -83.043556]
[42.520184, -83.043556]
[42.520184, -83.043556]
[42.520184, -83.043556]
[42.520184, -83.043556]
[42.520184, -83.043556]
[42.520184, -83.043556]
[42.520184, -83.043556]
[42.520185, -83.043556]
[42.520185, -83.043556]
[42.520185, -83.043556]
[42.520185, -83.043556]
[42.520185, -83.043556]
[42.520185, -83.043556]
[42.520185, -83.043556]
[42.520185, -83.043556]
[42.520185, -83.043556]
[42.520185, -83.043557]
[42.520185, -83.043557]
[42.520185, -83.043557]
[42.520185, -83.043557]
[42.520185, -83.043557]
[42.520185, -83.043557]
[42.520185, -83.043557]
[42.520185, -83.043557]
[42.520185, -83.043557]
[42.520185, -83.043557]
[42.520185, -83.043557]
[42.520185, -83.043557]
[42.520185, -83.043557]
[42.520185, -83.043557]
[42.520185, -83.043557]
[42.520185, -83.043557]
[42.520185, -83.043557]
[42.520185, -83.043557]
[42.520185, -83.043557]
[42.520185, -83.043557]
[42.520185, -83.043557]
[42.520185, -83.043557]
[42.520185, -83.043557]
[42.520185, -83.043557]
[42.520185, -83.043557]
[42.520185, -83.043557]
[42.520185, -83.043557]
[42.520185, -83.043557]
[42.520185, -83.043557]
[42.520185, -83.043557]
[42.520185, -83.043557]
[42.520185, -83.043557]
[42.520185, -83.043557]
[42.520185, -83.043557]
[42.520185, -83.043557]
[42.520185, -83.043557]
[42.520185, -83.043557]
[42.520185, -83.043557]
[42.520185, -83.043557]
[42.520185, -83.043557]
[42.520186, -83.043557]
[42.520186, -83.043557]
[42.520186, -83.043557]
[42.520186, -83.043557]
[42.520186, -83.043557]
[42.520186, -83.043557]
[42.520186, -83.043557]
[42.520186, -83.043557]
[42.520186, -83.043557]
[42.520186, -83.043557]
[42.520186, -83.043557]
[42.520186, -83.043557]
[42.520186, -83.043557]
[42.520186, -83.043557]
[42.520186, -83.043557]
[42.520186, -83.043557]
[42.520186, -83.043557]
[42.520186, -83.043557]
[42.520186, -83.043557]
[42.520186, -83.043556]
[42.520186, -83.043556]
[42.520186, -83.043556]
[42.520186, -83.043556]
[42.520186, -83.043556]
[42.520186, -83.043556]
[42.520186, -83.043556]
[42.520186, -83.043556]
[42.520186, -83.043556]
[42.520186, -83.043556]
[42.520186, -83.043556]
[42.520186, -83.043556]
[42.520186, -83.043556]
[42.520186, -83.043556]
[42.520186, -83.043556]
[42.520186, -83.043556]
[42.520186, -83.043556]
[42.520186, -83.043556]
[42.520186, -83.043556]
[42.520186, -83.043556]
[42.520186, -83.043556]
[42.520186, -83.043556]
[42.520186, -83.043556]
[42.520186, -83.043556]
[42.520186, -83.043555]
[42.520186, -83.043555]
[42.520186, -83.043555]
[42.520186, -83.043555]
[42.520186, -83.043555]
[42.520186, -83.043555]
[42.520186, -83.043555]
[42.520186, -83.043555]
[42.520186, -83.043555]
[42.520186, -83.043555]
[42.520186, -83.043555]
[42.520187, -83.043555]
[42.520187, -83.043555]
[42.520187, -83.043555]
[42.520187, -83.043555]
[42.520187, -83.043555]
[42.520187, -83.043555]
[42.520187, -83.043555]
[42.520187, -83.043555]
[42.520187, -83.043555]
[42.520187, -83.043555]
[42.520187, -83.043555]
[42.520187, -83.043555]
[42.520187, -83.043555]
[42.520187, -83.043555]
[42.520187, -83.043555]
[42.520187, -83.043555]
[42.520187, -83.043555]
[42.520187, -83.043555]
[42.520187, -83.043555]
[42.520187, -83.043555]
[42.520187, -83.043555]
[42.520187, -83.043555]
[42.520187, -83.043555]
[42.520187, -83.043555]
[42.520187, -83.043555]
[42.520187, -83.043555]
[42.520187, -83.043555]
[42.520187, -83.043555]
[42.520187, -83.043555]
[42.520187, -83.043555]
[42.520187, -83.043555]
[42.520187, -83.043555]
[42.520187, -83.043555]
[42.520187, -83.043555]
[42.520187, -83.043555]
[42.520187, -83.043555]
[42.520187, -83.043555]
[42.520187, -83.043555]
[42.520187, -83.043555]
[42.520187, -83.043555]
[42.520187, -83.043555]
[42.520187, -83.043555]
[42.520187, -83.043555]
[42.520187, -83.043555]
[42.520187, -83.043555]
[42.520187, -83.043555]
[42.520187, -83.043555]
[42.520187, -83.043555]
[42.520187, -83.043555]
[42.520187, -83.043555]
[42.520187, -83.043555]
[42.520187, -83.043555]
[42.520187, -83.043555]
[42.520187, -83.043555]
[42.520187, -83.043555]
[42.520187, -83.043555]
[42.520187, -83.043556]
[42.520187, -83.043556]
[42.520187, -83.043556]
[42.520187, -83.043556]
[42.520187, -83.043556]
[42.520187, -83.043556]
[42.520187, -83.043556]
[42.520187, -83.043556]
[42.520187, -83.043556]
[42.520187, -83.043556]
[42.520187, -83.043556]
[42.520187, -83.043556]
[42.520187, -83.043556]
[42.520187, -83.043556]
[42.520187, -83.043556]
[42.520187, -83.043556]
[42.520187, -83.043556]
[42.520187, -83.043556]
[42.520187, -83.043556]
[42.520187, -83.043556]
[42.520186, -83.043556]
[42.520186, -83.043556]
[42.520186, -83.043556]
[42.520186, -83.043556]
[42.520186, -83.043556]
[42.520186, -83.043556]
[42.520186, -83.043556]
[42.520186, -83.043556]
[42.520186, -83.043556]
[42.520186, -83.043556]
[42.520186, -83.043556]
[42.520186, -83.043556]
[42.520186, -83.043556]
[42.520186, -83.043556]
[42.520186, -83.043556]
[42.520186, -83.043556]
[42.520186, -83.043556]
[42.520186, -83.043556]
[42.520186, -83.043556]
[42.520186, -83.043556]
[42.520185, -83.043556]
[42.520185, -83.043556]
[42.520185, -83.043556]
[42.520185, -83.043556]
[42.520185, -83.043556]
[42.520185, -83.043556]
[42.520185, -83.043556]
[42.520185, -83.043556]
[42.520185, -83.043557]
[42.520185, -83.043557]
[42.520185, -83.043557]
[42.520185, -83.043557]
[42.520185, -83.043557]
[42.520185, -83.043557]
[42.520185, -83.043557]
[42.520185, -83.043557]
[42.520185, -83.043557]
[42.520185, -83.043557]
[42.520185, -83.043557]
[42.520185, -83.043557]
[42.520185, -83.043557]
[42.520185, -83.043557]
[42.520185, -83.043557]
[42.520185, -83.043557]
[42.520185, -83.043557]
[42.520185, -83.043557]
[42.520185, -83.043557]
[42.520185, -83.043557]
[42.520185, -83.043557]
--start execution--
--stop execution--
[42.520266, -83.043349]
[42.520266, -83.043349]
[42.520266, -83.043349]
[42.520266, -83.043349]
[42.520266, -83.043349]
[42.520266, -83.043349]
[42.520266, -83.043349]
[42.520266, -83.043349]
[42.520266, -83.043349]
[42.520266, -83.043349]
[42.520266, -83.043349]
[42.520266, -83.043349]
[42.520266, -83.043349]
[42.520266, -83.043349]
[42.520266, -83.043349]
[42.520266, -83.043349]
[42.520266, -83.043349]
[42.520266, -83.043349]
[42.520266, -83.043349]
[42.520266, -83.043349]
[42.520266, -83.043349]
[42.520266, -83.043349]
[42.520266, -83.043349]
[42.520266, -83.043349]
[42.520266, -83.043349]
[42.520266, -83.043349]
[42.520266, -83.043349]
[42.520266, -83.043349]
[42.520266, -83.043349]
[42.520266, -83.043349]
[42.520266, -83.043349]
[42.520266, -83.043349]
[42.520266, -83.043349]
[42.520266, -83.043349]
[42.520266, -83.043349]
[42.520266, -83.043349]
[42.520266, -83.043349]
[42.520266, -83.043349]
[42.520266, -83.043349]
[42.520266, -83.043349]
[42.520266, -83.043349]
[42.520266, -83.043349]
[42.520266, -83.043349]
[42.520267, -83.043349]
[42.520267, -83.043349]
[42.520267, -83.043349]
[42.520267, -83.043349]
[42.520267, -83.043349]
[42.520266, -83.043349]
[42.520266, -83.043349]
[42.520266, -83.043349]
[42.520267, -83.043349]
[42.520267, -83.043349]
[42.520267, -83.043349]
[42.520267, -83.043349]
[42.520267, -83.043349]
[42.520267, -83.043349]
[42.520267, -83.043349]
[42.520267, -83.043349]
[42.520267, -83.043349]
[42.520267, -83.043349]
[42.520267, -83.043349]
[42.520267, -83.043349]
[42.520267, -83.043349]
[42.520267, -83.043349]
[42.520267, -83.043349]
[42.520267, -83.043349]
[42.520267, -83.043349]
[42.520267, -83.043349]
[42.520267, -83.043349]
[42.520267, -83.043349]
[42.520267, -83.043349]
[42.520267, -83.043349]
[42.520267, -83.043349]
[42.520267, -83.043349]
[42.520267, -83.043349]
[42.520267, -83.043349]
[42.520267, -83.043349]
[42.520267, -83.043349]
[42.520267, -83.043349]
[42.520267, -83.043349]
[42.520267, -83.043349]
[42.520267, -83.043349]
[42.520267, -83.043349]
[42.520267, -83.043349]
[42.520267, -83.043349]
[42.520267, -83.043349]
[42.520267, -83.043349]
[42.520267, -83.043349]
[42.520267, -83.043349]
[42.520267, -83.043349]
[42.520267, -83.043349]
[42.520267, -83.043349]
[42.520267, -83.043349]
[42.520267, -83.043349]
[42.520267, -83.043349]
[42.520267, -83.043349]
[42.520267, -83.043349]
[42.520267, -83.043350]
[42.520267, -83.043350]
[42.520267, -83.043350]
[42.520267, -83.043350]
[42.520267, -83.043350]
[42.520267, -83.043350]
[42.520267, -83.043350]
[42.520267, -83.043350]
[42.520267, -83.043350]
[42.520267, -83.043350]
[42.520267, -83.043350]
[42.520267, -83.043350]
[42.520267, -83.043350]
[42.520267, -83.043350]
[42.520267, -83.043350]
[42.520267, -83.043350]
[42.520267, -83.043350]
[42.520267, -83.043350]
[42.520267, -83.043350]
[42.520267, -83.043350]
[42.520267, -83.043350]
[42.520267, -83.043350]
[42.520267, -83.043350]
[42.520267, -83.043351]
[42.520267, -83.043351]
[42.520267, -83.043351]
[42.520267, -83.043351]
[42.520267, -83.043351]
[42.520267, -83.043351]
[42.520267, -83.043351]
[42.520267, -83.043351]
[42.520267, -83.043351]
[42.520267, -83.043351]
[42.520267, -83.043351]
[42.520267, -83.043351]
[42.520267, -83.043351]
[42.520267, -83.043351]
[42.520267, -83.043351]
[42.520267, -83.043351]
[42.520267, -83.043351]
[42.520267, -83.043351]
[42.520267, -83.043351]
[42.520267, -83.043351]
[42.520267, -83.043351]
[42.520267, -83.043351]
[42.520267, -83.043351]
[42.520267, -83.043351]
[42.520266, -83.043351]
[42.520266, -83.043351]
[42.520266, -83.043351]
[42.520266, -83.043351]
[42.520266, -83.043351]
[42.520266, -83.043352]
[42.520266, -83.043352]
[42.520266, -83.043352]
[42.520266, -83.043352]
[42.520266, -83.043352]
[42.520266, -83.043352]
[42.520266, -83.043352]
[42.520266, -83.043352]
[42.520266, -83.043352]
[42.520266, -83.043352]
[42.520266, -83.043352]
[42.520266, -83.043352]
[42.520266, -83.043352]
[42.520265, -83.043353]
[42.520263, -83.043355]
[42.520260, -83.043357]
[42.520260, -83.043357]
[42.520257, -83.043359]
[42.520255, -83.043360]
[42.520254, -83.043361]
[42.520248, -83.043364]
[42.520246, -83.043365]
[42.520244, -83.043366]
[42.520242, -83.043367]
[42.520240, -83.043368]
[42.520237, -83.043369]
[42.520233, -83.043372]
[42.520225, -83.043375]
[42.520225, -83.043375]
[42.520223, -83.043377]
[42.520221, -83.043378]
[42.520221, -83.043378]
[42.520214, -83.043383]
[42.520210, -83.043387]
[42.520204, -83.043394]
[42.520204, -83.043394]
[42.520202, -83.043397]
[42.520200, -83.043399]
[42.520197, -83.043406]
[42.520196, -83.043409]
[42.520193, -83.043415]
[42.520193, -83.043415]
[42.520192, -83.043423]
[42.520190, -83.043430]
[42.520190, -83.043434]
[42.520190, -83.043434]
[42.520189, -83.043442]
[42.520189, -83.043449]
[42.520189, -83.043453]
[42.520189, -83.043453]
[42.520188, -83.043470]
[42.520188, -83.043470]
[42.520188, -83.043474]
[42.520188, -83.043478]
[42.520188, -83.043489]
[42.520188, -83.043489]
[42.520188, -83.043492]
[42.520188, -83.043499]
[42.520188, -83.043503]
[42.520188, -83.043505]
[42.520188, -83.043507]
[42.520188, -83.043507]
[42.520188, -83.043509]
[42.520188, -83.043509]
[42.520188, -83.043509]
[42.520188, -83.043509]
[42.520188, -83.043509]
[42.520188, -83.043509]
[42.520188, -83.043509]
[42.520188, -83.043509]
[42.520187, -83.043509]
[42.520187, -83.043509]
[42.520187, -83.043509]
[42.520187, -83.043509]
[42.520187, -83.043509]
[42.520187, -83.043510]
[42.520187, -83.043510]
[42.520187, -83.043510]
[42.520187, -83.043510]
[42.520187, -83.043510]
[42.520187, -83.043510]
[42.520187, -83.043510]
[42.520187, -83.043510]
[42.520187, -83.043510]
[42.520187, -83.043510]
[42.520187, -83.043510]
[42.520187, -83.043510]
[42.520187, -83.043510]
[42.520187, -83.043510]
[42.520187, -83.043510]
[42.520187, -83.043510]
[42.520187, -83.043510]
[42.520187, -83.043510]
[42.520186, -83.043510]
[42.520186, -83.043510]
[42.520186, -83.043510]
[42.520186, -83.043510]
[42.520186, -83.043510]
[42.520186, -83.043510]
[42.520186, -83.043510]
[42.520186, -83.043510]
[42.520186, -83.043510]
[42.520186, -83.043510]
[42.520186, -83.043510]
[42.520186, -83.043510]
[42.520186, -83.043510]
[42.520186, -83.043510]
[42.520186, -83.043510]
[42.520186, -83.043510]
[42.520186, -83.043510]
[42.520186, -83.043510]
[42.520186, -83.043510]
[42.520186, -83.043510]
[42.520186, -83.043510]
[42.520185, -83.043510]
[42.520185, -83.043510]
[42.520185, -83.043510]
[42.520185, -83.043510]
[42.520185, -83.043510]
[42.520185, -83.043510]
[42.520185, -83.043510]
[42.520185, -83.043510]
[42.520185, -83.043510]
[42.520185, -83.043510]
[42.520185, -83.043510]
[42.520185, -83.043510]
[42.520185, -83.043510]
[42.520185, -83.043510]
[42.520185, -83.043510]
[42.520185, -83.043510]
[42.520184, -83.043510]
[42.520184, -83.043510]
[42.520184, -83.043510]
[42.520184, -83.043510]
[42.520184, -83.043510]
[42.520184, -83.043510]
[42.520184, -83.043510]
[42.520184, -83.043510]
[42.520184, -83.043510]
[42.520184, -83.043510]
[42.520184, -83.043510]
[42.520184, -83.043510]
[42.520184, -83.043510]
[42.520184, -83.043510]
[42.520184, -83.043510]
[42.520184, -83.043510]
[42.520184, -83.043510]
[42.520184, -83.043510]
[42.520184, -83.043510]
[42.520184, -83.043510]
[42.520184, -83.043510]
[42.520184, -83.043510]
[42.520184, -83.043510]
[42.520184, -83.043510]
[42.520184, -83.043510]
[42.520184, -83.043510]
[42.520184, -83.043510]
[42.520184, -83.043510]
[42.520184, -83.043510]
[42.520184, -83.043511]
[42.520184, -83.043511]
[42.520184, -83.043511]
[42.520183, -83.043511]
[42.520183, -83.043511]
[42.520183, -83.043511]
[42.520183, -83.043511]
[42.520183, -83.043511]
[42.520183, -83.043511]
[42.520183, -83.043511]
[42.520183, -83.043511]
[42.520183, -83.043511]
[42.520183, -83.043511]
[42.520183, -83.043511]
[42.520183, -83.043511]
[42.520183, -83.043511]
[42.520183, -83.043511]
[42.520183, -83.043511]
[42.520183, -83.043511]
[42.520183, -83.043511]
[42.520183, -83.043510]
[42.520183, -83.043510]
[42.520183, -83.043510]
[42.520183, -83.043510]
[42.520183, -83.043510]
[42.520183, -83.043510]
[42.520183, -83.043510]
[42.520183, -83.043510]
[42.520182, -83.043510]
[42.520182, -83.043510]
[42.520182, -83.043510]
[42.520182, -83.043510]
[42.520182, -83.043510]
[42.520182, -83.043510]
[42.520182, -83.043510]
[42.520182, -83.043510]
[42.520183, -83.043510]
[42.520183, -83.043510]
[42.520183, -83.043510]
[42.520183, -83.043510]
[42.520183, -83.043510]
[42.520183, -83.043510]
[42.520183, -83.043510]
[42.520183, -83.043510]
[42.520183, -83.043510]
[42.520183, -83.043510]
[42.520183, -83.043510]
[42.520183, -83.043510]
[42.520183, -83.043510]
[42.520183, -83.043510]
[42.520183, -83.043510]
[42.520183, -83.043510]
[42.520183, -83.043510]
[42.520183, -83.043510]
[42.520183, -83.043510]
[42.520183, -83.043510]
[42.520184, -83.043510]
[42.520184, -83.043510]
[42.520184, -83.043510]
[42.520184, -83.043510]
[42.520184, -83.043510]
[42.520184, -83.043510]
[42.520184, -83.043510]
[42.520184, -83.043510]
[42.520184, -83.043510]
[42.520184, -83.043510]
[42.520184, -83.043510]
[42.520184, -83.043510]
[42.520184, -83.043510]
[42.520184, -83.043510]
[42.520184, -83.043510]
[42.520184, -83.043510]
[42.520184, -83.043510]
[42.520184, -83.043510]
[42.520184, -83.043510]
[42.520184, -83.043510]
[42.520184, -83.043510]
[42.520184, -83.043510]
[42.520184, -83.043510]
[42.520184, -83.043510]
[42.520184, -83.043510]
[42.520184, -83.043510]
[42.520184, -83.043510]
[42.520184, -83.043510]
[42.520184, -83.043511]
[42.520184, -83.043511]
[42.520184, -83.043511]
[42.520184, -83.043511]
[42.520184, -83.043511]
[42.520184, -83.043511]
[42.520184, -83.043511]
[42.520184, -83.043511]
[42.520184, -83.043511]
[42.520184, -83.043510]
[42.520184, -83.043510]
[42.520184, -83.043510]
[42.520184, -83.043511]
[42.520184, -83.043511]
[42.520184, -83.043511]
[42.520184, -83.043511]
[42.520184, -83.043511]
[42.520184, -83.043510]
[42.520184, -83.043510]
[42.520184, -83.043510]
[42.520184, -83.043510]
[42.520183, -83.043510]
[42.520183, -83.043510]
[42.520183, -83.043510]
[42.520183, -83.043510]
[42.520183, -83.043510]
[42.520183, -83.043510]
[42.520183, -83.043510]
[42.520183, -83.043510]
[42.520183, -83.043510]
[42.520183, -83.043510]
[42.520183, -83.043510]
[42.520183, -83.043510]
[42.520183, -83.043510]
[42.520183, -83.043510]
[42.520183, -83.043510]
[42.520183, -83.043510]
[42.520183, -83.043510]
[42.520183, -83.043510]
[42.520183, -83.043510]
[42.520183, -83.043510]
[42.520182, -83.043510]
[42.520182, -83.043510]
[42.520182, -83.043510]
[42.520182, -83.043510]
[42.520182, -83.043510]
[42.520182, -83.043510]
[42.520182, -83.043510]
[42.520182, -83.043510]
[42.520182, -83.043510]
[42.520182, -83.043510]
[42.520182, -83.043510]
[42.520182, -83.043510]
[42.520182, -83.043510]
[42.520182, -83.043510]
[42.520182, -83.043510]
[42.520182, -83.043510]
[42.520182, -83.043510]
[42.520182, -83.043510]
[42.520182, -83.043510]
[42.520182, -83.043510]
[42.520182, -83.043510]
[42.520182, -83.043510]
[42.520182, -83.043510]
[42.520182, -83.043510]
[42.520182, -83.043510]
[42.520182, -83.043510]
[42.520182, -83.043510]
[42.520182, -83.043510]
[42.520182, -83.043510]
[42.520182, -83.043510]
[42.520182, -83.043510]
[42.520182, -83.043510]
[42.520182, -83.043510]
[42.520182, -83.043510]
[42.520182, -83.043510]
[42.520182, -83.043510]
[42.520182, -83.043510]
[42.520182, -83.043510]
[42.520182, -83.043510]
[42.520181, -83.043510]
[42.520181, -83.043510]
[42.520181, -83.043510]
[42.520181, -83.043510]
[42.520181, -83.043510]
[42.520181, -83.043510]
[42.520181, -83.043510]
[42.520181, -83.043510]
[42.520181, -83.043510]
[42.520181, -83.043510]
[42.520181, -83.043510]
[42.520181, -83.043510]
[42.520181, -83.043510]
[42.520181, -83.043510]
[42.520181, -83.043510]
[42.520181, -83.043510]
[42.520181, -83.043510]
[42.520181, -83.043510]
[42.520181, -83.043510]
[42.520181, -83.043510]
[42.520181, -83.043510]
[42.520181, -83.043510]
[42.520181, -83.043510]
[42.520181, -83.043510]
[42.520181, -83.043510]
[42.520181, -83.043510]
[42.520181, -83.043510]
[42.520181, -83.043510]
[42.520181, -83.043510]
[42.520181, -83.043510]
[42.520181, -83.043510]
[42.520181, -83.043510]
[42.520181, -83.043510]
[42.520181, -83.043510]
[42.520181, -83.043510]
[42.520181, -83.043510]
[42.520181, -83.043510]
[42.520181, -83.043510]
[42.520181, -83.043510]
[42.520180, -83.043510]
[42.520180, -83.043510]
[42.520180, -83.043510]
[42.520180, -83.043510]
[42.520180, -83.043510]
[42.520180, -83.043510]
[42.520180, -83.043510]
[42.520180, -83.043510]
[42.520180, -83.043510]
[42.520180, -83.043510]
[42.520180, -83.043510]
[42.520180, -83.043510]
[42.520180, -83.043510]
[42.520180, -83.043510]
[42.520180, -83.043510]
[42.520180, -83.043510]
[42.520180, -83.043510]
[42.520180, -83.043510]
[42.520180, -83.043510]
[42.520180, -83.043510]
[42.520180, -83.043510]
[42.520180, -83.043510]
[42.520180, -83.043510]
[42.520180, -83.043510]
[42.520180, -83.043510]
[42.520180, -83.043510]
[42.520180, -83.043510]
[42.520180, -83.043509]
[42.520180, -83.043509]
[42.520180, -83.043509]
[42.520180, -83.043509]
[42.520180, -83.043509]
[42.520180, -83.043509]
[42.520180, -83.043509]
[42.520180, -83.043509]
[42.520180, -83.043509]
[42.520180, -83.043509]
[42.520180, -83.043509]
[42.520180, -83.043509]
[42.520180, -83.043509]
[42.520180, -83.043509]
[42.520180, -83.043509]
[42.520180, -83.043509]
[42.520180, -83.043509]
[42.520180, -83.043509]
[42.520180, -83.043509]
[42.520180, -83.043509]
[42.520180, -83.043509]
[42.520180, -83.043509]
[42.520180, -83.043509]
[42.520180, -83.043509]
[42.520180, -83.043509]
[42.520180, -83.043509]
[42.520180, -83.043509]
[42.520180, -83.043509]
[42.520180, -83.043509]
[42.520180, -83.043509]
[42.520180, -83.043509]
[42.520180, -83.043509]
[42.520180, -83.043509]
[42.520180, -83.043509]
[42.520180, -83.043509]
[42.520180, -83.043509]
[42.520180, -83.043509]
[42.520180, -83.043509]
[42.520180, -83.043509]
[42.520180, -83.043509]
[42.520180, -83.043509]
[42.520180, -83.043509]
[42.520180, -83.043509]
[42.520180, -83.043509]
[42.520180, -83.043509]
[42.520180, -83.043509]
[42.520180, -83.043509]
[42.520180, -83.043509]
[42.520180, -83.043509]
[42.520180, -83.043509]
[42.520180, -83.043509]
[42.520180, -83.043509]
[42.520180, -83.043509]
[42.520180, -83.043509]
[42.520180, -83.043509]
[42.520180, -83.043509]
[42.520180, -83.043509]
[42.520180, -83.043509]
[42.520180, -83.043509]
[42.520180, -83.043509]
[42.520180, -83.043509]
[42.520180, -83.043509]
[42.520180, -83.043510]
[42.520180, -83.043512]
[42.520180, -83.043514]
[42.520180, -83.043515]
[42.520180, -83.043521]
[42.520179, -83.043526]
[42.520179, -83.043526]
[42.520179, -83.043534]
[42.520179, -83.043537]
[42.520179, -83.043540]
[42.520179, -83.043550]
[42.520179, -83.043553]
[42.520179, -83.043557]
[42.520179, -83.043561]
[42.520179, -83.043561]
[42.520179, -83.043561]
[42.520179, -83.043561]
[42.520179, -83.043561]
[42.520179, -83.043561]
[42.520179, -83.043561]
[42.520179, -83.043561]
[42.520179, -83.043561]
[42.520179, -83.043561]
[42.520179, -83.043561]
[42.520179, -83.043561]
[42.520179, -83.043561]
[42.520179, -83.043561]
[42.520179, -83.043561]
[42.520179, -83.043561]
[42.520179, -83.043561]
[42.520179, -83.043561]
[42.520179, -83.043561]
[42.520179, -83.043561]
[42.520179, -83.043561]
[42.520179, -83.043561]
[42.520179, -83.043561]
[42.520179, -83.043561]
[42.520179, -83.043561]
[42.520179, -83.043561]
[42.520179, -83.043561]
[42.520179, -83.043561]
[42.520179, -83.043561]
[42.520179, -83.043561]
[42.520179, -83.043561]
[42.520179, -83.043562]
[42.520179, -83.043562]
[42.520179, -83.043562]
[42.520179, -83.043562]
[42.520179, -83.043562]
[42.520179, -83.043562]
[42.520179, -83.043562]
[42.520179, -83.043562]
[42.520179, -83.043562]
[42.520179, -83.043562]
[42.520179, -83.043562]
[42.520179, -83.043562]
[42.520179, -83.043562]
[42.520179, -83.043562]
[42.520179, -83.043562]
[42.520179, -83.043562]
[42.520179, -83.043562]
[42.520179, -83.043562]
[42.520179, -83.043562]
[42.520179, -83.043562]
[42.520179, -83.043562]
[42.520179, -83.043562]
[42.520179, -83.043562]
[42.520179, -83.043562]
[42.520179, -83.043562]
[42.520179, -83.043562]
[42.520179, -83.043562]
[42.520179, -83.043562]
[42.520179, -83.043562]
[42.520179, -83.043562]
[42.520179, -83.043562]
[42.520179, -83.043562]
[42.520179, -83.043562]
[42.520179, -83.043562]
[42.520179, -83.043562]
[42.520179, -83.043562]
[42.520179, -83.043562]
[42.520179, -83.043562]
[42.520179, -83.043562]
[42.520179, -83.043562]
[42.520179, -83.043562]
[42.520179, -83.043562]
[42.520179, -83.043562]
[42.520179, -83.043562]
[42.520179, -83.043562]
[42.520179, -83.043562]
[42.520179, -83.043562]
[42.520179, -83.043562]
[42.520179, -83.043562]
[42.520179, -83.043562]
[42.520179, -83.043562]
[42.520179, -83.043562]
[42.520179, -83.043562]
[42.520179, -83.043562]
[42.520179, -83.043562]
[42.520179, -83.043562]
[42.520178, -83.043562]
[42.520178, -83.043562]
[42.520178, -83.043562]
[42.520178, -83.043562]
[42.520178, -83.043562]
[42.520178, -83.043562]
[42.520178, -83.043562]
[42.520178, -83.043562]
[42.520178, -83.043562]
[42.520178, -83.043562]
[42.520178, -83.043562]
[42.520178, -83.043562]
[42.520178, -83.043562]
[42.520178, -83.043562]
[42.520178, -83.043562]
[42.520178, -83.043562]
[42.520178, -83.043562]
[42.520178, -83.043562]
[42.520178, -83.043562]
[42.520178, -83.043562]
[42.520178, -83.043562]
[42.520178, -83.043562]
[42.520178, -83.043562]
[42.520178, -83.043562]
[42.520178, -83.043562]
[42.520177, -83.043562]
[42.520177, -83.043562]
[42.520177, -83.043562]
[42.520177, -83.043562]
[42.520177, -83.043562]
[42.520177, -83.043562]
[42.520177, -83.043562]
[42.520177, -83.043562]
[42.520177, -83.043562]
[42.520177, -83.043562]
[42.520177, -83.043562]
[42.520177, -83.043562]
[42.520177, -83.043562]
[42.520177, -83.043562]
[42.520177, -83.043562]
[42.520177, -83.043562]
[42.520177, -83.043562]
[42.520177, -83.043562]
[42.520177, -83.043562]
[42.520177, -83.043562]
[42.520177, -83.043562]
[42.520177, -83.043562]
[42.520176, -83.043562]
[42.520176, -83.043562]
[42.520176, -83.043562]
[42.520176, -83.043562]
[42.520176, -83.043562]
[42.520176, -83.043562]
[42.520176, -83.043562]
[42.520176, -83.043562]
[42.520176, -83.043562]
--start execution--
--stop execution--
[42.520173, -83.043582]
--stop execution--
[42.520173, -83.043582]
[42.520173, -83.043582]
[42.520173, -83.043582]
[42.520173, -83.043581]
[42.520173, -83.043581]
[42.520173, -83.043581]
[42.520173, -83.043581]
[42.520173, -83.043581]
[42.520173, -83.043581]
[42.520173, -83.043581]
[42.520173, -83.043581]
[42.520173, -83.043581]
[42.520173, -83.043581]
[42.520173, -83.043581]
[42.520173, -83.043581]
[42.520173, -83.043581]
[42.520173, -83.043581]
[42.520173, -83.043581]
[42.520173, -83.043581]
[42.520173, -83.043581]
[42.520173, -83.043581]
[42.520173, -83.043581]
[42.520173, -83.043581]
[42.520173, -83.043581]
[42.520173, -83.043581]
[42.520173, -83.043581]
[42.520173, -83.043581]
[42.520173, -83.043581]
[42.520173, -83.043581]
[42.520173, -83.043581]
[42.520173, -83.043581]
[42.520173, -83.043581]
[42.520173, -83.043581]
[42.520173, -83.043581]
[42.520173, -83.043581]
[42.520173, -83.043581]
[42.520173, -83.043581]
[42.520173, -83.043581]
[42.520173, -83.043581]
[42.520173, -83.043581]
[42.520173, -83.043581]
[42.520173, -83.043581]
[42.520173, -83.043581]
[42.520173, -83.043581]
[42.520173, -83.043581]
[42.520173, -83.043581]
[42.520173, -83.043581]
[42.520173, -83.043581]
[42.520173, -83.043581]
[42.520173, -83.043581]
[42.520173, -83.043581]
[42.520173, -83.043581]
[42.520173, -83.043581]
[42.520173, -83.043581]
[42.520173, -83.043581]
[42.520173, -83.043581]
[42.520173, -83.043581]
[42.520173, -83.043581]
[42.520173, -83.043581]
[42.520173, -83.043581]
[42.520173, -83.043581]
[42.520173, -83.043581]
[42.520173, -83.043581]
[42.520173, -83.043581]
[42.520173, -83.043581]
[42.520173, -83.043581]
[42.520173, -83.043581]
[42.520173, -83.043581]
[42.520173, -83.043581]
[42.520173, -83.043581]
[42.520173, -83.043581]
[42.520173, -83.043581]
[42.520173, -83.043581]
[42.520173, -83.043581]
[42.520173, -83.043581]
[42.520173, -83.043581]
[42.520173, -83.043581]
[42.520173, -83.043581]
[42.520173, -83.043581]
[42.520173, -83.043581]
[42.520173, -83.043581]
[42.520173, -83.043581]
[42.520173, -83.043581]
[42.520173, -83.043581]
[42.520173, -83.043581]
[42.520173, -83.043581]
[42.520173, -83.043581]
[42.520173, -83.043581]
[42.520173, -83.043581]
[42.520173, -83.043581]
[42.520173, -83.043581]
[42.520173, -83.043581]
[42.520173, -83.043581]
[42.520173, -83.043581]
[42.520173, -83.043581]
[42.520173, -83.043581]
[42.520173, -83.043581]
[42.520173, -83.043581]
[42.520173, -83.043581]
[42.520173, -83.043581]
[42.520173, -83.043581]
[42.520173, -83.043581]
[42.520173, -83.043581]
[42.520173, -83.043581]
[42.520173, -83.043581]
[42.520173, -83.043581]
[42.520173, -83.043581]
[42.520173, -83.043581]
[42.520173, -83.043581]
[42.520174, -83.043581]
[42.520174, -83.043581]
[42.520174, -83.043581]
[42.520174, -83.043581]
[42.520174, -83.043581]
[42.520174, -83.043581]
[42.520174, -83.043581]
[42.520174, -83.043581]
[42.520174, -83.043581]
[42.520174, -83.043581]
[42.520174, -83.043581]
[42.520174, -83.043581]
[42.520174, -83.043581]
[42.520174, -83.043581]
[42.520174, -83.043581]
[42.520174, -83.043581]
[42.520174, -83.043581]
[42.520174, -83.043581]
[42.520174, -83.043581]
[42.520174, -83.043581]
[42.520174, -83.043581]
[42.520174, -83.043581]
[42.520174, -83.043581]
[42.520174, -83.043581]
[42.520174, -83.043581]
[42.520174, -83.043581]
[42.520174, -83.043581]
[42.520174, -83.043581]
[42.520174, -83.043581]
[42.520174, -83.043581]
[42.520174, -83.043581]
[42.520174, -83.043581]
[42.520174, -83.043581]
[42.520174, -83.043581]
[42.520174, -83.043581]
[42.520174, -83.043581]
[42.520174, -83.043581]
[42.520174, -83.043581]
[42.520174, -83.043581]
[42.520174, -83.043581]
[42.520174, -83.043581]
[42.520174, -83.043581]
[42.520174, -83.043582]
[42.520174, -83.043582]
[42.520174, -83.043583]
[42.520174, -83.043587]
[42.520174, -83.043587]
[42.520174, -83.043589]
[42.520174, -83.043591]
[42.520174, -83.043591]
[42.520173, -83.043600]
[42.520173, -83.043600]
[42.520173, -83.043607]
[42.520173, -83.043607]
[42.520173, -83.043610]
[42.520173, -83.043617]
[42.520173, -83.043620]
[42.520173, -83.043621]
[42.520173, -83.043621]
[42.520173, -83.043621]
[42.520173, -83.043621]
[42.520173, -83.043621]
[42.520173, -83.043621]
[42.520173, -83.043621]
[42.520173, -83.043621]
[42.520173, -83.043621]
[42.520173, -83.043621]
[42.520173, -83.043621]
[42.520173, -83.043621]
[42.520173, -83.043621]
[42.520173, -83.043621]
[42.520173, -83.043621]
[42.520173, -83.043621]
[42.520173, -83.043620]
[42.520172, -83.043620]
[42.520172, -83.043620]
[42.520172, -83.043620]
[42.520172, -83.043620]
[42.520172, -83.043620]
[42.520172, -83.043620]
[42.520172, -83.043620]
[42.520172, -83.043620]
[42.520172, -83.043620]
[42.520172, -83.043620]
[42.520172, -83.043620]
[42.520172, -83.043620]
[42.520172, -83.043620]
[42.520172, -83.043620]
[42.520172, -83.043620]
[42.520172, -83.043620]
[42.520172, -83.043620]
[42.520172, -83.043620]
[42.520172, -83.043620]
[42.520172, -83.043620]
[42.520172, -83.043620]
[42.520172, -83.043620]
[42.520172, -83.043620]
[42.520172, -83.043620]
[42.520172, -83.043620]
[42.520172, -83.043620]
[42.520172, -83.043620]
[42.520172, -83.043620]
[42.520172, -83.043620]
[42.520172, -83.043620]
[42.520172, -83.043620]
[42.520172, -83.043620]
[42.520172, -83.043620]
[42.520172, -83.043620]
[42.520172, -83.043620]
[42.520172, -83.043620]
[42.520172, -83.043620]
[42.520172, -83.043620]
[42.520172, -83.043620]
[42.520172, -83.043620]
[42.520172, -83.043620]
[42.520172, -83.043620]
[42.520172, -83.043620]
[42.520172, -83.043620]
[42.520172, -83.043620]
[42.520172, -83.043620]
[42.520172, -83.043620]
[42.520172, -83.043620]
[42.520172, -83.043620]
[42.520172, -83.043620]
[42.520172, -83.043620]
[42.520172, -83.043620]
[42.520172, -83.043620]
[42.520172, -83.043620]
[42.520172, -83.043620]
[42.520172, -83.043620]
[42.520172, -83.043620]
[42.520172, -83.043620]
[42.520172, -83.043620]
[42.520172, -83.043620]
[42.520172, -83.043620]
[42.520172, -83.043620]
[42.520172, -83.043620]
[42.520172, -83.043620]
[42.520172, -83.043620]
[42.520172, -83.043620]
[42.520172, -83.043620]
[42.520172, -83.043620]
[42.520172, -83.043620]
[42.520172, -83.043620]
[42.520172, -83.043620]
--start execution--
--stop execution--
[42.520271, -83.043446]
[42.520271, -83.043446]
[42.520271, -83.043446]
[42.520271, -83.043446]
[42.520271, -83.043446]
[42.520271, -83.043446]
[42.520271, -83.043446]
[42.520271, -83.043446]
[42.520271, -83.043446]
[42.520271, -83.043446]
[42.520271, -83.043446]
[42.520271, -83.043446]
[42.520271, -83.043446]
[42.520271, -83.043446]
[42.520271, -83.043446]
[42.520271, -83.043446]
[42.520271, -83.043446]
[42.520271, -83.043446]
[42.520271, -83.043446]
[42.520271, -83.043446]
[42.520271, -83.043446]
[42.520271, -83.043446]
[42.520271, -83.043446]
[42.520271, -83.043446]
[42.520271, -83.043446]
[42.520271, -83.043446]
[42.520271, -83.043447]
[42.520271, -83.043447]
[42.520271, -83.043447]
[42.520271, -83.043447]
[42.520271, -83.043447]
[42.520271, -83.043447]
[42.520271, -83.043447]
[42.520271, -83.043447]
[42.520271, -83.043447]
[42.520271, -83.043447]
[42.520271, -83.043447]
[42.520271, -83.043447]
[42.520271, -83.043447]
[42.520271, -83.043447]
[42.520271, -83.043447]
[42.520271, -83.043447]
[42.520271, -83.043447]
[42.520271, -83.043447]
[42.520271, -83.043446]
[42.520271, -83.043446]
[42.520271, -83.043446]
[42.520271, -83.043446]
[42.520271, -83.043446]
[42.520271, -83.043446]
[42.520271, -83.043446]
[42.520271, -83.043446]
[42.520271, -83.043446]
[42.520271, -83.043446]
[42.520271, -83.043446]
[42.520271, -83.043446]
[42.520271, -83.043446]
[42.520271, -83.043446]
[42.520271, -83.043446]
[42.520271, -83.043446]
[42.520271, -83.043446]
[42.520271, -83.043446]
[42.520271, -83.043446]
[42.520271, -83.043446]
[42.520271, -83.043446]
[42.520271, -83.043446]
[42.520271, -83.043446]
[42.520271, -83.043446]
[42.520271, -83.043446]
[42.520271, -83.043446]
[42.520271, -83.043446]
[42.520271, -83.043446]
[42.520271, -83.043446]
[42.520271, -83.043446]
[42.520271, -83.043446]
[42.520271, -83.043446]
[42.520271, -83.043446]
[42.520271, -83.043446]
[42.520271, -83.043446]
[42.520271, -83.043446]
[42.520271, -83.043446]
[42.520271, -83.043446]
[42.520271, -83.043446]
[42.520271, -83.043446]
[42.520271, -83.043446]
[42.520271, -83.043446]
[42.520271, -83.043446]
[42.520271, -83.043446]
[42.520271, -83.043446]
[42.520271, -83.043446]
[42.520271, -83.043446]
[42.520271, -83.043446]
[42.520271, -83.043446]
[42.520271, -83.043446]
[42.520271, -83.043446]
[42.520271, -83.043446]
[42.520271, -83.043446]
[42.520271, -83.043446]
[42.520271, -83.043446]
[42.520271, -83.043446]
[42.520271, -83.043446]
[42.520271, -83.043446]
[42.520271, -83.043446]
[42.520271, -83.043446]
[42.520271, -83.043446]
[42.520271, -83.043446]
[42.520271, -83.043446]
[42.520271, -83.043446]
[42.520271, -83.043446]
[42.520271, -83.043446]
[42.520271, -83.043446]
[42.520271, -83.043446]
[42.520271, -83.043446]
[42.520271, -83.043446]
[42.520271, -83.043446]
[42.520271, -83.043446]
[42.520271, -83.043446]
[42.520271, -83.043446]
[42.520271, -83.043447]
[42.520271, -83.043447]
[42.520271, -83.043447]
[42.520271, -83.043447]
[42.520271, -83.043447]
[42.520271, -83.043447]
[42.520271, -83.043447]
[42.520271, -83.043447]
[42.520271, -83.043447]
[42.520271, -83.043447]
[42.520271, -83.043447]
[42.520271, -83.043447]
[42.520271, -83.043447]
[42.520271, -83.043447]
[42.520271, -83.043447]
[42.520271, -83.043447]
[42.520271, -83.043447]
[42.520271, -83.043447]
[42.520271, -83.043447]
[42.520271, -83.043447]
[42.520271, -83.043447]
[42.520271, -83.043447]
[42.520271, -83.043447]
[42.520271, -83.043447]
[42.520271, -83.043447]
[42.520271, -83.043447]
[42.520271, -83.043447]
[42.520271, -83.043447]
[42.520271, -83.043447]
[42.520271, -83.043447]
[42.520271, -83.043447]
[42.520271, -83.043447]
[42.520271, -83.043447]
[42.520271, -83.043447]
[42.520271, -83.043447]
[42.520271, -83.043447]
[42.520271, -83.043447]
[42.520271, -83.043447]
[42.520271, -83.043447]
[42.520271, -83.043447]
[42.520271, -83.043447]
[42.520271, -83.043447]
[42.520271, -83.043447]
[42.520271, -83.043447]
[42.520271, -83.043447]
[42.520271, -83.043447]
[42.520271, -83.043447]
[42.520271, -83.043447]
[42.520271, -83.043447]
[42.520271, -83.043447]
[42.520271, -83.043447]
[42.520271, -83.043447]
[42.520271, -83.043447]
[42.520271, -83.043447]
[42.520271, -83.043447]
[42.520271, -83.043447]
[42.520271, -83.043447]
[42.520271, -83.043447]
[42.520271, -83.043447]
[42.520271, -83.043447]
[42.520271, -83.043447]
[42.520271, -83.043447]
[42.520271, -83.043447]
[42.520271, -83.043447]
[42.520271, -83.043447]
[42.520271, -83.043447]
[42.520271, -83.043447]
[42.520271, -83.043447]
[42.520271, -83.043447]
[42.520271, -83.043447]
[42.520271, -83.043447]
[42.520271, -83.043447]
[42.520271, -83.043447]
[42.520271, -83.043447]
[42.520271, -83.043447]
[42.520271, -83.043447]
[42.520271, -83.043447]
[42.520271, -83.043447]
[42.520271, -83.043447]
[42.520271, -83.043447]
[42.520271, -83.043447]
[42.520271, -83.043447]
[42.520271, -83.043447]
[42.520271, -83.043447]
[42.520271, -83.043447]
[42.520271, -83.043447]
[42.520271, -83.043448]
[42.520271, -83.043448]
[42.520271, -83.043448]
[42.520271, -83.043448]
[42.520271, -83.043448]
[42.520271, -83.043448]
[42.520271, -83.043448]
[42.520271, -83.043448]
[42.520271, -83.043448]
[42.520271, -83.043448]
[42.520271, -83.043448]
[42.520271, -83.043448]
[42.520271, -83.043448]
[42.520271, -83.043448]
[42.520271, -83.043448]
[42.520271, -83.043448]
[42.520271, -83.043448]
[42.520271, -83.043448]
[42.520271, -83.043448]
[42.520271, -83.043448]
[42.520271, -83.043448]
[42.520271, -83.043448]
[42.520271, -83.043448]
[42.520271, -83.043448]
[42.520271, -83.043448]
[42.520271, -83.043448]
[42.520271, -83.043448]
[42.520271, -83.043448]
[42.520271, -83.043448]
[42.520271, -83.043448]
[42.520271, -83.043448]
[42.520271, -83.043448]
[42.520271, -83.043448]
[42.520271, -83.043448]
[42.520271, -83.043448]
[42.520271, -83.043448]
[42.520271, -83.043448]
[42.520271, -83.043448]
[42.520271, -83.043448]
[42.520271, -83.043448]
[42.520271, -83.043448]
[42.520271, -83.043448]
[42.520272, -83.043448]
[42.520272, -83.043448]
[42.520272, -83.043448]
[42.520272, -83.043448]
[42.520272, -83.043448]
[42.520272, -83.043448]
[42.520272, -83.043449]
[42.520272, -83.043449]
[42.520272, -83.043449]
[42.520272, -83.043449]
[42.520272, -83.043449]
[42.520272, -83.043449]
[42.520272, -83.043449]
[42.520272, -83.043449]
[42.520272, -83.043449]
[42.520272, -83.043449]
[42.520272, -83.043449]
[42.520272, -83.043449]
[42.520272, -83.043449]
[42.520272, -83.043449]
[42.520272, -83.043449]
[42.520272, -83.043449]
[42.520272, -83.043449]
[42.520272, -83.043449]
[42.520272, -83.043449]
[42.520272, -83.043449]
[42.520272, -83.043449]
[42.520272, -83.043449]
[42.520272, -83.043449]
[42.520272, -83.043449]
[42.520272, -83.043449]
[42.520272, -83.043449]
[42.520272, -83.043449]
[42.520272, -83.043449]
[42.520272, -83.043449]
[42.520272, -83.043449]
[42.520272, -83.043449]
[42.520272, -83.043449]
[42.520272, -83.043449]
[42.520272, -83.043449]
[42.520272, -83.043449]
[42.520272, -83.043449]
[42.520272, -83.043449]
[42.520272, -83.043449]
[42.520273, -83.043449]
[42.520273, -83.043449]
[42.520273, -83.043449]
[42.520273, -83.043449]
[42.520273, -83.043449]
[42.520273, -83.043449]
[42.520273, -83.043449]
[42.520273, -83.043449]
[42.520273, -83.043449]
[42.520273, -83.043449]
[42.520273, -83.043449]
[42.520273, -83.043449]
[42.520273, -83.043449]
[42.520273, -83.043449]
[42.520273, -83.043449]
[42.520273, -83.043449]
[42.520273, -83.043449]
[42.520273, -83.043449]
[42.520273, -83.043449]
[42.520273, -83.043449]
[42.520273, -83.043449]
[42.520273, -83.043449]
[42.520273, -83.043449]
[42.520273, -83.043449]
[42.520273, -83.043449]
[42.520273, -83.043449]
[42.520273, -83.043449]
[42.520273, -83.043449]
[42.520273, -83.043449]
[42.520273, -83.043449]
[42.520273, -83.043449]
[42.520273, -83.043449]
[42.520273, -83.043449]
[42.520273, -83.043449]
[42.520273, -83.043449]
[42.520273, -83.043449]
[42.520273, -83.043449]
[42.520273, -83.043449]
[42.520273, -83.043449]
[42.520273, -83.043449]
[42.520273, -83.043449]
[42.520273, -83.043449]
[42.520273, -83.043449]
[42.520273, -83.043449]
[42.520273, -83.043449]
[42.520273, -83.043449]
[42.520273, -83.043449]
[42.520273, -83.043449]
[42.520273, -83.043449]
[42.520273, -83.043449]
[42.520273, -83.043449]
[42.520273, -83.043449]
[42.520273, -83.043449]
[42.520273, -83.043449]
[42.520273, -83.043449]
[42.520273, -83.043449]
[42.520273, -83.043449]
[42.520273, -83.043449]
[42.520273, -83.043449]
[42.520273, -83.043449]
[42.520273, -83.043449]
[42.520273, -83.043449]
[42.520273, -83.043449]
[42.520273, -83.043449]
[42.520273, -83.043449]
[42.520273, -83.043449]
[42.520273, -83.043449]
[42.520274, -83.043449]
[42.520274, -83.043449]
[42.520274, -83.043449]
[42.520274, -83.043449]
[42.520274, -83.043449]
[42.520274, -83.043449]
[42.520274, -83.043449]
[42.520274, -83.043449]
[42.520274, -83.043449]
[42.520274, -83.043449]
[42.520274, -83.043449]
[42.520274, -83.043449]
[42.520274, -83.043449]
[42.520274, -83.043449]
[42.520274, -83.043449]
[42.520274, -83.043449]
[42.520274, -83.043449]
[42.520274, -83.043449]
[42.520274, -83.043449]
[42.520274, -83.043449]
[42.520274, -83.043449]
[42.520274, -83.043449]
[42.520274, -83.043449]
[42.520274, -83.043449]
[42.520274, -83.043449]
[42.520274, -83.043449]
[42.520274, -83.043449]
[42.520274, -83.043449]
[42.520274, -83.043449]
[42.520274, -83.043449]
[42.520274, -83.043449]
[42.520274, -83.043449]
[42.520274, -83.043449]
[42.520274, -83.043449]
[42.520274, -83.043449]
[42.520274, -83.043449]
[42.520274, -83.043449]
[42.520274, -83.043449]
[42.520274, -83.043449]
[42.520274, -83.043449]
[42.520274, -83.043449]
[42.520274, -83.043449]
[42.520274, -83.043449]
[42.520274, -83.043449]
[42.520274, -83.043449]
[42.520274, -83.043449]
[42.520274, -83.043449]
[42.520274, -83.043449]
[42.520274, -83.043449]
[42.520274, -83.043449]
[42.520274, -83.043449]
[42.520273, -83.043449]
[42.520273, -83.043449]
[42.520273, -83.043449]
[42.520273, -83.043449]
[42.520273, -83.043449]
[42.520273, -83.043449]
[42.520273, -83.043449]
[42.520273, -83.043449]
[42.520273, -83.043449]
[42.520273, -83.043449]
[42.520273, -83.043449]
[42.520274, -83.043448]
[42.520274, -83.043448]
[42.520274, -83.043448]
[42.520274, -83.043448]
[42.520274, -83.043448]
[42.520274, -83.043448]
[42.520274, -83.043448]
[42.520274, -83.043448]
[42.520274, -83.043448]
[42.520274, -83.043448]
[42.520274, -83.043448]
[42.520274, -83.043448]
[42.520274, -83.043448]
[42.520274, -83.043448]
[42.520274, -83.043448]
[42.520274, -83.043448]
[42.520274, -83.043448]
[42.520274, -83.043448]
[42.520274, -83.043448]
[42.520274, -83.043448]
[42.520274, -83.043448]
[42.520274, -83.043448]
[42.520274, -83.043448]
[42.520274, -83.043448]
[42.520274, -83.043448]
[42.520274, -83.043448]
[42.520274, -83.043448]
[42.520274, -83.043448]
[42.520274, -83.043448]
[42.520274, -83.043448]
[42.520274, -83.043448]
[42.520274, -83.043448]
[42.520274, -83.043448]
[42.520274, -83.043448]
[42.520274, -83.043448]
[42.520274, -83.043448]
[42.520274, -83.043448]
[42.520274, -83.043448]
[42.520274, -83.043448]
[42.520274, -83.043448]
[42.520274, -83.043448]
[42.520274, -83.043448]
[42.520274, -83.043448]
[42.520274, -83.043448]
[42.520274, -83.043448]
[42.520274, -83.043448]
[42.520274, -83.043448]
[42.520274, -83.043448]
[42.520274, -83.043448]
[42.520273, -83.043448]
[42.520273, -83.043448]
[42.520273, -83.043448]
[42.520273, -83.043448]
[42.520273, -83.043448]
[42.520273, -83.043448]
[42.520273, -83.043448]
[42.520273, -83.043448]
[42.520273, -83.043448]
[42.520273, -83.043448]
[42.520273, -83.043448]
[42.520273, -83.043448]
[42.520273, -83.043448]
[42.520273, -83.043448]
[42.520273, -83.043448]
[42.520273, -83.043448]
[42.520273, -83.043448]
[42.520273, -83.043448]
[42.520273, -83.043448]
[42.520273, -83.043448]
[42.520273, -83.043448]
[42.520273, -83.043448]
[42.520273, -83.043448]
[42.520273, -83.043448]
[42.520273, -83.043448]
[42.520273, -83.043448]
[42.520273, -83.043448]
[42.520273, -83.043448]
[42.520273, -83.043448]
[42.520273, -83.043448]
[42.520273, -83.043447]
[42.520273, -83.043447]
[42.520273, -83.043447]
[42.520273, -83.043447]
[42.520273, -83.043447]
[42.520273, -83.043447]
[42.520273, -83.043447]
[42.520273, -83.043447]
[42.520273, -83.043447]
[42.520273, -83.043447]
[42.520273, -83.043447]
[42.520273, -83.043447]
[42.520272, -83.043447]
[42.520272, -83.043447]
[42.520272, -83.043447]
[42.520272, -83.043447]
[42.520272, -83.043447]
[42.520272, -83.043447]
[42.520272, -83.043447]
[42.520272, -83.043447]
[42.520272, -83.043447]
[42.520272, -83.043447]
[42.520272, -83.043447]
[42.520272, -83.043447]
[42.520272, -83.043447]
[42.520272, -83.043447]
[42.520272, -83.043447]
[42.520272, -83.043447]
[42.520272, -83.043447]
[42.520272, -83.043447]
[42.520272, -83.043447]
[42.520272, -83.043447]
[42.520272, -83.043447]
[42.520272, -83.043447]
[42.520272, -83.043447]
[42.520272, -83.043447]
[42.520272, -83.043447]
[42.520272, -83.043447]
[42.520272, -83.043447]
[42.520272, -83.043447]
[42.520272, -83.043447]
[42.520272, -83.043447]
[42.520272, -83.043447]
[42.520272, -83.043447]
[42.520272, -83.043447]
[42.520272, -83.043447]
[42.520272, -83.043447]
[42.520272, -83.043447]
[42.520272, -83.043447]
[42.520272, -83.043447]
[42.520272, -83.043447]
[42.520272, -83.043447]
[42.520272, -83.043447]
[42.520272, -83.043447]
[42.520272, -83.043447]
[42.520272, -83.043447]
[42.520272, -83.043447]
[42.520272, -83.043447]
[42.520272, -83.043447]
[42.520272, -83.043447]
[42.520272, -83.043447]
[42.520272, -83.043447]
[42.520272, -83.043447]
[42.520272, -83.043447]
[42.520272, -83.043447]
[42.520271, -83.043447]
[42.520271, -83.043447]
[42.520271, -83.043447]
[42.520271, -83.043447]
[42.520271, -83.043447]
[42.520271, -83.043447]
[42.520271, -83.043447]
[42.520271, -83.043447]
[42.520271, -83.043447]
[42.520271, -83.043447]
[42.520271, -83.043447]
[42.520271, -83.043447]
[42.520271, -83.043447]
[42.520271, -83.043447]
[42.520271, -83.043447]
[42.520271, -83.043447]
[42.520271, -83.043447]
[42.520271, -83.043447]
[42.520271, -83.043447]
[42.520271, -83.043447]
[42.520271, -83.043447]
[42.520271, -83.043447]
[42.520271, -83.043447]
[42.520271, -83.043447]
[42.520271, -83.043447]
[42.520271, -83.043447]
[42.520271, -83.043447]
[42.520271, -83.043447]
[42.520271, -83.043447]
[42.520271, -83.043447]
[42.520271, -83.043447]
[42.520271, -83.043447]
[42.520271, -83.043447]
[42.520271, -83.043447]
[42.520271, -83.043447]
[42.520271, -83.043447]
[42.520271, -83.043447]
[42.520271, -83.043447]
[42.520271, -83.043447]
[42.520271, -83.043447]
[42.520271, -83.043447]
[42.520271, -83.043447]
[42.520271, -83.043447]
[42.520271, -83.043447]
[42.520271, -83.043447]
[42.520271, -83.043447]
[42.520271, -83.043447]
[42.520271, -83.043447]
[42.520271, -83.043447]
[42.520271, -83.043447]
[42.520271, -83.043447]
[42.520271, -83.043447]
[42.520271, -83.043447]
[42.520271, -83.043447]
[42.520271, -83.043447]
[42.520271, -83.043447]
[42.520271, -83.043447]
[42.520271, -83.043447]
[42.520271, -83.043446]
[42.520270, -83.043446]
[42.520270, -83.043446]
[42.520270, -83.043446]
[42.520270, -83.043446]
[42.520270, -83.043446]
[42.520270, -83.043446]
[42.520270, -83.043446]
[42.520270, -83.043446]
[42.520270, -83.043446]
[42.520270, -83.043446]
[42.520270, -83.043446]
[42.520270, -83.043446]
[42.520270, -83.043446]
[42.520270, -83.043446]
[42.520270, -83.043446]
[42.520270, -83.043446]
[42.520270, -83.043446]
[42.520270, -83.043446]
[42.520270, -83.043446]
[42.520270, -83.043446]
[42.520270, -83.043446]
[42.520270, -83.043446]
[42.520270, -83.043446]
[42.520270, -83.043447]
[42.520270, -83.043447]
[42.520270, -83.043447]
[42.520270, -83.043447]
[42.520270, -83.043447]
[42.520270, -83.043447]
[42.520270, -83.043447]
[42.520270, -83.043447]
[42.520270, -83.043447]
[42.520270, -83.043447]
[42.520270, -83.043447]
[42.520270, -83.043447]
[42.520270, -83.043447]
[42.520270, -83.043447]
[42.520270, -83.043447]
[42.520270, -83.043447]
[42.520270, -83.043447]
[42.520270, -83.043447]
[42.520270, -83.043447]
[42.520270, -83.043447]
[42.520270, -83.043447]
[42.520270, -83.043447]
[42.520270, -83.043447]
[42.520270, -83.043447]
[42.520270, -83.043447]
[42.520270, -83.043447]
[42.520270, -83.043447]
[42.520270, -83.043447]
[42.520270, -83.043447]
[42.520270, -83.043447]
[42.520270, -83.043447]
[42.520270, -83.043447]
[42.520270, -83.043447]
[42.520270, -83.043447]
[42.520270, -83.043447]
[42.520270, -83.043447]
[42.520270, -83.043447]
[42.520270, -83.043447]
[42.520270, -83.043447]
[42.520270, -83.043447]
[42.520270, -83.043447]
[42.520270, -83.043447]
[42.520270, -83.043447]
[42.520270, -83.043447]
[42.520270, -83.043447]
[42.520270, -83.043447]
[42.520270, -83.043447]
[42.520270, -83.043447]
[42.520271, -83.043447]
[42.520271, -83.043447]
[42.520271, -83.043447]
[42.520271, -83.043447]
[42.520271, -83.043447]
[42.520271, -83.043447]
[42.520271, -83.043447]
[42.520271, -83.043447]
[42.520271, -83.043447]
[42.520271, -83.043447]
[42.520271, -83.043447]
[42.520271, -83.043447]
[42.520271, -83.043447]
[42.520271, -83.043447]
[42.520271, -83.043447]
[42.520271, -83.043447]
[42.520271, -83.043447]
[42.520271, -83.043447]
[42.520271, -83.043447]
[42.520271, -83.043447]
[42.520271, -83.043447]
[42.520271, -83.043447]
[42.520271, -83.043447]
[42.520271, -83.043447]
[42.520271, -83.043447]
[42.520271, -83.043447]
[42.520271, -83.043447]
[42.520271, -83.043447]
[42.520270, -83.043447]
[42.520270, -83.043447]
[42.520270, -83.043447]
[42.520270, -83.043447]
[42.520270, -83.043447]
[42.520270, -83.043447]
[42.520270, -83.043447]
[42.520270, -83.043447]
[42.520270, -83.043447]
[42.520270, -83.043447]
[42.520270, -83.043447]
[42.520270, -83.043447]
[42.520270, -83.043447]
[42.520270, -83.043447]
[42.520270, -83.043447]
[42.520270, -83.043447]
[42.520270, -83.043447]
[42.520270, -83.043447]
[42.520270, -83.043447]
[42.520270, -83.043447]
[42.520270, -83.043447]
[42.520270, -83.043447]
[42.520270, -83.043447]
[42.520270, -83.043447]
[42.520270, -83.043447]
[42.520270, -83.043447]
[42.520270, -83.043447]
[42.520270, -83.043447]
[42.520270, -83.043447]
[42.520270, -83.043447]
[42.520270, -83.043447]
[42.520270, -83.043447]
[42.520270, -83.043447]
[42.520270, -83.043447]
[42.520270, -83.043447]
[42.520270, -83.043447]
[42.520270, -83.043447]
[42.520270, -83.043447]
[42.520270, -83.043447]
[42.520270, -83.043447]
[42.520270, -83.043447]
[42.520270, -83.043447]
[42.520270, -83.043447]
[42.520270, -83.043447]
[42.520270, -83.043447]
[42.520270, -83.043447]
[42.520270, -83.043447]
[42.520270, -83.043447]
[42.520270, -83.043447]
[42.520270, -83.043447]
[42.520270, -83.043447]
[42.520270, -83.043447]
[42.520270, -83.043447]
[42.520270, -83.043447]
[42.520270, -83.043447]
[42.520270, -83.043447]
[42.520270, -83.043447]
[42.520270, -83.043447]
[42.520270, -83.043447]
[42.520270, -83.043447]
[42.520270, -83.043447]
[42.520270, -83.043447]
[42.520270, -83.043447]
[42.520271, -83.043447]
[42.520271, -83.043447]
[42.520271, -83.043447]
[42.520271, -83.043447]
[42.520271, -83.043447]
[42.520271, -83.043447]
[42.520271, -83.043447]
[42.520271, -83.043447]
[42.520271, -83.043447]
[42.520271, -83.043447]
[42.520271, -83.043447]
[42.520271, -83.043447]
[42.520271, -83.043447]
[42.520271, -83.043447]
[42.520271, -83.043447]
[42.520271, -83.043447]
[42.520271, -83.043447]
[42.520271, -83.043447]
[42.520271, -83.043447]
[42.520271, -83.043447]
[42.520271, -83.043447]
[42.520271, -83.043447]
[42.520271, -83.043447]
[42.520271, -83.043447]
[42.520271, -83.043447]
[42.520271, -83.043447]
[42.520271, -83.043447]
[42.520271, -83.043447]
[42.520271, -83.043447]
[42.520271, -83.043447]
[42.520271, -83.043447]
[42.520271, -83.043447]
[42.520271, -83.043447]
[42.520271, -83.043447]
[42.520271, -83.043447]
[42.520271, -83.043447]
[42.520271, -83.043447]
[42.520271, -83.043447]
[42.520271, -83.043447]
[42.520271, -83.043447]
[42.520271, -83.043447]
[42.520271, -83.043447]
[42.520271, -83.043447]
[42.520271, -83.043447]
[42.520271, -83.043447]
[42.520271, -83.043447]
[42.520271, -83.043447]
[42.520271, -83.043447]
[42.520271, -83.043447]
[42.520271, -83.043447]
[42.520271, -83.043447]
[42.520271, -83.043447]
[42.520271, -83.043447]
[42.520271, -83.043447]
[42.520271, -83.043447]
[42.520271, -83.043447]
[42.520271, -83.043447]
[42.520271, -83.043447]
[42.520271, -83.043447]
[42.520271, -83.043447]
[42.520271, -83.043447]
[42.520271, -83.043447]
[42.520271, -83.043447]
[42.520271, -83.043447]
[42.520271, -83.043447]
[42.520271, -83.043447]
[42.520270, -83.043447]
[42.520270, -83.043447]
[42.520270, -83.043447]
[42.520270, -83.043447]
[42.520270, -83.043447]
[42.520270, -83.043447]
[42.520270, -83.043447]
[42.520270, -83.043447]
[42.520270, -83.043447]
[42.520270, -83.043447]
[42.520270, -83.043447]
[42.520270, -83.043447]
[42.520270, -83.043447]
[42.520270, -83.043447]
[42.520270, -83.043447]
[42.520270, -83.043447]
[42.520270, -83.043447]
[42.520270, -83.043447]
[42.520270, -83.043447]
[42.520270, -83.043447]
[42.520270, -83.043447]
[42.520270, -83.043447]
[42.520270, -83.043447]
[42.520270, -83.043447]
[42.520270, -83.043447]
[42.520270, -83.043447]
[42.520270, -83.043447]
[42.520270, -83.043447]
[42.520270, -83.043447]
[42.520270, -83.043447]
[42.520270, -83.043448]
[42.520269, -83.043448]
[42.520269, -83.043448]
[42.520269, -83.043448]
[42.520270, -83.043448]
[42.520270, -83.043448]
[42.520270, -83.043448]
[42.520270, -83.043448]
[42.520270, -83.043448]
[42.520270, -83.043448]
[42.520270, -83.043448]
[42.520270, -83.043448]
[42.520270, -83.043447]
[42.520270, -83.043447]
[42.520270, -83.043447]
[42.520270, -83.043447]
[42.520270, -83.043447]
[42.520270, -83.043447]
[42.520270, -83.043447]
[42.520270, -83.043447]
[42.520270, -83.043448]
[42.520270, -83.043448]
[42.520269, -83.043448]
[42.520269, -83.043448]
[42.520269, -83.043448]
[42.520269, -83.043448]
[42.520269, -83.043448]
[42.520269, -83.043448]
[42.520269, -83.043448]
[42.520269, -83.043448]
[42.520269, -83.043448]
[42.520269, -83.043448]
[42.520269, -83.043448]
[42.520269, -83.043448]
[42.520269, -83.043448]
[42.520269, -83.043448]
[42.520269, -83.043448]
[42.520269, -83.043448]
[42.520269, -83.043448]
[42.520269, -83.043448]
[42.520269, -83.043448]
[42.520269, -83.043448]
[42.520269, -83.043448]
[42.520269, -83.043448]
[42.520269, -83.043448]
[42.520269, -83.043447]
[42.520269, -83.043447]
[42.520269, -83.043447]
[42.520269, -83.043447]
[42.520269, -83.043447]
[42.520269, -83.043447]
[42.520269, -83.043447]
[42.520269, -83.043447]
[42.520269, -83.043447]
[42.520269, -83.043447]
[42.520269, -83.043447]
[42.520269, -83.043447]
[42.520269, -83.043447]
[42.520269, -83.043447]
[42.520269, -83.043447]
[42.520269, -83.043447]
[42.520269, -83.043447]
[42.520269, -83.043447]
[42.520269, -83.043447]
[42.520269, -83.043447]
[42.520269, -83.043447]
[42.520269, -83.043447]
[42.520269, -83.043447]
[42.520269, -83.043447]
[42.520269, -83.043447]
[42.520269, -83.043447]
[42.520269, -83.043447]
[42.520269, -83.043447]
[42.520269, -83.043447]
[42.520269, -83.043447]
[42.520269, -83.043447]
[42.520269, -83.043447]
[42.520269, -83.043447]
[42.520269, -83.043447]
[42.520269, -83.043447]
[42.520269, -83.043447]
[42.520269, -83.043447]
[42.520269, -83.043447]
[42.520269, -83.043447]
[42.520269, -83.043446]
[42.520269, -83.043446]
[42.520269, -83.043446]
[42.520269, -83.043446]
[42.520269, -83.043446]
[42.520269, -83.043446]
[42.520269, -83.043446]
[42.520269, -83.043446]
[42.520269, -83.043446]
[42.520269, -83.043446]
[42.520269, -83.043446]
[42.520269, -83.043446]
[42.520269, -83.043446]
[42.520269, -83.043446]
[42.520269, -83.043446]
[42.520269, -83.043446]
[42.520269, -83.043446]
[42.520269, -83.043446]
[42.520269, -83.043446]
[42.520269, -83.043446]
[42.520269, -83.043446]
[42.520269, -83.043446]
[42.520269, -83.043446]
[42.520269, -83.043446]
[42.520269, -83.043446]
[42.520269, -83.043446]
[42.520269, -83.043446]
[42.520269, -83.043446]
[42.520269, -83.043446]
[42.520269, -83.043446]
[42.520269, -83.043446]
[42.520269, -83.043446]
[42.520269, -83.043446]
[42.520269, -83.043446]
[42.520269, -83.043446]
[42.520269, -83.043446]
[42.520269, -83.043446]
[42.520269, -83.043446]
[42.520269, -83.043446]
[42.520269, -83.043446]
[42.520269, -83.043446]
[42.520269, -83.043446]
[42.520269, -83.043446]
[42.520269, -83.043446]
[42.520269, -83.043446]
[42.520269, -83.043446]
[42.520269, -83.043446]
[42.520269, -83.043446]
[42.520269, -83.043446]
[42.520269, -83.043446]
[42.520269, -83.043446]
[42.520269, -83.043446]
[42.520269, -83.043446]
[42.520269, -83.043446]
[42.520269, -83.043446]
[42.520269, -83.043446]
[42.520269, -83.043446]
[42.520269, -83.043446]
[42.520269, -83.043446]
[42.520269, -83.043446]
[42.520269, -83.043446]
[42.520269, -83.043446]
[42.520269, -83.043446]
[42.520270, -83.043446]
[42.520270, -83.043446]
[42.520269, -83.043446]
[42.520269, -83.043446]
[42.520269, -83.043446]
[42.520269, -83.043446]
[42.520269, -83.043446]
[42.520269, -83.043446]
[42.520269, -83.043446]
[42.520269, -83.043446]
[42.520269, -83.043446]
[42.520269, -83.043446]
[42.520269, -83.043446]
[42.520269, -83.043446]
[42.520269, -83.043446]
[42.520269, -83.043446]
[42.520269, -83.043446]
[42.520269, -83.043446]
[42.520269, -83.043446]
[42.520269, -83.043446]
[42.520269, -83.043447]
[42.520269, -83.043447]
[42.520269, -83.043447]
[42.520269, -83.043447]
[42.520269, -83.043447]
[42.520269, -83.043447]
[42.520269, -83.043447]
[42.520269, -83.043447]
[42.520269, -83.043447]
[42.520269, -83.043447]
[42.520269, -83.043447]
[42.520269, -83.043447]
[42.520269, -83.043447]
[42.520269, -83.043447]
[42.520269, -83.043447]
[42.520269, -83.043447]
[42.520269, -83.043447]
[42.520269, -83.043447]
[42.520269, -83.043447]
[42.520269, -83.043447]
[42.520269, -83.043447]
[42.520269, -83.043447]
[42.520269, -83.043447]
[42.520269, -83.043447]
[42.520269, -83.043447]
[42.520269, -83.043447]
[42.520269, -83.043447]
[42.520269, -83.043447]
[42.520269, -83.043447]
[42.520269, -83.043447]
[42.520269, -83.043447]
[42.520269, -83.043447]
[42.520269, -83.043447]
[42.520269, -83.043447]
[42.520269, -83.043447]
[42.520269, -83.043447]
[42.520269, -83.043447]
[42.520269, -83.043447]
[42.520269, -83.043447]
[42.520269, -83.043447]
[42.520269, -83.043447]
[42.520269, -83.043447]
[42.520269, -83.043447]
[42.520269, -83.043447]
[42.520270, -83.043447]
[42.520270, -83.043447]
[42.520270, -83.043447]
[42.520270, -83.043447]
[42.520270, -83.043447]
[42.520270, -83.043447]
[42.520270, -83.043447]
[42.520270, -83.043447]
[42.520270, -83.043447]
[42.520270, -83.043447]
[42.520270, -83.043447]
[42.520270, -83.043447]
[42.520270, -83.043447]
[42.520270, -83.043447]
[42.520270, -83.043447]
[42.520270, -83.043447]
[42.520270, -83.043447]
[42.520270, -83.043447]
[42.520270, -83.043447]
[42.520270, -83.043447]
[42.520270, -83.043447]
[42.520270, -83.043447]
[42.520270, -83.043447]
[42.520270, -83.043447]
[42.520271, -83.043447]
[42.520271, -83.043447]
[42.520271, -83.043447]
[42.520271, -83.043447]
[42.520270, -83.043447]
[42.520269, -83.043447]
[42.520269, -83.043447]
[42.520269, -83.043447]
[42.520266, -83.043446]
[42.520261, -83.043445]
[42.520261, -83.043445]
[42.520261, -83.043445]
[42.520254, -83.043446]
[42.520251, -83.043446]
[42.520248, -83.043447]
[42.520248, -83.043447]
[42.520242, -83.043450]
[42.520235, -83.043453]
[42.520235, -83.043453]
[42.520231, -83.043455]
[42.520221, -83.043464]
[42.520217, -83.043468]
[42.520217, -83.043468]
[42.520213, -83.043472]
[42.520207, -83.043481]
[42.520200, -83.043492]
[42.520197, -83.043497]
[42.520197, -83.043497]
[42.520189, -83.043523]
[42.520189, -83.043523]
[42.520187, -83.043530]
[42.520186, -83.043544]
[42.520186, -83.043544]
[42.520185, -83.043557]
[42.520185, -83.043564]
[42.520185, -83.043564]
[42.520184, -83.043576]
[42.520184, -83.043588]
[42.520184, -83.043594]
[42.520184, -83.043594]
[42.520183, -83.043611]
[42.520183, -83.043616]
[42.520182, -83.043619]
[42.520182, -83.043622]
[42.520182, -83.043626]
[42.520182, -83.043626]
[42.520182, -83.043626]
[42.520182, -83.043626]
[42.520182, -83.043626]
[42.520182, -83.043626]
[42.520182, -83.043626]
[42.520182, -83.043626]
[42.520182, -83.043626]
[42.520182, -83.043626]
[42.520182, -83.043626]
[42.520182, -83.043626]
[42.520182, -83.043626]
[42.520182, -83.043626]
[42.520182, -83.043626]
--stop execution--
[42.520182, -83.043626]
[42.520182, -83.043626]
[42.520182, -83.043626]
[42.520182, -83.043626]
[42.520182, -83.043626]
[42.520181, -83.043626]
[42.520181, -83.043626]
[42.520181, -83.043626]
[42.520181, -83.043626]
[42.520181, -83.043626]
[42.520181, -83.043626]
[42.520181, -83.043626]
[42.520181, -83.043626]
[42.520181, -83.043626]
[42.520181, -83.043626]
[42.520181, -83.043626]
[42.520181, -83.043626]
[42.520181, -83.043626]
[42.520180, -83.043626]
[42.520180, -83.043626]
[42.520180, -83.043626]
[42.520180, -83.043626]
[42.520180, -83.043626]
[42.520180, -83.043626]
[42.520180, -83.043626]
[42.520180, -83.043626]
[42.520180, -83.043626]
[42.520180, -83.043626]
[42.520180, -83.043626]
[42.520180, -83.043626]
[42.520179, -83.043626]
[42.520179, -83.043626]
[42.520179, -83.043626]
[42.520179, -83.043626]
[42.520179, -83.043626]
[42.520179, -83.043627]
[42.520179, -83.043628]
[42.520179, -83.043629]
[42.520179, -83.043633]
[42.520179, -83.043635]
[42.520178, -83.043642]
[42.520178, -83.043642]
[42.520178, -83.043648]
[42.520178, -83.043651]
[42.520177, -83.043658]
[42.520177, -83.043661]
[42.520177, -83.043663]
[42.520177, -83.043663]
[42.520177, -83.043663]
[42.520177, -83.043663]
[42.520177, -83.043663]
[42.520177, -83.043663]
[42.520177, -83.043663]
[42.520176, -83.043663]
[42.520176, -83.043663]
[42.520176, -83.043663]
[42.520176, -83.043663]
[42.520176, -83.043663]
[42.520176, -83.043663]
[42.520176, -83.043663]
[42.520176, -83.043663]
[42.520176, -83.043663]
[42.520176, -83.043663]
[42.520176, -83.043663]
[42.520176, -83.043663]
[42.520176, -83.043663]
[42.520176, -83.043663]
[42.520176, -83.043663]
[42.520176, -83.043663]
[42.520176, -83.043663]
[42.520176, -83.043663]
[42.520176, -83.043663]
[42.520176, -83.043663]
[42.520176, -83.043663]
[42.520176, -83.043663]
[42.520176, -83.043663]
[42.520176, -83.043663]
[42.520176, -83.043663]
[42.520176, -83.043663]
[42.520176, -83.043663]
[42.520176, -83.043663]
[42.520176, -83.043663]
[42.520176, -83.043663]
[42.520176, -83.043663]
[42.520176, -83.043663]
[42.520176, -83.043663]
[42.520176, -83.043663]
[42.520176, -83.043663]
[42.520176, -83.043663]
[42.520176, -83.043663]
[42.520176, -83.043663]
[42.520176, -83.043663]
[42.520175, -83.043664]
[42.520175, -83.043664]
[42.520175, -83.043664]
[42.520175, -83.043664]
[42.520175, -83.043664]
[42.520175, -83.043664]
[42.520175, -83.043664]
[42.520175, -83.043664]
[42.520175, -83.043664]
[42.520175, -83.043664]
[42.520175, -83.043664]
[42.520175, -83.043664]
[42.520175, -83.043664]
[42.520175, -83.043664]
[42.520175, -83.043664]
[42.520176, -83.043664]
[42.520175, -83.043664]
[42.520175, -83.043663]
[42.520175, -83.043663]
[42.520175, -83.043663]
[42.520175, -83.043663]
[42.520175, -83.043663]
[42.520175, -83.043663]
[42.520175, -83.043663]
[42.520175, -83.043663]
[42.520175, -83.043663]
[42.520175, -83.043663]
[42.520175, -83.043663]
[42.520175, -83.043663]
[42.520175, -83.043663]
[42.520175, -83.043663]
[42.520175, -83.043663]
[42.520175, -83.043663]
[42.520175, -83.043663]
[42.520175, -83.043663]
[42.520175, -83.043663]
[42.520175, -83.043663]
[42.520175, -83.043663]
[42.520175, -83.043663]
[42.520175, -83.043663]
[42.520175, -83.043663]
[42.520175, -83.043663]
[42.520175, -83.043663]
[42.520175, -83.043663]
[42.520175, -83.043663]
[42.520175, -83.043663]
[42.520175, -83.043663]
[42.520175, -83.043663]
[42.520175, -83.043663]
[42.520175, -83.043663]
[42.520175, -83.043663]
[42.520175, -83.043663]
[42.520175, -83.043663]
[42.520175, -83.043663]
[42.520175, -83.043663]
[42.520175, -83.043663]
[42.520175, -83.043663]
[42.520175, -83.043663]
[42.520175, -83.043663]
[42.520175, -83.043663]
[42.520175, -83.043663]
[42.520175, -83.043663]
[42.520175, -83.043663]
[42.520175, -83.043663]
[42.520175, -83.043663]
[42.520175, -83.043663]
[42.520174, -83.043663]
[42.520174, -83.043663]
--start execution--
--stop execution--
[42.520181, -83.043630]
[42.520181, -83.043630]
[42.520181, -83.043630]
[42.520181, -83.043630]
[42.520181, -83.043630]
[42.520181, -83.043630]
[42.520181, -83.043629]
[42.520181, -83.043629]
[42.520181, -83.043629]
[42.520181, -83.043629]
[42.520181, -83.043629]
[42.520181, -83.043629]
[42.520181, -83.043629]
[42.520181, -83.043629]
[42.520181, -83.043629]
[42.520181, -83.043629]
[42.520181, -83.043629]
[42.520181, -83.043629]
[42.520181, -83.043629]
[42.520181, -83.043629]
[42.520181, -83.043629]
[42.520181, -83.043629]
[42.520181, -83.043629]
[42.520181, -83.043629]
[42.520181, -83.043629]
[42.520181, -83.043629]
[42.520181, -83.043629]
[42.520180, -83.043629]
[42.520180, -83.043629]
[42.520180, -83.043629]
[42.520180, -83.043630]
[42.520180, -83.043632]
[42.520179, -83.043633]
[42.520179, -83.043633]
[42.520179, -83.043633]
[42.520179, -83.043636]
[42.520179, -83.043640]
[42.520179, -83.043642]
[42.520179, -83.043644]
[42.520179, -83.043644]
[42.520178, -83.043647]
[42.520178, -83.043653]
[42.520178, -83.043656]
[42.520178, -83.043656]
[42.520178, -83.043659]
[42.520178, -83.043662]
[42.520178, -83.043666]
[42.520177, -83.043672]
[42.520177, -83.043672]
[42.520177, -83.043675]
[42.520177, -83.043677]
[42.520177, -83.043677]
[42.520177, -83.043677]
[42.520177, -83.043677]
[42.520177, -83.043677]
[42.520177, -83.043677]
[42.520177, -83.043677]
[42.520177, -83.043677]
[42.520177, -83.043677]
[42.520176, -83.043677]
[42.520176, -83.043677]
[42.520176, -83.043677]
[42.520176, -83.043677]
[42.520176, -83.043677]
[42.520176, -83.043676]
[42.520176, -83.043676]
[42.520176, -83.043676]
[42.520176, -83.043676]
[42.520176, -83.043676]
[42.520176, -83.043676]
[42.520176, -83.043676]
[42.520176, -83.043676]
[42.520176, -83.043676]
[42.520176, -83.043676]
[42.520176, -83.043676]
[42.520176, -83.043676]
[42.520176, -83.043676]
[42.520176, -83.043676]
[42.520176, -83.043676]
[42.520176, -83.043676]
[42.520176, -83.043676]
[42.520176, -83.043676]
[42.520176, -83.043676]
[42.520176, -83.043676]
[42.520176, -83.043676]
[42.520176, -83.043676]
[42.520176, -83.043676]
[42.520176, -83.043676]
[42.520176, -83.043676]
[42.520176, -83.043676]
[42.520176, -83.043676]
[42.520176, -83.043676]
[42.520176, -83.043676]
[42.520176, -83.043676]
[42.520176, -83.043676]
[42.520176, -83.043676]
[42.520176, -83.043676]
[42.520176, -83.043676]
[42.520176, -83.043676]
[42.520176, -83.043676]
[42.520176, -83.043676]
[42.520176, -83.043676]
[42.520176, -83.043676]
[42.520176, -83.043676]
[42.520176, -83.043676]
[42.520176, -83.043676]
[42.520176, -83.043676]
[42.520176, -83.043676]
[42.520176, -83.043676]
[42.520176, -83.043676]
[42.520176, -83.043676]
[42.520176, -83.043676]
[42.520176, -83.043676]
[42.520176, -83.043676]
[42.520176, -83.043676]
[42.520176, -83.043676]
[42.520176, -83.043676]
[42.520176, -83.043676]
[42.520176, -83.043676]
[42.520176, -83.043676]
[42.520176, -83.043676]
[42.520176, -83.043676]
[42.520176, -83.043676]
[42.520176, -83.043676]
[42.520176, -83.043676]
[42.520176, -83.043676]
[42.520176, -83.043676]
[42.520176, -83.043676]
[42.520176, -83.043676]
[42.520176, -83.043676]
[42.520176, -83.043676]
[42.520176, -83.043676]
[42.520176, -83.043676]
[42.520176, -83.043676]
[42.520176, -83.043676]
[42.520176, -83.043676]
[42.520176, -83.043676]
[42.520176, -83.043676]
[42.520176, -83.043676]
[42.520176, -83.043676]
[42.520176, -83.043676]
[42.520176, -83.043676]
[42.520176, -83.043676]
[42.520176, -83.043676]
[42.520176, -83.043676]
[42.520176, -83.043676]
[42.520176, -83.043676]
[42.520176, -83.043676]
[42.520176, -83.043676]
[42.520176, -83.043676]
[42.520176, -83.043676]
[42.520176, -83.043676]
[42.520176, -83.043676]
[42.520176, -83.043676]
[42.520176, -83.043676]
[42.520176, -83.043676]
[42.520176, -83.043676]
[42.520176, -83.043676]
[42.520176, -83.043676]
[42.520176, -83.043676]
[42.520176, -83.043676]
[42.520176, -83.043676]
[42.520176, -83.043676]
[42.520176, -83.043676]
[42.520175, -83.043676]
[42.520175, -83.043676]
[42.520175, -83.043676]
[42.520175, -83.043676]
[42.520175, -83.043676]
[42.520175, -83.043676]
[42.520175, -83.043676]
[42.520175, -83.043676]
[42.520175, -83.043676]
[42.520175, -83.043676]
[42.520175, -83.043676]
[42.520175, -83.043676]
[42.520175, -83.043676]
[42.520175, -83.043676]
[42.520175, -83.043676]
[42.520175, -83.043676]
[42.520175, -83.043676]
[42.520175, -83.043676]
[42.520175, -83.043676]
[42.520175, -83.043676]
[42.520175, -83.043675]
[42.520175, -83.043675]
[42.520175, -83.043675]
[42.520175, -83.043675]
[42.520175, -83.043675]
[42.520175, -83.043675]
[42.520175, -83.043675]
[42.520175, -83.043675]
[42.520175, -83.043675]
[42.520175, -83.043675]
[42.520175, -83.043675]
[42.520175, -83.043675]
[42.520175, -83.043675]
[42.520175, -83.043675]
[42.520175, -83.043675]
[42.520175, -83.043675]
[42.520175, -83.043675]
[42.520175, -83.043675]
[42.520175, -83.043675]
[42.520175, -83.043675]
[42.520175, -83.043675]
[42.520175, -83.043675]
[42.520175, -83.043675]
[42.520175, -83.043675]
[42.520175, -83.043675]
[42.520175, -83.043675]
[42.520175, -83.043675]
[42.520175, -83.043675]
[42.520175, -83.043675]
[42.520175, -83.043675]
[42.520175, -83.043675]
[42.520175, -83.043675]
[42.520175, -83.043674]
[42.520175, -83.043674]
[42.520175, -83.043674]
[42.520175, -83.043674]
[42.520175, -83.043674]
[42.520175, -83.043674]
[42.520175, -83.043674]
[42.520175, -83.043674]
[42.520175, -83.043674]
[42.520175, -83.043674]
[42.520175, -83.043674]
[42.520175, -83.043674]
[42.520175, -83.043674]
[42.520175, -83.043674]
[42.520175, -83.043674]
[42.520175, -83.043674]
[42.520175, -83.043674]
[42.520175, -83.043674]
[42.520175, -83.043674]
[42.520175, -83.043674]
[42.520175, -83.043674]
[42.520175, -83.043674]
[42.520175, -83.043674]
[42.520175, -83.043674]
[42.520175, -83.043674]
[42.520175, -83.043674]
[42.520175, -83.043674]
[42.520175, -83.043674]
[42.520175, -83.043674]
[42.520175, -83.043674]
[42.520175, -83.043674]
[42.520175, -83.043674]
[42.520175, -83.043674]
[42.520175, -83.043674]
[42.520175, -83.043674]
[42.520175, -83.043674]
[42.520175, -83.043674]
[42.520175, -83.043674]
[42.520175, -83.043674]
[42.520175, -83.043674]
[42.520175, -83.043674]
[42.520175, -83.043674]
[42.520175, -83.043674]
[42.520175, -83.043674]
[42.520175, -83.043674]
[42.520175, -83.043674]
[42.520175, -83.043674]
[42.520175, -83.043674]
[42.520175, -83.043673]
[42.520175, -83.043673]
[42.520175, -83.043673]
[42.520175, -83.043673]
[42.520175, -83.043673]
[42.520175, -83.043673]
[42.520175, -83.043673]
[42.520175, -83.043673]
[42.520175, -83.043673]
[42.520175, -83.043673]
[42.520175, -83.043673]
[42.520175, -83.043673]
[42.520175, -83.043673]
[42.520175, -83.043673]
[42.520175, -83.043673]
[42.520175, -83.043673]
[42.520175, -83.043673]
[42.520175, -83.043673]
[42.520175, -83.043673]
[42.520175, -83.043673]
[42.520175, -83.043673]
[42.520175, -83.043674]
[42.520175, -83.043674]
[42.520175, -83.043674]
[42.520175, -83.043674]
[42.520175, -83.043674]
[42.520175, -83.043674]
[42.520175, -83.043674]
[42.520175, -83.043674]
[42.520175, -83.043674]
[42.520175, -83.043674]
[42.520175, -83.043674]
[42.520175, -83.043674]
[42.520175, -83.043674]
[42.520174, -83.043674]
[42.520174, -83.043674]
[42.520174, -83.043674]
[42.520174, -83.043674]
[42.520174, -83.043674]
[42.520174, -83.043674]
[42.520174, -83.043674]
[42.520174, -83.043674]
[42.520174, -83.043674]
[42.520174, -83.043674]
[42.520174, -83.043674]
[42.520174, -83.043674]
[42.520174, -83.043674]
[42.520174, -83.043674]
[42.520174, -83.043674]
[42.520174, -83.043674]
[42.520174, -83.043674]
[42.520174, -83.043674]
[42.520174, -83.043673]
[42.520174, -83.043673]
[42.520174, -83.043673]
[42.520175, -83.043673]
[42.520174, -83.043673]
[42.520175, -83.043673]
[42.520175, -83.043673]
[42.520175, -83.043673]
[42.520175, -83.043673]
[42.520175, -83.043673]
[42.520175, -83.043673]
[42.520175, -83.043673]
[42.520174, -83.043673]
[42.520175, -83.043673]
[42.520174, -83.043673]
[42.520174, -83.043673]
[42.520174, -83.043673]
[42.520174, -83.043673]
[42.520174, -83.043673]
[42.520174, -83.043673]
[42.520174, -83.043673]
[42.520174, -83.043673]
[42.520174, -83.043673]
[42.520174, -83.043673]
[42.520174, -83.043673]
[42.520174, -83.043673]
[42.520174, -83.043674]
[42.520174, -83.043674]
[42.520174, -83.043674]
[42.520174, -83.043674]
[42.520174, -83.043674]
[42.520174, -83.043674]
[42.520174, -83.043674]
[42.520174, -83.043674]
[42.520174, -83.043674]
[42.520174, -83.043674]
[42.520174, -83.043674]
[42.520174, -83.043674]
[42.520174, -83.043674]
[42.520174, -83.043674]
[42.520174, -83.043674]
[42.520174, -83.043674]
[42.520174, -83.043674]
[42.520174, -83.043674]
[42.520174, -83.043674]
[42.520174, -83.043674]
[42.520174, -83.043674]
[42.520174, -83.043674]
[42.520174, -83.043674]
[42.520174, -83.043674]
[42.520174, -83.043674]
[42.520174, -83.043674]
[42.520174, -83.043674]
[42.520174, -83.043674]
[42.520174, -83.043674]
[42.520174, -83.043674]
[42.520174, -83.043674]
[42.520174, -83.043674]
[42.520174, -83.043674]
[42.520174, -83.043674]
[42.520174, -83.043674]
[42.520174, -83.043674]
[42.520174, -83.043674]
[42.520174, -83.043674]
[42.520174, -83.043674]
[42.520174, -83.043674]
[42.520174, -83.043674]
[42.520174, -83.043674]
[42.520175, -83.043674]
[42.520175, -83.043674]
[42.520175, -83.043674]
[42.520175, -83.043674]
[42.520175, -83.043674]
[42.520175, -83.043674]
[42.520175, -83.043674]
[42.520175, -83.043674]
[42.520175, -83.043674]
[42.520175, -83.043674]
[42.520175, -83.043674]
[42.520175, -83.043674]
[42.520175, -83.043674]
[42.520175, -83.043674]
[42.520175, -83.043674]
[42.520175, -83.043674]
[42.520175, -83.043674]
[42.520175, -83.043674]
[42.520175, -83.043674]
[42.520175, -83.043674]
[42.520175, -83.043674]
[42.520175, -83.043674]
[42.520175, -83.043674]
[42.520175, -83.043674]
[42.520175, -83.043674]
[42.520175, -83.043674]
[42.520175, -83.043674]
[42.520175, -83.043674]
[42.520175, -83.043674]
[42.520175, -83.043674]
[42.520175, -83.043674]
[42.520175, -83.043674]
[42.520175, -83.043674]
[42.520175, -83.043674]
[42.520175, -83.043674]
[42.520175, -83.043674]
[42.520175, -83.043674]
[42.520175, -83.043674]
[42.520175, -83.043675]
[42.520175, -83.043675]
[42.520175, -83.043675]
[42.520175, -83.043675]
[42.520175, -83.043675]
[42.520175, -83.043675]
[42.520175, -83.043675]
[42.520175, -83.043675]
[42.520175, -83.043675]
[42.520175, -83.043675]
[42.520175, -83.043675]
[42.520175, -83.043675]
[42.520175, -83.043675]
[42.520175, -83.043675]
[42.520175, -83.043675]
[42.520175, -83.043675]
[42.520175, -83.043675]
[42.520175, -83.043675]
[42.520175, -83.043675]
[42.520175, -83.043675]
[42.520175, -83.043675]
[42.520175, -83.043675]
[42.520175, -83.043675]
[42.520175, -83.043675]
[42.520175, -83.043675]
[42.520175, -83.043675]
[42.520175, -83.043675]
[42.520175, -83.043675]
[42.520175, -83.043676]
[42.520175, -83.043676]
[42.520175, -83.043676]
[42.520175, -83.043676]
[42.520175, -83.043676]
[42.520175, -83.043676]
[42.520175, -83.043676]
[42.520175, -83.043676]
[42.520175, -83.043676]
[42.520175, -83.043676]
[42.520175, -83.043676]
[42.520175, -83.043676]
[42.520175, -83.043676]
[42.520175, -83.043676]
[42.520175, -83.043676]
[42.520175, -83.043676]
[42.520175, -83.043676]
[42.520175, -83.043676]
[42.520175, -83.043676]
[42.520175, -83.043676]
[42.520175, -83.043676]
[42.520175, -83.043676]
[42.520175, -83.043676]
[42.520175, -83.043676]
[42.520175, -83.043676]
[42.520175, -83.043676]
[42.520175, -83.043676]
[42.520175, -83.043676]
[42.520175, -83.043676]
[42.520175, -83.043676]
[42.520175, -83.043676]
[42.520175, -83.043676]
[42.520175, -83.043676]
[42.520175, -83.043676]
[42.520175, -83.043676]
[42.520175, -83.043676]
[42.520175, -83.043676]
[42.520175, -83.043676]
[42.520175, -83.043676]
[42.520175, -83.043676]
[42.520175, -83.043676]
[42.520175, -83.043676]
[42.520175, -83.043676]
[42.520175, -83.043676]
[42.520175, -83.043676]
[42.520175, -83.043676]
[42.520175, -83.043676]
[42.520175, -83.043676]
[42.520175, -83.043676]
[42.520175, -83.043676]
[42.520175, -83.043676]
[42.520175, -83.043676]
[42.520175, -83.043676]
[42.520175, -83.043676]
[42.520175, -83.043676]
[42.520175, -83.043676]
[42.520175, -83.043676]
[42.520175, -83.043676]
[42.520175, -83.043676]
[42.520175, -83.043676]
[42.520175, -83.043676]
[42.520175, -83.043676]
[42.520175, -83.043676]
[42.520175, -83.043676]
[42.520175, -83.043676]
[42.520175, -83.043676]
[42.520175, -83.043676]
[42.520175, -83.043676]
[42.520175, -83.043676]
[42.520175, -83.043676]
[42.520175, -83.043675]
[42.520175, -83.043675]
[42.520175, -83.043675]
[42.520175, -83.043675]
[42.520175, -83.043675]
[42.520175, -83.043675]
[42.520175, -83.043675]
[42.520175, -83.043675]
[42.520175, -83.043675]
[42.520175, -83.043675]
[42.520175, -83.043675]
[42.520175, -83.043675]
[42.520175, -83.043675]
[42.520175, -83.043675]
[42.520175, -83.043675]
[42.520175, -83.043675]
[42.520175, -83.043675]
[42.520175, -83.043675]
[42.520175, -83.043675]
[42.520175, -83.043675]
[42.520175, -83.043675]
[42.520175, -83.043675]
[42.520175, -83.043675]
[42.520175, -83.043675]
[42.520175, -83.043675]
[42.520175, -83.043675]
[42.520175, -83.043675]
[42.520175, -83.043675]
[42.520175, -83.043675]
[42.520175, -83.043675]
[42.520175, -83.043675]
[42.520175, -83.043675]
[42.520175, -83.043675]
[42.520175, -83.043675]
[42.520175, -83.043675]
[42.520175, -83.043675]
[42.520175, -83.043675]
[42.520175, -83.043675]
[42.520175, -83.043675]
[42.520175, -83.043675]
[42.520175, -83.043675]
[42.520175, -83.043675]
[42.520175, -83.043675]
[42.520175, -83.043675]
[42.520176, -83.043675]
[42.520176, -83.043675]
[42.520176, -83.043675]
[42.520176, -83.043675]
[42.520176, -83.043675]
[42.520176, -83.043675]
[42.520176, -83.043675]
[42.520176, -83.043675]
[42.520176, -83.043675]
[42.520176, -83.043675]
[42.520176, -83.043675]
[42.520176, -83.043675]
[42.520176, -83.043675]
[42.520176, -83.043675]
[42.520176, -83.043675]
[42.520176, -83.043675]
[42.520176, -83.043675]
[42.520176, -83.043675]
[42.520176, -83.043675]
[42.520176, -83.043675]
[42.520176, -83.043675]
[42.520176, -83.043675]
[42.520176, -83.043674]
[42.520176, -83.043674]
[42.520176, -83.043674]
[42.520176, -83.043674]
[42.520176, -83.043674]
[42.520176, -83.043674]
[42.520176, -83.043674]
[42.520176, -83.043674]
[42.520176, -83.043674]
[42.520176, -83.043674]
[42.520176, -83.043674]
[42.520176, -83.043674]
[42.520176, -83.043674]
[42.520176, -83.043674]
[42.520176, -83.043674]
[42.520176, -83.043674]
[42.520176, -83.043674]
[42.520176, -83.043674]
[42.520176, -83.043674]
[42.520176, -83.043674]
[42.520176, -83.043674]
[42.520176, -83.043674]
[42.520176, -83.043674]
[42.520176, -83.043674]
[42.520176, -83.043674]
[42.520176, -83.043674]
[42.520176, -83.043674]
[42.520176, -83.043675]
[42.520176, -83.043675]
[42.520176, -83.043675]
[42.520176, -83.043675]
[42.520176, -83.043675]
[42.520176, -83.043675]
[42.520176, -83.043675]
[42.520176, -83.043675]
[42.520176, -83.043675]
[42.520176, -83.043675]
[42.520176, -83.043675]
[42.520176, -83.043675]
[42.520176, -83.043675]
[42.520176, -83.043675]
[42.520176, -83.043675]
[42.520176, -83.043675]
[42.520176, -83.043675]
[42.520176, -83.043675]
[42.520176, -83.043675]
[42.520176, -83.043675]
[42.520176, -83.043675]
[42.520176, -83.043675]
[42.520176, -83.043675]
[42.520176, -83.043675]
[42.520176, -83.043675]
[42.520176, -83.043675]
[42.520176, -83.043675]
[42.520176, -83.043675]
[42.520176, -83.043675]
[42.520176, -83.043675]
[42.520176, -83.043675]
[42.520176, -83.043675]
[42.520176, -83.043675]
[42.520176, -83.043675]
[42.520176, -83.043675]
[42.520176, -83.043675]
[42.520176, -83.043675]
[42.520176, -83.043675]
[42.520176, -83.043675]
[42.520176, -83.043675]
[42.520176, -83.043675]
[42.520177, -83.043675]
[42.520177, -83.043675]
[42.520177, -83.043675]
[42.520177, -83.043675]
[42.520177, -83.043675]
[42.520177, -83.043675]
[42.520177, -83.043675]
[42.520177, -83.043675]
[42.520177, -83.043675]
[42.520177, -83.043675]
[42.520177, -83.043675]
[42.520177, -83.043675]
[42.520177, -83.043675]
[42.520177, -83.043675]
[42.520177, -83.043675]
[42.520177, -83.043675]
[42.520177, -83.043674]
[42.520177, -83.043674]
[42.520177, -83.043674]
[42.520177, -83.043673]
[42.520177, -83.043671]
[42.520178, -83.043670]
[42.520178, -83.043669]
[42.520178, -83.043667]
[42.520178, -83.043663]
[42.520178, -83.043663]
[42.520178, -83.043662]
[42.520178, -83.043659]
[42.520178, -83.043657]
[42.520178, -83.043655]
[42.520178, -83.043654]
[42.520178, -83.043652]
[42.520178, -83.043648]
[42.520178, -83.043646]
[42.520178, -83.043644]
[42.520178, -83.043640]
[42.520179, -83.043638]
[42.520179, -83.043636]
[42.520179, -83.043633]
[42.520179, -83.043631]
[42.520179, -83.043627]
[42.520179, -83.043626]
[42.520179, -83.043626]
[42.520179, -83.043625]
[42.520179, -83.043622]
[42.520179, -83.043622]
[42.520179, -83.043621]
[42.520179, -83.043620]
[42.520180, -83.043619]
[42.520180, -83.043617]
[42.520180, -83.043616]
[42.520180, -83.043615]
[42.520180, -83.043614]
[42.520180, -83.043612]
[42.520180, -83.043610]
[42.520180, -83.043610]
[42.520180, -83.043609]
[42.520181, -83.043608]
[42.520181, -83.043606]
[42.520181, -83.043604]
[42.520181, -83.043604]
[42.520181, -83.043602]
[42.520181, -83.043600]
[42.520181, -83.043599]
[42.520182, -83.043595]
[42.520182, -83.043595]
[42.520182, -83.043594]
[42.520182, -83.043592]
[42.520182, -83.043590]
[42.520183, -83.043588]
[42.520183, -83.043588]
[42.520183, -83.043586]
[42.520183, -83.043584]
[42.520183, -83.043583]
[42.520184, -83.043580]
[42.520184, -83.043580]
[42.520184, -83.043579]
[42.520184, -83.043578]
[42.520184, -83.043576]
[42.520184, -83.043576]
[42.520184, -83.043576]
[42.520184, -83.043575]
[42.520184, -83.043574]
[42.520184, -83.043573]
[42.520184, -83.043573]
[42.520184, -83.043573]
[42.520184, -83.043572]
[42.520184, -83.043572]
[42.520184, -83.043571]
[42.520184, -83.043571]
[42.520184, -83.043571]
[42.520184, -83.043571]
[42.520184, -83.043570]
[42.520184, -83.043569]
[42.520184, -83.043569]
[42.520184, -83.043569]
[42.520184, -83.043569]
[42.520184, -83.043569]
[42.520184, -83.043569]
[42.520184, -83.043569]
[42.520184, -83.043569]
[42.520184, -83.043569]
[42.520184, -83.043569]
[42.520184, -83.043569]
[42.520184, -83.043569]
[42.520184, -83.043569]
[42.520184, -83.043569]
[42.520184, -83.043568]
[42.520184, -83.043567]
[42.520184, -83.043566]
[42.520184, -83.043566]
[42.520184, -83.043566]
[42.520184, -83.043564]
[42.520184, -83.043563]
[42.520184, -83.043562]
[42.520184, -83.043562]
[42.520184, -83.043561]
[42.520184, -83.043559]
[42.520184, -83.043558]
[42.520184, -83.043558]
[42.520184, -83.043557]
[42.520184, -83.043556]
[42.520185, -83.043555]
[42.520185, -83.043554]
[42.520185, -83.043553]
[42.520185, -83.043553]
[42.520185, -83.043552]
[42.520185, -83.043550]
[42.520185, -83.043548]
[42.520185, -83.043547]
[42.520185, -83.043547]
[42.520185, -83.043546]
[42.520185, -83.043544]
[42.520185, -83.043542]
[42.520185, -83.043541]
[42.520185, -83.043541]
[42.520185, -83.043541]
[42.520185, -83.043540]
[42.520185, -83.043539]
[42.520185, -83.043539]
[42.520185, -83.043539]
[42.520185, -83.043539]
[42.520185, -83.043539]
[42.520185, -83.043539]
[42.520185, -83.043539]
[42.520185, -83.043539]
[42.520185, -83.043539]
[42.520185, -83.043539]
[42.520185, -83.043539]
[42.520186, -83.043539]
[42.520186, -83.043539]
[42.520186, -83.043539]
[42.520186, -83.043538]
[42.520186, -83.043537]
[42.520186, -83.043536]
[42.520186, -83.043536]
[42.520186, -83.043536]
[42.520186, -83.043533]
[42.520186, -83.043533]
[42.520186, -83.043532]
[42.520186, -83.043532]
[42.520186, -83.043531]
[42.520187, -83.043531]
[42.520187, -83.043530]
[42.520187, -83.043529]
[42.520187, -83.043529]
[42.520187, -83.043528]
[42.520187, -83.043528]
[42.520187, -83.043527]
[42.520187, -83.043526]
[42.520187, -83.043526]
[42.520187, -83.043526]
[42.520187, -83.043524]
[42.520187, -83.043523]
[42.520187, -83.043522]
[42.520187, -83.043522]
[42.520188, -83.043521]
[42.520188, -83.043519]
[42.520188, -83.043518]
[42.520189, -83.043517]
[42.520189, -83.043517]
[42.520189, -83.043515]
[42.520189, -83.043513]
[42.520189, -83.043512]
[42.520190, -83.043510]
[42.520190, -83.043510]
[42.520190, -83.043508]
[42.520190, -83.043506]
[42.520190, -83.043505]
[42.520190, -83.043503]
[42.520190, -83.043503]
[42.520191, -83.043502]
[42.520191, -83.043501]
[42.520191, -83.043498]
[42.520191, -83.043498]
[42.520191, -83.043497]
[42.520192, -83.043494]
[42.520192, -83.043494]
[42.520192, -83.043492]
[42.520192, -83.043492]
[42.520192, -83.043491]
[42.520193, -83.043488]
[42.520193, -83.043488]
[42.520193, -83.043485]
[42.520193, -83.043485]
[42.520193, -83.043484]
[42.520193, -83.043481]
[42.520194, -83.043480]
[42.520194, -83.043479]
[42.520194, -83.043478]
[42.520194, -83.043476]
[42.520195, -83.043475]
[42.520195, -83.043475]
[42.520195, -83.043473]
[42.520195, -83.043471]
[42.520195, -83.043471]
[42.520196, -83.043469]
[42.520196, -83.043469]
[42.520196, -83.043469]
[42.520196, -83.043469]
[42.520196, -83.043469]
[42.520196, -83.043469]
[42.520196, -83.043469]
[42.520196, -83.043469]
[42.520196, -83.043469]
[42.520196, -83.043469]
[42.520196, -83.043469]
[42.520196, -83.043469]
[42.520196, -83.043469]
[42.520196, -83.043469]
[42.520196, -83.043469]
[42.520196, -83.043469]
[42.520196, -83.043469]
[42.520196, -83.043469]
[42.520196, -83.043469]
[42.520196, -83.043469]
[42.520196, -83.043469]
[42.520196, -83.043469]
[42.520196, -83.043469]
[42.520196, -83.043469]
[42.520196, -83.043469]
[42.520196, -83.043468]
[42.520196, -83.043468]
[42.520196, -83.043469]
[42.520196, -83.043469]
[42.520196, -83.043469]
[42.520196, -83.043469]
[42.520196, -83.043469]
[42.520196, -83.043468]
[42.520196, -83.043468]
[42.520196, -83.043468]
[42.520196, -83.043468]
[42.520196, -83.043468]
[42.520196, -83.043468]
[42.520196, -83.043468]
[42.520196, -83.043468]
[42.520196, -83.043468]
[42.520196, -83.043468]
[42.520197, -83.043468]
[42.520197, -83.043468]
[42.520197, -83.043468]
[42.520197, -83.043468]
[42.520197, -83.043467]
[42.520197, -83.043467]
[42.520197, -83.043467]
[42.520197, -83.043467]
[42.520197, -83.043467]
[42.520197, -83.043467]
[42.520197, -83.043467]
[42.520197, -83.043467]
[42.520197, -83.043467]
[42.520197, -83.043467]
[42.520197, -83.043467]
[42.520197, -83.043467]
[42.520197, -83.043467]
[42.520197, -83.043467]
[42.520197, -83.043467]
[42.520197, -83.043467]
[42.520197, -83.043467]
[42.520197, -83.043467]
[42.520197, -83.043467]
[42.520197, -83.043467]
[42.520197, -83.043467]
[42.520197, -83.043467]
[42.520197, -83.043467]
[42.520197, -83.043467]
[42.520197, -83.043467]
[42.520197, -83.043468]
[42.520197, -83.043468]
[42.520197, -83.043468]
[42.520197, -83.043468]
[42.520197, -83.043468]
[42.520197, -83.043468]
[42.520197, -83.043468]
[42.520197, -83.043468]
[42.520197, -83.043468]
[42.520197, -83.043468]
[42.520197, -83.043466]
[42.520197, -83.043466]
[42.520197, -83.043465]
[42.520197, -83.043465]
[42.520197, -83.043465]
[42.520198, -83.043464]
[42.520198, -83.043464]
[42.520198, -83.043464]
[42.520198, -83.043463]
[42.520198, -83.043462]
[42.520198, -83.043461]
[42.520198, -83.043461]
[42.520198, -83.043460]
[42.520199, -83.043458]
[42.520199, -83.043458]
[42.520199, -83.043457]
[42.520199, -83.043455]
[42.520200, -83.043453]
[42.520200, -83.043453]
[42.520200, -83.043452]
[42.520201, -83.043451]
[42.520201, -83.043449]
[42.520201, -83.043447]
[42.520202, -83.043445]
[42.520202, -83.043445]
[42.520203, -83.043441]
[42.520203, -83.043441]
[42.520203, -83.043439]
[42.520203, -83.043439]
[42.520204, -83.043435]
[42.520204, -83.043435]
[42.520204, -83.043434]
[42.520205, -83.043432]
[42.520205, -83.043432]
[42.520206, -83.043429]
[42.520206, -83.043429]
[42.520206, -83.043428]
[42.520207, -83.043427]
[42.520207, -83.043426]
[42.520207, -83.043424]
[42.520207, -83.043424]
[42.520208, -83.043423]
[42.520208, -83.043421]
[42.520209, -83.043420]
[42.520209, -83.043419]
[42.520209, -83.043418]
[42.520209, -83.043418]
[42.520209, -83.043418]
[42.520210, -83.043417]
[42.520210, -83.043415]
[42.520211, -83.043415]
[42.520211, -83.043415]
[42.520211, -83.043414]
[42.520211, -83.043414]
[42.520212, -83.043413]
[42.520212, -83.043413]
[42.520212, -83.043412]
[42.520213, -83.043411]
[42.520213, -83.043411]
[42.520213, -83.043410]
[42.520213, -83.043410]
[42.520214, -83.043410]
[42.520214, -83.043409]
[42.520214, -83.043409]
[42.520214, -83.043409]
[42.520215, -83.043409]
[42.520215, -83.043409]
[42.520215, -83.043409]
[42.520215, -83.043409]
[42.520215, -83.043409]
[42.520215, -83.043409]
[42.520215, -83.043409]
[42.520215, -83.043409]
[42.520215, -83.043409]
[42.520215, -83.043409]
[42.520215, -83.043409]
[42.520215, -83.043409]
[42.520215, -83.043409]
[42.520215, -83.043409]
[42.520215, -83.043409]
[42.520215, -83.043409]
[42.520215, -83.043409]
[42.520215, -83.043408]
[42.520215, -83.043408]
[42.520215, -83.043408]
[42.520215, -83.043408]
[42.520215, -83.043408]
[42.520215, -83.043408]
[42.520215, -83.043408]
[42.520215, -83.043408]
[42.520215, -83.043408]
[42.520215, -83.043408]
[42.520215, -83.043408]
[42.520215, -83.043408]
[42.520215, -83.043408]
[42.520215, -83.043408]
[42.520216, -83.043408]
[42.520216, -83.043408]
[42.520216, -83.043408]
[42.520216, -83.043408]
[42.520216, -83.043408]
[42.520216, -83.043408]
[42.520216, -83.043408]
[42.520216, -83.043408]
[42.520216, -83.043408]
[42.520216, -83.043408]
[42.520216, -83.043408]
[42.520216, -83.043408]
[42.520216, -83.043408]
[42.520216, -83.043408]
[42.520216, -83.043408]
[42.520216, -83.043408]
[42.520216, -83.043408]
[42.520216, -83.043408]
[42.520216, -83.043408]
[42.520216, -83.043408]
[42.520216, -83.043408]
[42.520216, -83.043408]
[42.520216, -83.043408]
[42.520216, -83.043408]
[42.520216, -83.043408]
[42.520216, -83.043408]
[42.520216, -83.043408]
[42.520216, -83.043408]
[42.520216, -83.043408]
[42.520216, -83.043408]
[42.520216, -83.043408]
[42.520216, -83.043408]
[42.520216, -83.043408]
[42.520216, -83.043408]
[42.520216, -83.043408]
[42.520216, -83.043408]
[42.520216, -83.043408]
[42.520216, -83.043408]
[42.520216, -83.043408]
[42.520216, -83.043408]
[42.520216, -83.043408]
[42.520216, -83.043408]
[42.520216, -83.043408]
[42.520216, -83.043408]
[42.520216, -83.043408]
[42.520216, -83.043408]
[42.520216, -83.043408]
[42.520216, -83.043408]
[42.520216, -83.043408]
[42.520216, -83.043408]
[42.520216, -83.043408]
[42.520216, -83.043408]
[42.520216, -83.043408]
[42.520216, -83.043408]
[42.520216, -83.043408]
[42.520216, -83.043408]
[42.520216, -83.043408]
[42.520216, -83.043408]
[42.520216, -83.043408]
[42.520216, -83.043408]
[42.520216, -83.043408]
[42.520217, -83.043408]
[42.520217, -83.043408]
[42.520217, -83.043408]
[42.520217, -83.043408]
[42.520217, -83.043408]
[42.520217, -83.043408]
[42.520217, -83.043408]
[42.520217, -83.043408]
[42.520217, -83.043408]
[42.520217, -83.043408]
[42.520217, -83.043408]
[42.520217, -83.043408]
[42.520217, -83.043408]
[42.520217, -83.043408]
[42.520217, -83.043408]
[42.520217, -83.043408]
[42.520217, -83.043408]
[42.520217, -83.043408]
[42.520217, -83.043408]
[42.520217, -83.043408]
[42.520217, -83.043408]
[42.520217, -83.043408]
[42.520217, -83.043408]
[42.520217, -83.043408]
[42.520217, -83.043408]
[42.520217, -83.043408]
[42.520217, -83.043408]
[42.520217, -83.043408]
[42.520217, -83.043408]
[42.520217, -83.043408]
[42.520217, -83.043408]
[42.520217, -83.043408]
[42.520217, -83.043408]
[42.520217, -83.043408]
[42.520217, -83.043408]
[42.520217, -83.043408]
[42.520217, -83.043408]
[42.520217, -83.043408]
[42.520217, -83.043408]
[42.520217, -83.043408]
[42.520217, -83.043408]
[42.520217, -83.043408]
[42.520217, -83.043408]
[42.520217, -83.043408]
[42.520217, -83.043408]
[42.520217, -83.043408]
[42.520217, -83.043408]
[42.520217, -83.043408]
[42.520217, -83.043408]
[42.520217, -83.043408]
[42.520217, -83.043408]
[42.520217, -83.043408]
[42.520217, -83.043407]
[42.520217, -83.043407]
[42.520217, -83.043407]
[42.520217, -83.043407]
[42.520217, -83.043407]
[42.520217, -83.043407]
[42.520217, -83.043407]
[42.520217, -83.043407]
[42.520217, -83.043407]
[42.520217, -83.043407]
[42.520217, -83.043407]
[42.520217, -83.043407]
[42.520217, -83.043407]
[42.520217, -83.043407]
[42.520217, -83.043407]
[42.520217, -83.043407]
[42.520217, -83.043407]
[42.520217, -83.043407]
[42.520217, -83.043406]
[42.520217, -83.043406]
[42.520217, -83.043406]
[42.520217, -83.043406]
[42.520217, -83.043406]
[42.520217, -83.043406]
[42.520217, -83.043406]
[42.520217, -83.043406]
[42.520217, -83.043406]
[42.520217, -83.043406]
[42.520217, -83.043406]
[42.520217, -83.043406]
[42.520217, -83.043406]
[42.520217, -83.043406]
[42.520217, -83.043406]
[42.520217, -83.043406]
[42.520217, -83.043406]
[42.520217, -83.043406]
[42.520217, -83.043406]
[42.520217, -83.043406]
[42.520217, -83.043406]
[42.520217, -83.043406]
[42.520217, -83.043406]
[42.520217, -83.043406]
[42.520217, -83.043406]
[42.520217, -83.043406]
[42.520217, -83.043406]
[42.520217, -83.043406]
[42.520217, -83.043406]
[42.520217, -83.043405]
[42.520217, -83.043405]
[42.520217, -83.043405]
[42.520217, -83.043405]
[42.520217, -83.043405]
[42.520217, -83.043405]
[42.520217, -83.043405]
[42.520217, -83.043405]
[42.520217, -83.043405]
[42.520217, -83.043405]
[42.520217, -83.043405]
[42.520217, -83.043405]
[42.520217, -83.043405]
[42.520217, -83.043405]
[42.520217, -83.043405]
[42.520217, -83.043405]
[42.520217, -83.043405]
[42.520217, -83.043405]
[42.520217, -83.043405]
[42.520217, -83.043405]
[42.520217, -83.043405]
[42.520217, -83.043405]
[42.520217, -83.043405]
[42.520217, -83.043405]
[42.520217, -83.043405]
[42.520217, -83.043405]
[42.520217, -83.043404]
[42.520217, -83.043404]
[42.520217, -83.043404]
[42.520217, -83.043404]
[42.520217, -83.043404]
[42.520217, -83.043404]
[42.520217, -83.043404]
[42.520217, -83.043404]
[42.520217, -83.043404]
[42.520217, -83.043404]
[42.520217, -83.043404]
[42.520217, -83.043404]
[42.520217, -83.043404]
[42.520217, -83.043404]
[42.520217, -83.043404]
[42.520216, -83.043405]
[42.520215, -83.043407]
[42.520215, -83.043407]
[42.520215, -83.043407]
[42.520214, -83.043408]
[42.520214, -83.043408]
[42.520214, -83.043408]
[42.520214, -83.043408]
[42.520214, -83.043408]
[42.520214, -83.043408]
[42.520214, -83.043408]
[42.520214, -83.043408]
[42.520214, -83.043408]
[42.520214, -83.043408]
[42.520214, -83.043408]
[42.520214, -83.043408]
[42.520214, -83.043408]
[42.520214, -83.043408]
[42.520214, -83.043408]
[42.520214, -83.043408]
[42.520214, -83.043408]
[42.520214, -83.043408]
[42.520214, -83.043408]
[42.520214, -83.043408]
[42.520214, -83.043408]
[42.520214, -83.043408]
[42.520214, -83.043408]
[42.520214, -83.043408]
[42.520214, -83.043408]
[42.520214, -83.043408]
[42.520214, -83.043408]
[42.520214, -83.043408]
[42.520213, -83.043408]
[42.520213, -83.043408]
[42.520213, -83.043408]
[42.520213, -83.043408]
[42.520213, -83.043408]
[42.520213, -83.043408]
[42.520213, -83.043408]
[42.520213, -83.043408]
[42.520213, -83.043408]
[42.520213, -83.043408]
[42.520213, -83.043408]
[42.520213, -83.043408]
[42.520213, -83.043408]
[42.520213, -83.043408]
[42.520213, -83.043408]
[42.520213, -83.043408]
[42.520213, -83.043408]
[42.520213, -83.043408]
[42.520213, -83.043408]
[42.520213, -83.043408]
[42.520213, -83.043408]
[42.520213, -83.043408]
[42.520213, -83.043408]
[42.520213, -83.043408]
[42.520213, -83.043408]
[42.520213, -83.043408]
[42.520213, -83.043408]
[42.520213, -83.043408]
[42.520213, -83.043409]
[42.520212, -83.043410]
[42.520212, -83.043411]
[42.520211, -83.043412]
[42.520210, -83.043414]
[42.520207, -83.043421]
[42.520207, -83.043421]
[42.520205, -83.043427]
[42.520205, -83.043427]
[42.520202, -83.043434]
[42.520201, -83.043438]
[42.520200, -83.043447]
[42.520200, -83.043447]
[42.520199, -83.043460]
[42.520199, -83.043460]
[42.520200, -83.043469]
[42.520200, -83.043469]
[42.520203, -83.043482]
[42.520203, -83.043482]
[42.520205, -83.043491]
[42.520205, -83.043491]
[42.520208, -83.043503]
[42.520208, -83.043503]
[42.520210, -83.043511]
[42.520210, -83.043511]
[42.520213, -83.043524]
[42.520213, -83.043524]
[42.520214, -83.043536]
[42.520214, -83.043536]
[42.520214, -83.043544]
[42.520214, -83.043544]
[42.520213, -83.043552]
[42.520213, -83.043552]
[42.520211, -83.043563]
[42.520211, -83.043563]
[42.520208, -83.043570]
[42.520207, -83.043573]
[42.520203, -83.043579]
[42.520203, -83.043579]
[42.520196, -83.043587]
[42.520196, -83.043587]
[42.520191, -83.043591]
[42.520191, -83.043591]
[42.520185, -83.043594]
[42.520183, -83.043595]
[42.520178, -83.043597]
[42.520178, -83.043597]
[42.520172, -83.043597]
[42.520170, -83.043597]
[42.520165, -83.043597]
[42.520165, -83.043597]
[42.520161, -83.043595]
[42.520159, -83.043594]
[42.520155, -83.043592]
[42.520155, -83.043592]
[42.520152, -83.043590]
[42.520150, -83.043589]
[42.520149, -83.043587]
[42.520148, -83.043587]
[42.520147, -83.043586]
[42.520145, -83.043584]
[42.520145, -83.043584]
[42.520144, -83.043583]
[42.520143, -83.043581]
[42.520142, -83.043581]
[42.520142, -83.043581]
[42.520142, -83.043581]
[42.520143, -83.043581]
[42.520143, -83.043581]
[42.520143, -83.043581]
[42.520142, -83.043581]
[42.520142, -83.043581]
[42.520142, -83.043581]
[42.520142, -83.043580]
[42.520142, -83.043580]
[42.520142, -83.043580]
[42.520142, -83.043581]
[42.520142, -83.043581]
[42.520142, -83.043581]
[42.520142, -83.043581]
[42.520142, -83.043581]
[42.520142, -83.043581]
[42.520142, -83.043581]
[42.520142, -83.043581]
[42.520142, -83.043581]
[42.520142, -83.043581]
[42.520142, -83.043581]
[42.520142, -83.043581]
[42.520142, -83.043581]
[42.520142, -83.043581]
[42.520142, -83.043581]
[42.520142, -83.043581]
[42.520142, -83.043581]
[42.520142, -83.043581]
[42.520142, -83.043581]
[42.520142, -83.043582]
[42.520142, -83.043582]
[42.520142, -83.043582]
[42.520142, -83.043582]
[42.520143, -83.043582]
[42.520143, -83.043582]
[42.520143, -83.043582]
[42.520143, -83.043582]
[42.520143, -83.043582]
[42.520143, -83.043582]
[42.520143, -83.043582]
[42.520143, -83.043582]
[42.520143, -83.043582]
[42.520143, -83.043582]
[42.520143, -83.043582]
[42.520143, -83.043582]
[42.520143, -83.043582]
[42.520143, -83.043582]
[42.520143, -83.043582]
[42.520143, -83.043582]
[42.520143, -83.043582]
[42.520143, -83.043582]
[42.520143, -83.043582]
[42.520143, -83.043582]
[42.520143, -83.043583]
[42.520143, -83.043583]
[42.520143, -83.043583]
[42.520143, -83.043583]
[42.520143, -83.043583]
[42.520143, -83.043583]
[42.520143, -83.043583]
[42.520143, -83.043583]
[42.520143, -83.043583]
[42.520143, -83.043583]
[42.520143, -83.043583]
[42.520143, -83.043583]
[42.520143, -83.043583]
[42.520143, -83.043583]
[42.520143, -83.043583]
[42.520143, -83.043583]
[42.520143, -83.043583]
[42.520143, -83.043583]
[42.520143, -83.043583]
[42.520143, -83.043583]
[42.520143, -83.043583]
[42.520143, -83.043583]
[42.520143, -83.043583]
[42.520143, -83.043583]
[42.520143, -83.043583]
[42.520143, -83.043584]
[42.520143, -83.043584]
[42.520143, -83.043584]
[42.520143, -83.043584]
[42.520143, -83.043584]
[42.520143, -83.043584]
[42.520143, -83.043584]
[42.520143, -83.043584]
[42.520143, -83.043584]
[42.520143, -83.043584]
[42.520143, -83.043584]
[42.520143, -83.043584]
[42.520142, -83.043584]
[42.520142, -83.043584]
[42.520142, -83.043584]
[42.520142, -83.043584]
[42.520142, -83.043584]
[42.520142, -83.043584]
[42.520142, -83.043584]
[42.520142, -83.043584]
[42.520142, -83.043584]
[42.520142, -83.043584]
[42.520142, -83.043584]
[42.520142, -83.043584]
[42.520142, -83.043584]
[42.520142, -83.043584]
[42.520142, -83.043584]
[42.520142, -83.043584]
[42.520142, -83.043584]
[42.520142, -83.043584]
[42.520142, -83.043584]
[42.520142, -83.043584]
[42.520142, -83.043584]
[42.520142, -83.043584]
[42.520142, -83.043584]
[42.520142, -83.043584]
[42.520142, -83.043584]
[42.520142, -83.043584]
[42.520142, -83.043584]
[42.520142, -83.043584]
[42.520142, -83.043584]
[42.520142, -83.043584]
[42.520142, -83.043584]
[42.520142, -83.043584]
[42.520142, -83.043584]
[42.520142, -83.043585]
[42.520142, -83.043585]
[42.520142, -83.043585]
[42.520142, -83.043585]
[42.520142, -83.043585]
[42.520142, -83.043585]
[42.520142, -83.043585]
[42.520142, -83.043585]
[42.520142, -83.043585]
[42.520142, -83.043585]
[42.520142, -83.043585]
[42.520142, -83.043585]
[42.520142, -83.043585]
[42.520142, -83.043585]
[42.520142, -83.043585]
[42.520142, -83.043585]
[42.520142, -83.043586]
[42.520142, -83.043586]
[42.520142, -83.043586]
[42.520142, -83.043586]
[42.520142, -83.043586]
[42.520142, -83.043586]
[42.520142, -83.043586]
[42.520142, -83.043586]
[42.520142, -83.043586]
[42.520142, -83.043586]
[42.520142, -83.043586]
[42.520142, -83.043586]
[42.520142, -83.043586]
[42.520142, -83.043586]
[42.520142, -83.043586]
[42.520142, -83.043586]
[42.520142, -83.043586]
[42.520142, -83.043586]
[42.520142, -83.043586]
[42.520142, -83.043586]
[42.520142, -83.043586]
[42.520142, -83.043586]
[42.520142, -83.043586]
[42.520142, -83.043586]
[42.520142, -83.043586]
[42.520142, -83.043586]
[42.520142, -83.043586]
[42.520142, -83.043586]
[42.520142, -83.043586]
[42.520142, -83.043586]
[42.520143, -83.043586]
[42.520143, -83.043586]
[42.520143, -83.043586]
[42.520143, -83.043586]
[42.520143, -83.043586]
[42.520143, -83.043587]
[42.520143, -83.043587]
[42.520143, -83.043587]
[42.520143, -83.043587]
[42.520143, -83.043587]
[42.520143, -83.043587]
[42.520143, -83.043587]
[42.520143, -83.043587]
[42.520143, -83.043587]
[42.520143, -83.043587]
[42.520143, -83.043587]
[42.520143, -83.043587]
[42.520143, -83.043587]
[42.520143, -83.043587]
[42.520143, -83.043587]
[42.520143, -83.043587]
[42.520143, -83.043587]
[42.520143, -83.043587]
[42.520143, -83.043587]
[42.520143, -83.043587]
[42.520143, -83.043587]
[42.520143, -83.043587]
[42.520143, -83.043587]
[42.520143, -83.043587]
[42.520143, -83.043587]
[42.520143, -83.043587]
[42.520143, -83.043587]
[42.520143, -83.043587]
[42.520143, -83.043587]
[42.520143, -83.043587]
[42.520143, -83.043587]
[42.520143, -83.043587]
[42.520143, -83.043587]
[42.520143, -83.043587]
[42.520143, -83.043588]
[42.520143, -83.043588]
[42.520143, -83.043588]
[42.520143, -83.043588]
[42.520143, -83.043588]
[42.520143, -83.043588]
[42.520144, -83.043589]
[42.520145, -83.043589]
[42.520146, -83.043590]
[42.520147, -83.043591]
[42.520148, -83.043591]
[42.520149, -83.043591]
[42.520152, -83.043592]
[42.520153, -83.043592]
[42.520155, -83.043593]
[42.520156, -83.043593]
[42.520158, -83.043593]
[42.520161, -83.043594]
[42.520162, -83.043594]
[42.520163, -83.043594]
[42.520165, -83.043595]
[42.520167, -83.043596]
[42.520168, -83.043596]
[42.520170, -83.043597]
[42.520172, -83.043598]
[42.520173, -83.043599]
[42.520174, -83.043600]
[42.520176, -83.043601]
[42.520178, -83.043602]
[42.520178, -83.043603]
[42.520180, -83.043604]
[42.520181, -83.043605]
[42.520184, -83.043608]
[42.520184, -83.043608]
[42.520184, -83.043608]
[42.520184, -83.043608]
[42.520184, -83.043608]
[42.520184, -83.043608]
[42.520184, -83.043608]
[42.520184, -83.043608]
[42.520184, -83.043608]
[42.520184, -83.043608]
[42.520184, -83.043608]
[42.520184, -83.043608]
[42.520184, -83.043608]
[42.520184, -83.043608]
[42.520184, -83.043608]
[42.520184, -83.043608]
[42.520185, -83.043608]
[42.520185, -83.043607]
[42.520185, -83.043607]
[42.520185, -83.043607]
[42.520185, -83.043607]
[42.520185, -83.043607]
[42.520185, -83.043607]
[42.520185, -83.043607]
[42.520185, -83.043607]
[42.520185, -83.043607]
[42.520185, -83.043607]
[42.520185, -83.043607]
[42.520185, -83.043607]
[42.520185, -83.043606]
[42.520185, -83.043606]
[42.520185, -83.043606]
[42.520185, -83.043606]
[42.520185, -83.043606]
[42.520185, -83.043606]
[42.520185, -83.043606]
[42.520185, -83.043606]
[42.520185, -83.043606]
[42.520185, -83.043606]
[42.520185, -83.043606]
[42.520184, -83.043606]
[42.520184, -83.043606]
[42.520184, -83.043605]
[42.520184, -83.043605]
[42.520184, -83.043605]
[42.520184, -83.043605]
[42.520184, -83.043605]
[42.520184, -83.043605]
[42.520184, -83.043605]
[42.520184, -83.043605]
[42.520184, -83.043605]
[42.520184, -83.043605]
[42.520184, -83.043605]
[42.520184, -83.043605]
[42.520184, -83.043605]
[42.520184, -83.043605]
[42.520184, -83.043605]
[42.520184, -83.043604]
[42.520184, -83.043604]
[42.520184, -83.043604]
[42.520184, -83.043604]
[42.520184, -83.043604]
[42.520184, -83.043604]
[42.520184, -83.043604]
[42.520184, -83.043604]
[42.520184, -83.043604]
[42.520184, -83.043604]
[42.520184, -83.043604]
[42.520184, -83.043604]
[42.520184, -83.043604]
[42.520184, -83.043604]
[42.520184, -83.043604]
[42.520184, -83.043604]
[42.520184, -83.043604]
[42.520184, -83.043604]
[42.520184, -83.043604]
[42.520183, -83.043604]
[42.520183, -83.043604]
[42.520183, -83.043604]
[42.520183, -83.043603]
[42.520183, -83.043603]
[42.520183, -83.043603]
[42.520183, -83.043603]
[42.520183, -83.043603]
[42.520183, -83.043603]
[42.520183, -83.043603]
[42.520183, -83.043603]
[42.520182, -83.043603]
[42.520182, -83.043603]
[42.520182, -83.043603]
[42.520182, -83.043603]
[42.520182, -83.043603]
[42.520183, -83.043603]
[42.520183, -83.043603]
[42.520183, -83.043603]
[42.520183, -83.043603]
[42.520183, -83.043603]
[42.520183, -83.043603]
[42.520183, -83.043603]
[42.520183, -83.043603]
[42.520183, -83.043603]
[42.520183, -83.043603]
[42.520183, -83.043603]
[42.520182, -83.043603]
[42.520182, -83.043603]
[42.520182, -83.043603]
[42.520182, -83.043603]
[42.520182, -83.043603]
[42.520183, -83.043603]
[42.520182, -83.043603]
[42.520182, -83.043603]
[42.520182, -83.043603]
[42.520182, -83.043603]
[42.520182, -83.043603]
[42.520182, -83.043603]
[42.520182, -83.043603]
[42.520182, -83.043603]
[42.520182, -83.043603]
[42.520182, -83.043603]
[42.520182, -83.043603]
[42.520182, -83.043603]
[42.520182, -83.043603]
[42.520182, -83.043603]
[42.520182, -83.043603]
[42.520182, -83.043603]
[42.520182, -83.043603]
[42.520182, -83.043603]
[42.520182, -83.043603]
[42.520182, -83.043603]
[42.520182, -83.043603]
[42.520182, -83.043603]
[42.520182, -83.043603]
[42.520182, -83.043603]
[42.520182, -83.043603]
[42.520182, -83.043603]
[42.520182, -83.043603]
[42.520182, -83.043603]
[42.520182, -83.043603]
[42.520182, -83.043603]
[42.520182, -83.043602]
[42.520182, -83.043602]
[42.520182, -83.043602]
[42.520181, -83.043602]
[42.520181, -83.043602]
[42.520181, -83.043602]
[42.520181, -83.043602]
[42.520181, -83.043602]
[42.520181, -83.043602]
[42.520181, -83.043602]
[42.520181, -83.043602]
[42.520181, -83.043602]
[42.520181, -83.043602]
[42.520181, -83.043602]
[42.520181, -83.043602]
[42.520181, -83.043602]
[42.520181, -83.043602]
[42.520181, -83.043602]
[42.520181, -83.043602]
[42.520181, -83.043602]
[42.520181, -83.043602]
[42.520181, -83.043602]
[42.520181, -83.043602]
[42.520181, -83.043602]
[42.520181, -83.043602]
[42.520181, -83.043602]
[42.520181, -83.043602]
[42.520181, -83.043602]
[42.520181, -83.043602]
[42.520181, -83.043602]
[42.520181, -83.043602]
[42.520181, -83.043602]
[42.520181, -83.043603]
[42.520181, -83.043603]
[42.520181, -83.043603]
[42.520180, -83.043603]
[42.520180, -83.043603]
[42.520180, -83.043603]
[42.520180, -83.043603]
[42.520180, -83.043603]
[42.520180, -83.043603]
[42.520180, -83.043603]
[42.520180, -83.043603]
[42.520180, -83.043603]
[42.520180, -83.043603]
[42.520180, -83.043602]
[42.520180, -83.043602]
[42.520180, -83.043602]
[42.520180, -83.043602]
[42.520180, -83.043602]
[42.520180, -83.043602]
[42.520180, -83.043602]
[42.520180, -83.043602]
[42.520180, -83.043602]
[42.520180, -83.043602]
[42.520180, -83.043602]
[42.520180, -83.043602]
[42.520179, -83.043602]
[42.520179, -83.043602]
[42.520179, -83.043602]
[42.520179, -83.043602]
[42.520179, -83.043602]
[42.520179, -83.043602]
[42.520179, -83.043602]
[42.520179, -83.043602]
[42.520179, -83.043602]
[42.520179, -83.043602]
[42.520179, -83.043602]
[42.520179, -83.043602]
[42.520179, -83.043602]
[42.520179, -83.043602]
[42.520179, -83.043602]
[42.520179, -83.043602]
[42.520179, -83.043602]
[42.520179, -83.043602]
[42.520179, -83.043602]
[42.520179, -83.043602]
[42.520179, -83.043602]
[42.520179, -83.043602]
[42.520179, -83.043602]
[42.520179, -83.043602]
[42.520179, -83.043602]
[42.520179, -83.043602]
[42.520179, -83.043602]
[42.520179, -83.043602]
[42.520179, -83.043602]
[42.520179, -83.043602]
[42.520179, -83.043602]
[42.520179, -83.043602]
[42.520179, -83.043602]
[42.520179, -83.043602]
[42.520179, -83.043602]
[42.520179, -83.043601]
[42.520179, -83.043601]
[42.520179, -83.043601]
[42.520179, -83.043601]
[42.520179, -83.043601]
[42.520179, -83.043601]
[42.520179, -83.043601]
[42.520179, -83.043601]
[42.520179, -83.043601]
[42.520179, -83.043601]
[42.520179, -83.043601]
[42.520179, -83.043601]
[42.520179, -83.043601]
[42.520179, -83.043601]
[42.520179, -83.043601]
[42.520179, -83.043601]
[42.520179, -83.043601]
[42.520179, -83.043601]
[42.520179, -83.043601]
[42.520179, -83.043601]
[42.520178, -83.043601]
[42.520178, -83.043601]
[42.520178, -83.043601]
[42.520178, -83.043601]
[42.520178, -83.043601]
[42.520178, -83.043601]
[42.520178, -83.043601]
[42.520178, -83.043601]
[42.520178, -83.043601]
[42.520178, -83.043601]
[42.520178, -83.043601]
[42.520178, -83.043601]
[42.520178, -83.043601]
[42.520178, -83.043601]
[42.520178, -83.043601]
[42.520178, -83.043601]
[42.520178, -83.043601]
[42.520178, -83.043601]
[42.520178, -83.043600]
[42.520178, -83.043600]
[42.520178, -83.043600]
[42.520178, -83.043600]
[42.520178, -83.043600]
[42.520178, -83.043600]
[42.520178, -83.043600]
[42.520178, -83.043600]
[42.520178, -83.043600]
[42.520178, -83.043600]
[42.520178, -83.043600]
[42.520178, -83.043600]
[42.520178, -83.043600]
[42.520178, -83.043600]
[42.520178, -83.043600]
[42.520178, -83.043600]
[42.520178, -83.043600]
[42.520178, -83.043600]
[42.520178, -83.043600]
[42.520178, -83.043600]
[42.520178, -83.043600]
[42.520178, -83.043600]
[42.520178, -83.043600]
[42.520178, -83.043600]
[42.520178, -83.043600]
[42.520178, -83.043600]
[42.520178, -83.043600]
[42.520178, -83.043600]
[42.520178, -83.043600]
[42.520178, -83.043600]
[42.520178, -83.043599]
[42.520178, -83.043599]
[42.520178, -83.043599]
[42.520178, -83.043599]
[42.520178, -83.043599]
[42.520178, -83.043599]
[42.520178, -83.043599]
[42.520178, -83.043599]
[42.520178, -83.043599]
[42.520178, -83.043599]
[42.520178, -83.043599]
[42.520178, -83.043599]
[42.520178, -83.043599]
[42.520178, -83.043599]
[42.520178, -83.043600]
[42.520178, -83.043600]
[42.520178, -83.043600]
[42.520178, -83.043600]
[42.520178, -83.043600]
[42.520178, -83.043600]
[42.520178, -83.043600]
[42.520178, -83.043600]
[42.520178, -83.043600]
[42.520178, -83.043600]
[42.520178, -83.043600]
[42.520178, -83.043600]
[42.520178, -83.043599]
[42.520178, -83.043599]
[42.520178, -83.043599]
[42.520178, -83.043599]
[42.520178, -83.043599]
[42.520178, -83.043599]
[42.520178, -83.043599]
[42.520178, -83.043599]
[42.520178, -83.043599]
[42.520179, -83.043599]
[42.520179, -83.043599]
[42.520179, -83.043599]
[42.520179, -83.043599]
[42.520179, -83.043599]
[42.520179, -83.043599]
[42.520179, -83.043599]
[42.520179, -83.043599]
[42.520179, -83.043599]
[42.520179, -83.043599]
[42.520179, -83.043599]
[42.520179, -83.043599]
[42.520179, -83.043599]
[42.520179, -83.043599]
[42.520179, -83.043599]
[42.520179, -83.043599]
[42.520179, -83.043599]
[42.520179, -83.043599]
[42.520179, -83.043599]
[42.520179, -83.043599]
[42.520179, -83.043599]
[42.520179, -83.043599]
[42.520179, -83.043599]
[42.520179, -83.043599]
[42.520179, -83.043599]
[42.520179, -83.043599]
[42.520179, -83.043599]
[42.520179, -83.043599]
[42.520179, -83.043598]
[42.520179, -83.043598]
[42.520178, -83.043597]
[42.520178, -83.043594]
[42.520178, -83.043594]
[42.520177, -83.043592]
[42.520177, -83.043589]
[42.520177, -83.043587]
[42.520177, -83.043585]
[42.520178, -83.043579]
[42.520178, -83.043577]
[42.520178, -83.043574]
[42.520180, -83.043568]
[42.520181, -83.043566]
[42.520181, -83.043565]
[42.520182, -83.043564]
[42.520182, -83.043564]
[42.520182, -83.043565]
[42.520182, -83.043565]
[42.520183, -83.043565]
[42.520183, -83.043566]
[42.520183, -83.043566]
[42.520183, -83.043566]
[42.520183, -83.043566]
[42.520183, -83.043566]
[42.520183, -83.043566]
[42.520184, -83.043566]
[42.520184, -83.043567]
[42.520184, -83.043567]
[42.520184, -83.043567]
[42.520184, -83.043567]
[42.520184, -83.043567]
[42.520184, -83.043567]
[42.520184, -83.043567]
[42.520184, -83.043567]
[42.520184, -83.043567]
[42.520184, -83.043568]
[42.520184, -83.043568]
[42.520185, -83.043568]
[42.520185, -83.043568]
[42.520185, -83.043568]
[42.520185, -83.043568]
[42.520185, -83.043568]
[42.520185, -83.043568]
[42.520185, -83.043568]
[42.520185, -83.043568]
[42.520185, -83.043569]
[42.520185, -83.043569]
[42.520185, -83.043569]
[42.520185, -83.043569]
[42.520185, -83.043569]
[42.520185, -83.043569]
[42.520185, -83.043569]
[42.520185, -83.043569]
[42.520185, -83.043569]
[42.520185, -83.043569]
[42.520185, -83.043569]
[42.520185, -83.043570]
[42.520185, -83.043570]
[42.520185, -83.043570]
[42.520186, -83.043570]
[42.520186, -83.043570]
[42.520186, -83.043570]
[42.520186, -83.043570]
[42.520186, -83.043570]
[42.520186, -83.043570]
[42.520186, -83.043570]
[42.520186, -83.043570]
[42.520186, -83.043570]
[42.520186, -83.043570]
[42.520186, -83.043570]
[42.520186, -83.043570]
[42.520186, -83.043570]
[42.520186, -83.043570]
[42.520186, -83.043570]
[42.520186, -83.043570]
[42.520186, -83.043570]
[42.520186, -83.043570]
[42.520186, -83.043569]
[42.520186, -83.043569]
[42.520186, -83.043569]
[42.520186, -83.043569]
[42.520186, -83.043569]
[42.520186, -83.043569]
[42.520186, -83.043569]
[42.520186, -83.043570]
[42.520186, -83.043570]
[42.520186, -83.043570]
[42.520186, -83.043570]
[42.520186, -83.043570]
[42.520186, -83.043570]
[42.520186, -83.043570]
[42.520186, -83.043570]
[42.520186, -83.043570]
[42.520186, -83.043570]
[42.520186, -83.043570]
[42.520186, -83.043570]
[42.520186, -83.043570]
[42.520186, -83.043570]
[42.520186, -83.043570]
[42.520186, -83.043570]
[42.520186, -83.043570]
[42.520186, -83.043570]
[42.520186, -83.043570]
[42.520186, -83.043570]
[42.520186, -83.043570]
[42.520186, -83.043570]
[42.520186, -83.043570]
[42.520186, -83.043570]
[42.520186, -83.043570]
[42.520186, -83.043570]
[42.520186, -83.043570]
[42.520186, -83.043570]
[42.520186, -83.043571]
[42.520186, -83.043571]
[42.520187, -83.043571]
[42.520187, -83.043571]
[42.520187, -83.043571]
[42.520187, -83.043571]
[42.520187, -83.043571]
[42.520187, -83.043571]
[42.520187, -83.043571]
[42.520187, -83.043571]
[42.520187, -83.043571]
[42.520187, -83.043571]
[42.520187, -83.043571]
[42.520187, -83.043571]
[42.520187, -83.043571]
[42.520187, -83.043571]
[42.520187, -83.043571]
[42.520187, -83.043571]
[42.520187, -83.043571]
[42.520187, -83.043571]
[42.520187, -83.043571]
[42.520187, -83.043571]
[42.520187, -83.043571]
[42.520187, -83.043571]
[42.520187, -83.043571]
[42.520187, -83.043571]
[42.520187, -83.043571]
[42.520187, -83.043571]
[42.520187, -83.043571]
[42.520187, -83.043571]
[42.520187, -83.043571]
[42.520187, -83.043571]
[42.520187, -83.043571]
[42.520187, -83.043571]
[42.520187, -83.043571]
[42.520187, -83.043571]
[42.520187, -83.043571]
[42.520187, -83.043571]
[42.520187, -83.043571]
[42.520187, -83.043571]
[42.520187, -83.043571]
[42.520187, -83.043571]
[42.520187, -83.043571]
[42.520187, -83.043571]
[42.520187, -83.043571]
[42.520187, -83.043571]
[42.520187, -83.043571]
[42.520187, -83.043571]
[42.520187, -83.043571]
[42.520187, -83.043571]
[42.520187, -83.043571]
[42.520187, -83.043571]
[42.520187, -83.043571]
[42.520187, -83.043571]
[42.520187, -83.043571]
[42.520187, -83.043571]
[42.520187, -83.043571]
[42.520187, -83.043572]
[42.520187, -83.043571]
[42.520187, -83.043572]
[42.520187, -83.043572]
[42.520187, -83.043572]
[42.520186, -83.043572]
[42.520186, -83.043572]
[42.520186, -83.043572]
[42.520186, -83.043572]
[42.520186, -83.043572]
[42.520186, -83.043572]
[42.520186, -83.043572]
[42.520186, -83.043572]
[42.520186, -83.043572]
[42.520186, -83.043572]
[42.520186, -83.043571]
[42.520186, -83.043571]
[42.520186, -83.043571]
[42.520186, -83.043571]
[42.520186, -83.043571]
[42.520186, -83.043571]
[42.520186, -83.043571]
[42.520186, -83.043571]
[42.520186, -83.043572]
[42.520186, -83.043572]
[42.520186, -83.043572]
[42.520186, -83.043572]
[42.520186, -83.043571]
[42.520186, -83.043571]
[42.520186, -83.043571]
[42.520186, -83.043571]
[42.520186, -83.043571]
[42.520186, -83.043571]
[42.520186, -83.043571]
[42.520186, -83.043571]
[42.520186, -83.043571]
[42.520186, -83.043571]
[42.520186, -83.043571]
[42.520186, -83.043571]
[42.520186, -83.043571]
[42.520186, -83.043571]
[42.520186, -83.043571]
[42.520186, -83.043571]
[42.520186, -83.043571]
[42.520186, -83.043571]
[42.520186, -83.043571]
[42.520186, -83.043571]
[42.520186, -83.043571]
[42.520186, -83.043571]
[42.520186, -83.043571]
[42.520186, -83.043571]
[42.520186, -83.043571]
[42.520186, -83.043571]
[42.520186, -83.043571]
[42.520186, -83.043571]
[42.520186, -83.043571]
[42.520186, -83.043571]
[42.520186, -83.043571]
[42.520186, -83.043571]
[42.520186, -83.043571]
[42.520186, -83.043571]
[42.520186, -83.043571]
[42.520186, -83.043571]
[42.520186, -83.043571]
[42.520186, -83.043571]
[42.520186, -83.043571]
[42.520186, -83.043571]
[42.520186, -83.043571]
[42.520186, -83.043571]
[42.520186, -83.043571]
[42.520186, -83.043571]
[42.520186, -83.043571]
[42.520186, -83.043571]
[42.520186, -83.043572]
[42.520186, -83.043572]
[42.520186, -83.043572]
[42.520186, -83.043572]
[42.520186, -83.043572]
[42.520186, -83.043572]
[42.520186, -83.043572]
[42.520186, -83.043572]
[42.520186, -83.043572]
[42.520186, -83.043572]
[42.520186, -83.043572]
[42.520186, -83.043572]
[42.520186, -83.043572]
[42.520186, -83.043572]
[42.520186, -83.043572]
[42.520186, -83.043572]
[42.520186, -83.043572]
[42.520186, -83.043572]
[42.520186, -83.043572]
[42.520186, -83.043572]
[42.520186, -83.043572]
[42.520186, -83.043572]
[42.520186, -83.043572]
[42.520186, -83.043572]
[42.520186, -83.043572]
[42.520186, -83.043572]
[42.520186, -83.043572]
[42.520186, -83.043572]
[42.520186, -83.043572]
[42.520186, -83.043572]
[42.520186, -83.043572]
[42.520186, -83.043572]
[42.520186, -83.043572]
[42.520186, -83.043572]
[42.520186, -83.043572]
[42.520186, -83.043572]
[42.520186, -83.043572]
[42.520186, -83.043572]
[42.520186, -83.043572]
[42.520186, -83.043572]
[42.520186, -83.043572]
[42.520185, -83.043572]
[42.520185, -83.043572]
[42.520185, -83.043572]
[42.520185, -83.043572]
[42.520185, -83.043572]
[42.520185, -83.043572]
[42.520185, -83.043572]
[42.520185, -83.043572]
[42.520185, -83.043572]
[42.520185, -83.043572]
[42.520185, -83.043572]
[42.520185, -83.043572]
[42.520185, -83.043572]
[42.520185, -83.043572]
[42.520185, -83.043572]
[42.520185, -83.043572]
[42.520185, -83.043572]
[42.520186, -83.043572]
[42.520186, -83.043572]
[42.520186, -83.043572]
[42.520186, -83.043572]
[42.520186, -83.043572]
[42.520186, -83.043572]
[42.520186, -83.043572]
[42.520186, -83.043572]
[42.520186, -83.043572]
[42.520186, -83.043572]
[42.520186, -83.043572]
[42.520186, -83.043572]
[42.520186, -83.043572]
[42.520186, -83.043572]
[42.520186, -83.043572]
[42.520186, -83.043572]
[42.520186, -83.043572]
[42.520186, -83.043572]
[42.520186, -83.043572]
[42.520186, -83.043572]
[42.520186, -83.043572]
[42.520186, -83.043572]
[42.520186, -83.043572]
[42.520186, -83.043572]
[42.520186, -83.043572]
[42.520186, -83.043572]
[42.520186, -83.043572]
[42.520186, -83.043572]
[42.520186, -83.043572]
[42.520186, -83.043572]
[42.520186, -83.043572]
[42.520186, -83.043572]
[42.520186, -83.043572]
[42.520186, -83.043572]
[42.520186, -83.043572]
[42.520186, -83.043572]
[42.520186, -83.043572]
[42.520186, -83.043572]
[42.520186, -83.043572]
[42.520186, -83.043572]
[42.520186, -83.043572]
[42.520186, -83.043572]
[42.520186, -83.043572]
[42.520186, -83.043572]
[42.520186, -83.043572]
[42.520186, -83.043572]
[42.520186, -83.043571]
[42.520186, -83.043571]
[42.520186, -83.043571]
[42.520186, -83.043571]
[42.520186, -83.043571]
[42.520186, -83.043571]
[42.520186, -83.043571]
[42.520186, -83.043571]
[42.520186, -83.043571]
[42.520186, -83.043571]
[42.520186, -83.043571]
[42.520186, -83.043571]
[42.520186, -83.043571]
[42.520186, -83.043571]
[42.520186, -83.043571]
[42.520186, -83.043571]
[42.520186, -83.043571]
[42.520186, -83.043571]
[42.520186, -83.043571]
[42.520186, -83.043571]
[42.520186, -83.043571]
[42.520186, -83.043571]
[42.520186, -83.043571]
[42.520186, -83.043571]
[42.520186, -83.043571]
[42.520186, -83.043571]
[42.520186, -83.043571]
[42.520186, -83.043571]
[42.520186, -83.043571]
[42.520186, -83.043571]
[42.520186, -83.043571]
[42.520186, -83.043571]
[42.520186, -83.043571]
[42.520186, -83.043571]
[42.520186, -83.043571]
[42.520186, -83.043571]
[42.520186, -83.043571]
[42.520186, -83.043571]
[42.520186, -83.043571]
[42.520186, -83.043571]
[42.520186, -83.043571]
[42.520186, -83.043571]
[42.520186, -83.043571]
[42.520186, -83.043571]
[42.520186, -83.043571]
[42.520186, -83.043571]
[42.520186, -83.043571]
[42.520186, -83.043571]
[42.520186, -83.043571]
[42.520186, -83.043571]
[42.520186, -83.043571]
[42.520186, -83.043571]
[42.520186, -83.043571]
[42.520186, -83.043571]
[42.520186, -83.043570]
[42.520186, -83.043570]
[42.520186, -83.043570]
[42.520185, -83.043570]
[42.520185, -83.043570]
[42.520185, -83.043570]
[42.520185, -83.043570]
[42.520185, -83.043570]
[42.520185, -83.043570]
[42.520185, -83.043570]
[42.520185, -83.043570]
[42.520185, -83.043570]
[42.520185, -83.043570]
[42.520185, -83.043571]
[42.520185, -83.043571]
[42.520185, -83.043571]
[42.520185, -83.043571]
[42.520185, -83.043570]
[42.520185, -83.043570]
[42.520185, -83.043571]
[42.520185, -83.043571]
[42.520185, -83.043571]
[42.520185, -83.043571]
[42.520185, -83.043571]
[42.520185, -83.043571]
[42.520185, -83.043571]
[42.520185, -83.043571]
[42.520185, -83.043571]
[42.520185, -83.043571]
[42.520185, -83.043571]
[42.520185, -83.043571]
[42.520185, -83.043571]
[42.520185, -83.043571]
[42.520185, -83.043571]
[42.520184, -83.043571]
[42.520184, -83.043571]
[42.520184, -83.043571]
[42.520184, -83.043571]
[42.520184, -83.043571]
[42.520184, -83.043571]
[42.520184, -83.043571]
[42.520184, -83.043571]
[42.520184, -83.043571]
[42.520184, -83.043571]
[42.520184, -83.043571]
[42.520184, -83.043571]
[42.520184, -83.043571]
[42.520184, -83.043571]
[42.520184, -83.043571]
[42.520184, -83.043571]
[42.520184, -83.043571]
[42.520184, -83.043571]
[42.520184, -83.043571]
[42.520184, -83.043571]
[42.520184, -83.043571]
[42.520184, -83.043571]
[42.520184, -83.043571]
[42.520184, -83.043571]
[42.520184, -83.043571]
[42.520184, -83.043571]
[42.520184, -83.043571]
[42.520184, -83.043571]
[42.520184, -83.043570]
[42.520184, -83.043570]
[42.520184, -83.043570]
[42.520184, -83.043570]
[42.520184, -83.043570]
[42.520184, -83.043570]
[42.520184, -83.043570]
[42.520184, -83.043570]
[42.520184, -83.043570]
[42.520184, -83.043570]
[42.520184, -83.043570]
[42.520184, -83.043570]
[42.520184, -83.043570]
[42.520184, -83.043570]
[42.520184, -83.043570]
[42.520184, -83.043570]
[42.520184, -83.043570]
[42.520185, -83.043570]
[42.520185, -83.043570]
[42.520185, -83.043570]
[42.520185, -83.043570]
[42.520185, -83.043570]
[42.520185, -83.043570]
[42.520185, -83.043570]
[42.520185, -83.043570]
[42.520185, -83.043570]
[42.520185, -83.043570]
[42.520185, -83.043570]
[42.520185, -83.043570]
[42.520185, -83.043570]
[42.520185, -83.043570]
[42.520185, -83.043570]
[42.520185, -83.043570]
[42.520185, -83.043570]
[42.520185, -83.043570]
[42.520185, -83.043570]
[42.520185, -83.043570]
[42.520185, -83.043570]
[42.520185, -83.043570]
[42.520184, -83.043570]
[42.520184, -83.043570]
[42.520184, -83.043570]
[42.520184, -83.043570]
[42.520184, -83.043570]
[42.520184, -83.043570]
[42.520184, -83.043570]
[42.520184, -83.043570]
[42.520184, -83.043570]
[42.520184, -83.043570]
[42.520184, -83.043570]
[42.520184, -83.043570]
[42.520184, -83.043570]
[42.520184, -83.043570]
[42.520184, -83.043570]
[42.520184, -83.043570]
[42.520184, -83.043570]
[42.520184, -83.043570]
[42.520184, -83.043570]
[42.520184, -83.043570]
[42.520184, -83.043570]
[42.520184, -83.043570]
[42.520184, -83.043570]
[42.520184, -83.043570]
[42.520184, -83.043570]
[42.520184, -83.043570]
[42.520184, -83.043570]
[42.520184, -83.043570]
[42.520184, -83.043570]
[42.520184, -83.043570]
[42.520184, -83.043570]
[42.520184, -83.043570]
[42.520184, -83.043570]
[42.520184, -83.043570]
[42.520184, -83.043570]
[42.520184, -83.043570]
[42.520184, -83.043570]
[42.520184, -83.043570]
[42.520184, -83.043570]
[42.520184, -83.043570]
[42.520184, -83.043570]
[42.520184, -83.043570]
[42.520184, -83.043570]
[42.520184, -83.043570]
[42.520184, -83.043570]
[42.520184, -83.043570]
[42.520184, -83.043570]
[42.520184, -83.043570]
[42.520184, -83.043570]
[42.520184, -83.043570]
[42.520184, -83.043570]
[42.520184, -83.043570]
[42.520184, -83.043570]
[42.520184, -83.043570]
[42.520184, -83.043570]
[42.520184, -83.043570]
[42.520184, -83.043570]
[42.520184, -83.043570]
[42.520184, -83.043570]
[42.520184, -83.043570]
[42.520184, -83.043570]
[42.520184, -83.043570]
[42.520184, -83.043570]
[42.520184, -83.043570]
[42.520184, -83.043570]
[42.520184, -83.043570]
[42.520184, -83.043570]
[42.520184, -83.043570]
[42.520184, -83.043570]
[42.520184, -83.043570]
[42.520184, -83.043570]
[42.520184, -83.043570]
[42.520184, -83.043569]
[42.520184, -83.043569]
[42.520184, -83.043569]
[42.520184, -83.043569]
[42.520184, -83.043569]
[42.520184, -83.043569]
[42.520184, -83.043569]
[42.520184, -83.043569]
[42.520184, -83.043569]
[42.520184, -83.043569]
[42.520184, -83.043569]
[42.520184, -83.043569]
[42.520184, -83.043569]
[42.520184, -83.043569]
[42.520184, -83.043569]
[42.520184, -83.043569]
[42.520184, -83.043569]
[42.520184, -83.043569]
[42.520184, -83.043569]
[42.520184, -83.043569]
[42.520184, -83.043569]
[42.520184, -83.043569]
[42.520184, -83.043569]
[42.520184, -83.043569]
[42.520184, -83.043569]
[42.520184, -83.043569]
[42.520184, -83.043569]
[42.520184, -83.043569]
[42.520184, -83.043569]
[42.520184, -83.043568]
[42.520184, -83.043568]
[42.520184, -83.043568]
[42.520184, -83.043568]
[42.520184, -83.043568]
[42.520184, -83.043568]
[42.520184, -83.043568]
[42.520184, -83.043568]
[42.520184, -83.043568]
[42.520184, -83.043568]
[42.520184, -83.043568]
[42.520184, -83.043568]
[42.520184, -83.043568]
[42.520184, -83.043568]
[42.520184, -83.043568]
[42.520184, -83.043568]
[42.520184, -83.043568]
[42.520184, -83.043568]
[42.520184, -83.043568]
[42.520184, -83.043568]
[42.520184, -83.043568]
[42.520184, -83.043568]
[42.520185, -83.043568]
[42.520185, -83.043568]
[42.520185, -83.043569]
[42.520185, -83.043569]
[42.520185, -83.043569]
[42.520185, -83.043569]
[42.520185, -83.043569]
[42.520185, -83.043569]
[42.520185, -83.043569]
[42.520185, -83.043569]
[42.520185, -83.043569]
[42.520185, -83.043569]
[42.520185, -83.043569]
[42.520185, -83.043568]
[42.520185, -83.043568]
[42.520185, -83.043568]
[42.520185, -83.043568]
[42.520185, -83.043568]
[42.520185, -83.043568]
[42.520185, -83.043568]
[42.520185, -83.043568]
[42.520185, -83.043568]
[42.520185, -83.043568]
[42.520185, -83.043568]
[42.520185, -83.043568]
[42.520185, -83.043568]
[42.520185, -83.043568]
[42.520185, -83.043568]
[42.520185, -83.043568]
[42.520185, -83.043568]
[42.520185, -83.043568]
[42.520185, -83.043568]
[42.520185, -83.043568]
[42.520185, -83.043568]
[42.520185, -83.043568]
[42.520185, -83.043568]
[42.520185, -83.043568]
[42.520185, -83.043568]
[42.520185, -83.043568]
[42.520185, -83.043568]
[42.520185, -83.043568]
[42.520185, -83.043568]
[42.520185, -83.043568]
[42.520185, -83.043568]
[42.520185, -83.043568]
[42.520185, -83.043568]
[42.520185, -83.043568]
[42.520185, -83.043568]
[42.520185, -83.043568]
[42.520185, -83.043568]
[42.520185, -83.043568]
[42.520185, -83.043568]
[42.520185, -83.043568]
[42.520185, -83.043568]
[42.520185, -83.043568]
[42.520185, -83.043568]
[42.520185, -83.043568]
[42.520185, -83.043568]
[42.520185, -83.043568]
[42.520185, -83.043568]
[42.520185, -83.043568]
[42.520185, -83.043568]
[42.520185, -83.043568]
[42.520185, -83.043568]
[42.520185, -83.043568]
[42.520185, -83.043568]
[42.520185, -83.043568]
[42.520185, -83.043568]
[42.520185, -83.043568]
[42.520185, -83.043568]
[42.520185, -83.043568]
[42.520185, -83.043568]
[42.520185, -83.043568]
[42.520185, -83.043568]
[42.520185, -83.043568]
[42.520185, -83.043568]
[42.520185, -83.043568]
[42.520185, -83.043568]
[42.520185, -83.043568]
[42.520185, -83.043568]
[42.520185, -83.043568]
[42.520185, -83.043568]
[42.520185, -83.043568]
[42.520185, -83.043569]
[42.520185, -83.043569]
[42.520185, -83.043569]
[42.520185, -83.043569]
[42.520185, -83.043569]
[42.520185, -83.043569]
[42.520185, -83.043569]
[42.520185, -83.043569]
[42.520185, -83.043569]
[42.520185, -83.043569]
[42.520185, -83.043569]
[42.520185, -83.043569]
[42.520185, -83.043569]
[42.520185, -83.043569]
[42.520185, -83.043569]
[42.520185, -83.043569]
[42.520185, -83.043569]
[42.520185, -83.043569]
[42.520185, -83.043569]
[42.520185, -83.043569]
[42.520185, -83.043569]
[42.520185, -83.043569]
[42.520185, -83.043569]
[42.520185, -83.043569]
[42.520185, -83.043569]
[42.520185, -83.043569]
[42.520185, -83.043569]
[42.520185, -83.043569]
[42.520185, -83.043569]
[42.520185, -83.043569]
[42.520185, -83.043569]
[42.520185, -83.043569]
[42.520185, -83.043569]
[42.520185, -83.043569]
[42.520185, -83.043569]
[42.520185, -83.043569]
[42.520185, -83.043569]
[42.520185, -83.043569]
[42.520185, -83.043569]
[42.520185, -83.043569]
[42.520185, -83.043569]
[42.520185, -83.043569]
[42.520185, -83.043569]
[42.520185, -83.043569]
[42.520185, -83.043569]
[42.520185, -83.043569]
[42.520185, -83.043569]
[42.520185, -83.043569]
[42.520185, -83.043569]
[42.520185, -83.043569]
[42.520185, -83.043569]
[42.520185, -83.043569]
[42.520185, -83.043569]
[42.520185, -83.043569]
[42.520185, -83.043569]
[42.520185, -83.043570]
[42.520185, -83.043570]
[42.520185, -83.043570]
[42.520185, -83.043570]
[42.520185, -83.043570]
[42.520185, -83.043570]
[42.520185, -83.043570]
[42.520185, -83.043570]
[42.520185, -83.043570]
[42.520185, -83.043570]
[42.520185, -83.043570]
[42.520185, -83.043570]
[42.520185, -83.043570]
[42.520185, -83.043570]
[42.520185, -83.043570]
[42.520185, -83.043570]
[42.520185, -83.043570]
[42.520185, -83.043570]
[42.520185, -83.043570]
[42.520185, -83.043570]
[42.520185, -83.043570]
[42.520185, -83.043570]
[42.520185, -83.043570]
[42.520185, -83.043570]
[42.520185, -83.043570]
[42.520185, -83.043570]
[42.520185, -83.043570]
[42.520185, -83.043570]
[42.520185, -83.043570]
[42.520186, -83.043570]
[42.520186, -83.043570]
[42.520186, -83.043570]
[42.520186, -83.043570]
[42.520186, -83.043570]
[42.520186, -83.043570]
[42.520186, -83.043570]
[42.520186, -83.043570]
[42.520186, -83.043570]
[42.520186, -83.043570]
[42.520186, -83.043570]
[42.520186, -83.043570]
[42.520186, -83.043570]
[42.520186, -83.043570]
[42.520186, -83.043570]
[42.520186, -83.043570]
[42.520186, -83.043570]
[42.520186, -83.043570]
[42.520186, -83.043570]
[42.520186, -83.043570]
[42.520186, -83.043570]
[42.520186, -83.043570]
[42.520186, -83.043570]
[42.520186, -83.043570]
[42.520186, -83.043570]
[42.520186, -83.043570]
[42.520186, -83.043570]
[42.520186, -83.043570]
[42.520186, -83.043570]
[42.520186, -83.043570]
[42.520186, -83.043570]
[42.520186, -83.043570]
[42.520186, -83.043571]
[42.520186, -83.043571]
[42.520186, -83.043571]
[42.520186, -83.043571]
[42.520186, -83.043571]
[42.520186, -83.043571]
[42.520186, -83.043571]
[42.520186, -83.043571]
[42.520186, -83.043571]
[42.520186, -83.043571]
[42.520186, -83.043571]
[42.520186, -83.043571]
[42.520186, -83.043571]
[42.520186, -83.043571]
[42.520186, -83.043571]
[42.520186, -83.043571]
[42.520186, -83.043571]
[42.520186, -83.043571]
[42.520186, -83.043571]
[42.520186, -83.043571]
[42.520186, -83.043571]
[42.520186, -83.043571]
[42.520186, -83.043571]
[42.520186, -83.043571]
[42.520186, -83.043571]
[42.520186, -83.043571]
[42.520186, -83.043571]
[42.520186, -83.043571]
[42.520186, -83.043571]
[42.520186, -83.043571]
[42.520186, -83.043571]
[42.520186, -83.043571]
[42.520186, -83.043571]
[42.520186, -83.043571]
[42.520186, -83.043571]
[42.520186, -83.043571]
[42.520186, -83.043571]
[42.520186, -83.043571]
[42.520186, -83.043571]
[42.520186, -83.043571]
[42.520186, -83.043571]
[42.520186, -83.043571]
[42.520186, -83.043571]
[42.520186, -83.043571]
[42.520186, -83.043571]
[42.520186, -83.043571]
[42.520186, -83.043571]
[42.520186, -83.043571]
[42.520186, -83.043571]
[42.520186, -83.043571]
[42.520186, -83.043571]
[42.520186, -83.043571]
[42.520186, -83.043571]
[42.520186, -83.043571]
[42.520186, -83.043571]
[42.520186, -83.043571]
[42.520186, -83.043571]
[42.520186, -83.043571]
[42.520186, -83.043571]
[42.520186, -83.043571]
[42.520186, -83.043571]
[42.520186, -83.043571]
[42.520186, -83.043571]
[42.520186, -83.043571]
[42.520186, -83.043571]
[42.520186, -83.043571]
[42.520186, -83.043571]
[42.520186, -83.043571]
[42.520186, -83.043571]
[42.520186, -83.043571]
[42.520186, -83.043571]
[42.520186, -83.043571]
[42.520186, -83.043571]
[42.520186, -83.043571]
[42.520186, -83.043571]
[42.520186, -83.043571]
[42.520186, -83.043571]
[42.520186, -83.043571]
[42.520186, -83.043571]
[42.520186, -83.043571]
[42.520186, -83.043571]
[42.520186, -83.043571]
[42.520186, -83.043571]
[42.520186, -83.043571]
[42.520186, -83.043571]
[42.520186, -83.043571]
[42.520186, -83.043571]
[42.520186, -83.043571]
[42.520186, -83.043571]
[42.520186, -83.043571]
[42.520186, -83.043571]
[42.520186, -83.043571]
[42.520186, -83.043571]
[42.520186, -83.043571]
[42.520186, -83.043571]
[42.520186, -83.043571]
[42.520186, -83.043571]
[42.520186, -83.043571]
[42.520186, -83.043571]
[42.520186, -83.043571]
[42.520186, -83.043571]
[42.520186, -83.043571]
[42.520186, -83.043571]
[42.520186, -83.043571]
[42.520186, -83.043571]
[42.520186, -83.043571]
[42.520186, -83.043571]
[42.520186, -83.043571]
[42.520185, -83.043571]
[42.520185, -83.043571]
[42.520185, -83.043571]
[42.520185, -83.043571]
[42.520185, -83.043571]
[42.520185, -83.043571]
[42.520185, -83.043571]
[42.520185, -83.043571]
[42.520185, -83.043571]
[42.520185, -83.043571]
[42.520185, -83.043571]
[42.520185, -83.043571]
[42.520185, -83.043571]
[42.520185, -83.043571]
[42.520185, -83.043571]
[42.520185, -83.043571]
[42.520185, -83.043571]
[42.520185, -83.043571]
[42.520185, -83.043571]
[42.520185, -83.043571]
[42.520185, -83.043571]
[42.520185, -83.043571]
[42.520185, -83.043571]
[42.520185, -83.043571]
[42.520185, -83.043571]
[42.520185, -83.043571]
[42.520185, -83.043571]
[42.520185, -83.043571]
[42.520185, -83.043571]
[42.520185, -83.043571]
[42.520185, -83.043571]
[42.520185, -83.043571]
[42.520185, -83.043571]
[42.520185, -83.043571]
[42.520185, -83.043571]
[42.520185, -83.043571]
[42.520185, -83.043571]
[42.520185, -83.043571]
[42.520185, -83.043571]
[42.520185, -83.043571]
[42.520185, -83.043571]
[42.520185, -83.043571]
[42.520185, -83.043571]
[42.520185, -83.043571]
[42.520185, -83.043571]
[42.520185, -83.043571]
[42.520185, -83.043571]
[42.520185, -83.043571]
[42.520185, -83.043571]
[42.520185, -83.043571]
[42.520185, -83.043571]
[42.520185, -83.043571]
[42.520185, -83.043571]
[42.520185, -83.043571]
[42.520185, -83.043571]
[42.520185, -83.043571]
[42.520185, -83.043571]
[42.520185, -83.043571]
[42.520185, -83.043571]
[42.520185, -83.043571]
[42.520185, -83.043571]
[42.520185, -83.043571]
[42.520185, -83.043571]
[42.520185, -83.043571]
[42.520185, -83.043571]
[42.520185, -83.043571]
[42.520185, -83.043571]
[42.520185, -83.043571]
[42.520185, -83.043571]
[42.520185, -83.043571]
[42.520185, -83.043571]
[42.520185, -83.043571]
[42.520185, -83.043571]
[42.520185, -83.043571]
[42.520185, -83.043571]
[42.520185, -83.043571]
[42.520185, -83.043571]
[42.520185, -83.043571]
[42.520185, -83.043571]
[42.520185, -83.043571]
[42.520185, -83.043571]
[42.520185, -83.043571]
[42.520185, -83.043571]
[42.520185, -83.043571]
[42.520185, -83.043571]
[42.520185, -83.043571]
[42.520185, -83.043571]
[42.520185, -83.043571]
[42.520185, -83.043571]
[42.520185, -83.043571]
[42.520185, -83.043571]
[42.520185, -83.043571]
[42.520185, -83.043571]
[42.520185, -83.043571]
[42.520185, -83.043571]
[42.520185, -83.043571]
[42.520185, -83.043571]
[42.520185, -83.043571]
[42.520185, -83.043571]
[42.520185, -83.043571]
[42.520185, -83.043571]
[42.520184, -83.043571]
[42.520184, -83.043571]
[42.520184, -83.043571]
[42.520184, -83.043571]
[42.520184, -83.043571]
[42.520184, -83.043571]
[42.520184, -83.043571]
[42.520184, -83.043571]
[42.520184, -83.043571]
[42.520184, -83.043571]
[42.520184, -83.043571]
[42.520184, -83.043571]
[42.520184, -83.043571]
[42.520184, -83.043571]
[42.520184, -83.043571]
[42.520184, -83.043571]
[42.520184, -83.043571]
[42.520184, -83.043571]
[42.520184, -83.043571]
[42.520184, -83.043571]
[42.520184, -83.043571]
[42.520184, -83.043571]
[42.520184, -83.043571]
[42.520184, -83.043571]
[42.520184, -83.043571]
[42.520184, -83.043571]
[42.520184, -83.043571]
[42.520184, -83.043571]
[42.520184, -83.043571]
[42.520184, -83.043571]
[42.520184, -83.043571]
[42.520184, -83.043571]
[42.520184, -83.043571]
[42.520184, -83.043571]
[42.520184, -83.043571]
[42.520184, -83.043571]
[42.520184, -83.043571]
[42.520184, -83.043571]
[42.520184, -83.043571]
[42.520184, -83.043571]
[42.520184, -83.043571]
[42.520184, -83.043571]
[42.520184, -83.043571]
[42.520184, -83.043571]
[42.520184, -83.043571]
[42.520184, -83.043571]
[42.520184, -83.043571]
[42.520184, -83.043571]
[42.520184, -83.043571]
[42.520184, -83.043571]
[42.520184, -83.043571]
[42.520184, -83.043571]
[42.520184, -83.043571]
[42.520184, -83.043571]
[42.520184, -83.043571]
[42.520184, -83.043571]
[42.520184, -83.043571]
[42.520185, -83.043571]
[42.520185, -83.043571]
[42.520185, -83.043571]
[42.520185, -83.043571]
[42.520185, -83.043571]
[42.520185, -83.043571]
[42.520185, -83.043571]
[42.520185, -83.043571]
[42.520185, -83.043571]
[42.520185, -83.043571]
[42.520185, -83.043571]
[42.520185, -83.043571]
[42.520185, -83.043571]
[42.520185, -83.043571]
[42.520185, -83.043571]
[42.520185, -83.043571]
[42.520185, -83.043571]
[42.520185, -83.043571]
[42.520185, -83.043571]
[42.520185, -83.043571]
[42.520185, -83.043571]
[42.520185, -83.043571]
[42.520185, -83.043571]
[42.520185, -83.043571]
[42.520185, -83.043571]
[42.520185, -83.043571]
[42.520185, -83.043571]
[42.520185, -83.043571]
[42.520185, -83.043571]
[42.520185, -83.043571]
[42.520185, -83.043571]
[42.520185, -83.043571]
[42.520185, -83.043571]
[42.520185, -83.043571]
[42.520185, -83.043571]
[42.520185, -83.043571]
[42.520184, -83.043571]
[42.520184, -83.043571]
[42.520184, -83.043571]
[42.520184, -83.043571]
[42.520184, -83.043571]
[42.520184, -83.043571]
[42.520184, -83.043571]
[42.520184, -83.043571]
[42.520184, -83.043571]
[42.520184, -83.043571]
[42.520184, -83.043571]
[42.520184, -83.043571]
[42.520184, -83.043571]
[42.520184, -83.043571]
[42.520184, -83.043571]
[42.520184, -83.043571]
[42.520184, -83.043571]
[42.520184, -83.043571]
[42.520184, -83.043571]
[42.520184, -83.043571]
[42.520184, -83.043571]
[42.520184, -83.043571]
[42.520184, -83.043571]
[42.520184, -83.043571]
[42.520184, -83.043571]
[42.520184, -83.043571]
[42.520184, -83.043571]
[42.520184, -83.043571]
[42.520184, -83.043571]
[42.520184, -83.043571]
[42.520184, -83.043571]
[42.520184, -83.043571]
[42.520184, -83.043571]
[42.520184, -83.043571]
[42.520184, -83.043571]
[42.520184, -83.043571]
[42.520184, -83.043571]
[42.520184, -83.043571]
[42.520184, -83.043571]
[42.520184, -83.043571]
[42.520183, -83.043571]
[42.520183, -83.043571]
[42.520183, -83.043571]
[42.520183, -83.043571]
[42.520183, -83.043571]
[42.520183, -83.043571]
[42.520183, -83.043571]
[42.520183, -83.043571]
[42.520183, -83.043571]
[42.520183, -83.043571]
[42.520183, -83.043571]
[42.520183, -83.043571]
[42.520183, -83.043571]
[42.520183, -83.043571]
[42.520183, -83.043571]
[42.520183, -83.043571]
[42.520183, -83.043571]
[42.520183, -83.043571]
[42.520183, -83.043571]
[42.520183, -83.043571]
[42.520183, -83.043571]
[42.520183, -83.043571]
[42.520183, -83.043571]
[42.520183, -83.043571]
[42.520183, -83.043571]
[42.520183, -83.043571]
[42.520183, -83.043571]
[42.520183, -83.043571]
[42.520183, -83.043571]
[42.520183, -83.043571]
[42.520183, -83.043571]
[42.520183, -83.043571]
[42.520183, -83.043571]
[42.520183, -83.043571]
[42.520183, -83.043571]
[42.520183, -83.043571]
[42.520183, -83.043571]
[42.520183, -83.043571]
[42.520183, -83.043571]
[42.520183, -83.043571]
[42.520183, -83.043571]
[42.520183, -83.043571]
[42.520183, -83.043571]
[42.520183, -83.043571]
[42.520183, -83.043571]
[42.520183, -83.043571]
[42.520183, -83.043571]
[42.520183, -83.043571]
[42.520183, -83.043571]
[42.520183, -83.043571]
[42.520183, -83.043571]
[42.520183, -83.043571]
[42.520183, -83.043571]
[42.520183, -83.043571]
[42.520183, -83.043571]
[42.520183, -83.043571]
[42.520183, -83.043571]
[42.520183, -83.043571]
[42.520183, -83.043571]
[42.520183, -83.043571]
[42.520183, -83.043571]
[42.520183, -83.043571]
[42.520183, -83.043571]
[42.520183, -83.043571]
[42.520183, -83.043571]
[42.520183, -83.043571]
[42.520183, -83.043571]
[42.520183, -83.043571]
[42.520183, -83.043571]
[42.520183, -83.043571]
[42.520183, -83.043571]
[42.520183, -83.043571]
[42.520183, -83.043571]
[42.520183, -83.043571]
[42.520183, -83.043571]
[42.520183, -83.043571]
[42.520183, -83.043571]
[42.520183, -83.043571]
[42.520183, -83.043571]
[42.520183, -83.043571]
[42.520183, -83.043571]
[42.520183, -83.043571]
[42.520183, -83.043571]
[42.520183, -83.043571]
[42.520183, -83.043571]
[42.520183, -83.043571]
[42.520183, -83.043571]
[42.520183, -83.043571]
[42.520183, -83.043571]
[42.520183, -83.043571]
[42.520183, -83.043571]
[42.520183, -83.043571]
[42.520183, -83.043571]
[42.520183, -83.043571]
[42.520183, -83.043571]
[42.520183, -83.043571]
[42.520184, -83.043571]
[42.520184, -83.043571]
[42.520184, -83.043571]
[42.520184, -83.043571]
[42.520184, -83.043571]
[42.520184, -83.043571]
[42.520184, -83.043571]
[42.520184, -83.043571]
[42.520184, -83.043571]
[42.520184, -83.043571]
[42.520184, -83.043571]
[42.520184, -83.043571]
[42.520184, -83.043571]
[42.520184, -83.043571]
[42.520184, -83.043571]
[42.520184, -83.043571]
[42.520184, -83.043571]
[42.520184, -83.043571]
[42.520184, -83.043571]
[42.520184, -83.043571]
[42.520184, -83.043571]
[42.520184, -83.043571]
[42.520184, -83.043571]
[42.520184, -83.043571]
[42.520184, -83.043571]
[42.520184, -83.043571]
[42.520184, -83.043570]
[42.520184, -83.043570]
[42.520184, -83.043570]
[42.520184, -83.043570]
[42.520184, -83.043570]
[42.520184, -83.043570]
[42.520184, -83.043570]
[42.520184, -83.043570]
[42.520184, -83.043570]
[42.520184, -83.043570]
[42.520184, -83.043570]
[42.520184, -83.043570]
[42.520184, -83.043570]
[42.520184, -83.043570]
[42.520184, -83.043570]
[42.520184, -83.043570]
[42.520184, -83.043570]
[42.520184, -83.043570]
[42.520184, -83.043570]
[42.520184, -83.043570]
[42.520184, -83.043570]
[42.520184, -83.043570]
[42.520184, -83.043570]
[42.520184, -83.043570]
[42.520184, -83.043570]
[42.520184, -83.043570]
[42.520184, -83.043570]
[42.520184, -83.043570]
[42.520184, -83.043570]
[42.520184, -83.043570]
[42.520184, -83.043570]
[42.520184, -83.043570]
[42.520184, -83.043570]
[42.520184, -83.043570]
[42.520184, -83.043570]
[42.520184, -83.043570]
[42.520184, -83.043570]
[42.520184, -83.043570]
[42.520184, -83.043570]
[42.520184, -83.043570]
[42.520184, -83.043570]
[42.520184, -83.043570]
[42.520184, -83.043570]
[42.520184, -83.043570]
[42.520184, -83.043570]
[42.520184, -83.043570]
[42.520184, -83.043570]
[42.520184, -83.043570]
[42.520184, -83.043570]
[42.520184, -83.043570]
[42.520184, -83.043570]
[42.520184, -83.043570]
[42.520184, -83.043570]
[42.520185, -83.043570]
[42.520185, -83.043570]
[42.520185, -83.043570]
[42.520185, -83.043570]
[42.520185, -83.043570]
[42.520185, -83.043570]
[42.520185, -83.043570]
[42.520185, -83.043570]
[42.520185, -83.043570]
[42.520185, -83.043570]
[42.520185, -83.043570]
[42.520185, -83.043570]
[42.520185, -83.043570]
[42.520185, -83.043570]
[42.520185, -83.043570]
[42.520185, -83.043570]
[42.520185, -83.043570]
[42.520185, -83.043570]
[42.520185, -83.043570]
[42.520185, -83.043570]
[42.520185, -83.043570]
[42.520185, -83.043570]
[42.520185, -83.043570]
[42.520185, -83.043570]
[42.520185, -83.043570]
[42.520185, -83.043570]
[42.520185, -83.043570]
[42.520185, -83.043570]
[42.520185, -83.043570]
[42.520185, -83.043570]
[42.520185, -83.043570]
[42.520185, -83.043570]
[42.520185, -83.043570]
[42.520185, -83.043570]
[42.520185, -83.043570]
[42.520186, -83.043570]
[42.520186, -83.043570]
[42.520186, -83.043570]
[42.520186, -83.043570]
[42.520186, -83.043570]
[42.520186, -83.043570]
[42.520186, -83.043570]
[42.520186, -83.043570]
[42.520186, -83.043570]
[42.520186, -83.043570]
[42.520186, -83.043570]
[42.520186, -83.043570]
[42.520186, -83.043570]
[42.520186, -83.043570]
[42.520186, -83.043570]
[42.520186, -83.043570]
[42.520186, -83.043570]
[42.520186, -83.043570]
[42.520186, -83.043570]
[42.520186, -83.043570]
[42.520187, -83.043570]
[42.520187, -83.043570]
[42.520187, -83.043570]
[42.520187, -83.043570]
[42.520187, -83.043570]
[42.520187, -83.043570]
[42.520187, -83.043570]
[42.520187, -83.043570]
[42.520187, -83.043570]
[42.520187, -83.043570]
[42.520187, -83.043570]
[42.520187, -83.043570]
[42.520187, -83.043570]
[42.520187, -83.043570]
[42.520186, -83.043570]
[42.520186, -83.043570]
[42.520186, -83.043570]
[42.520186, -83.043570]
[42.520186, -83.043570]
[42.520186, -83.043570]
[42.520186, -83.043570]
[42.520186, -83.043570]
[42.520186, -83.043570]
[42.520186, -83.043570]
[42.520186, -83.043570]
[42.520186, -83.043570]
[42.520186, -83.043570]
[42.520186, -83.043570]
[42.520186, -83.043570]
[42.520186, -83.043570]
[42.520186, -83.043570]
[42.520186, -83.043570]
[42.520186, -83.043570]
[42.520186, -83.043570]
[42.520186, -83.043570]
[42.520186, -83.043570]
[42.520186, -83.043570]
[42.520186, -83.043570]
[42.520186, -83.043570]
[42.520186, -83.043570]
[42.520186, -83.043570]
[42.520186, -83.043570]
[42.520186, -83.043570]
[42.520186, -83.043570]
[42.520186, -83.043570]
[42.520186, -83.043570]
[42.520186, -83.043570]
[42.520186, -83.043570]
[42.520186, -83.043570]
[42.520186, -83.043570]
[42.520186, -83.043570]
[42.520185, -83.043570]
[42.520185, -83.043570]
[42.520185, -83.043570]
[42.520185, -83.043570]
[42.520185, -83.043570]
[42.520185, -83.043570]
[42.520185, -83.043570]
[42.520185, -83.043570]
[42.520185, -83.043570]
[42.520185, -83.043570]
[42.520185, -83.043570]
[42.520185, -83.043570]
[42.520185, -83.043570]
[42.520185, -83.043570]
[42.520185, -83.043570]
[42.520185, -83.043570]
[42.520185, -83.043570]
[42.520185, -83.043570]
[42.520185, -83.043570]
[42.520185, -83.043570]
[42.520185, -83.043570]
[42.520185, -83.043570]
[42.520185, -83.043570]
[42.520185, -83.043570]
[42.520185, -83.043570]
[42.520185, -83.043570]
[42.520185, -83.043570]
[42.520185, -83.043570]
[42.520185, -83.043570]
[42.520185, -83.043570]
[42.520185, -83.043570]
[42.520185, -83.043570]
[42.520185, -83.043570]
[42.520185, -83.043570]
[42.520185, -83.043570]
[42.520185, -83.043570]
[42.520185, -83.043570]
[42.520185, -83.043570]
[42.520185, -83.043570]
[42.520185, -83.043570]
[42.520185, -83.043570]
[42.520185, -83.043570]
[42.520185, -83.043570]
[42.520184, -83.043570]
[42.520184, -83.043570]
[42.520184, -83.043570]
[42.520184, -83.043570]
[42.520184, -83.043570]
[42.520184, -83.043570]
[42.520184, -83.043570]
[42.520184, -83.043570]
[42.520184, -83.043570]
[42.520184, -83.043570]
[42.520184, -83.043570]
[42.520185, -83.043570]
[42.520185, -83.043570]
[42.520185, -83.043570]
[42.520185, -83.043570]
[42.520185, -83.043570]
[42.520185, -83.043570]
[42.520185, -83.043570]
[42.520185, -83.043570]
[42.520185, -83.043570]
[42.520185, -83.043570]
[42.520185, -83.043570]
[42.520185, -83.043570]
[42.520185, -83.043570]
[42.520185, -83.043570]
[42.520185, -83.043570]
[42.520185, -83.043570]
[42.520185, -83.043570]
[42.520185, -83.043570]
[42.520185, -83.043570]
[42.520185, -83.043570]
[42.520185, -83.043570]
[42.520185, -83.043570]
[42.520185, -83.043570]
[42.520185, -83.043570]
[42.520185, -83.043570]
[42.520185, -83.043570]
[42.520185, -83.043570]
[42.520185, -83.043570]
[42.520186, -83.043570]
[42.520186, -83.043570]
[42.520186, -83.043570]
[42.520186, -83.043570]
[42.520186, -83.043570]
[42.520186, -83.043570]
[42.520186, -83.043570]
[42.520186, -83.043570]
[42.520186, -83.043570]
[42.520186, -83.043570]
[42.520186, -83.043570]
[42.520186, -83.043570]
[42.520186, -83.043570]
[42.520186, -83.043570]
[42.520186, -83.043570]
[42.520186, -83.043570]
[42.520186, -83.043570]
[42.520186, -83.043570]
[42.520186, -83.043570]
[42.520186, -83.043570]
[42.520186, -83.043570]
[42.520186, -83.043570]
[42.520186, -83.043570]
[42.520186, -83.043570]
[42.520186, -83.043570]
[42.520186, -83.043570]
[42.520186, -83.043570]
[42.520186, -83.043570]
[42.520186, -83.043570]
[42.520186, -83.043570]
[42.520186, -83.043570]
[42.520186, -83.043569]
[42.520186, -83.043569]
[42.520186, -83.043569]
[42.520186, -83.043569]
[42.520186, -83.043569]
[42.520186, -83.043569]
[42.520186, -83.043569]
[42.520186, -83.043569]
[42.520187, -83.043569]
[42.520187, -83.043569]
[42.520187, -83.043569]
[42.520187, -83.043569]
[42.520187, -83.043569]
[42.520187, -83.043569]
[42.520187, -83.043569]
[42.520187, -83.043569]
[42.520187, -83.043569]
[42.520187, -83.043569]
[42.520187, -83.043569]
[42.520187, -83.043569]
[42.520187, -83.043569]
[42.520187, -83.043569]
[42.520187, -83.043569]
[42.520187, -83.043569]
[42.520187, -83.043569]
[42.520187, -83.043569]
[42.520187, -83.043569]
[42.520187, -83.043569]
[42.520187, -83.043569]
[42.520187, -83.043569]
[42.520187, -83.043569]
[42.520187, -83.043569]
[42.520187, -83.043569]
[42.520187, -83.043569]
[42.520187, -83.043569]
[42.520187, -83.043569]
[42.520187, -83.043569]
[42.520187, -83.043569]
[42.520187, -83.043569]
[42.520187, -83.043569]
[42.520187, -83.043569]
[42.520187, -83.043569]
[42.520187, -83.043569]
[42.520187, -83.043569]
[42.520187, -83.043569]
[42.520187, -83.043569]
[42.520187, -83.043569]
[42.520187, -83.043569]
[42.520187, -83.043569]
[42.520187, -83.043569]
[42.520187, -83.043569]
[42.520187, -83.043569]
[42.520187, -83.043569]
[42.520187, -83.043569]
[42.520187, -83.043569]
[42.520187, -83.043569]
[42.520187, -83.043569]
[42.520187, -83.043569]
[42.520187, -83.043569]
[42.520187, -83.043569]
[42.520187, -83.043569]
[42.520187, -83.043569]
[42.520187, -83.043569]
[42.520187, -83.043569]
[42.520187, -83.043569]
[42.520187, -83.043569]
[42.520187, -83.043569]
[42.520187, -83.043569]
[42.520187, -83.043569]
[42.520187, -83.043569]
[42.520187, -83.043569]
[42.520187, -83.043569]
[42.520187, -83.043569]
[42.520187, -83.043569]
[42.520187, -83.043569]
[42.520187, -83.043568]
[42.520187, -83.043568]
[42.520187, -83.043568]
[42.520187, -83.043568]
[42.520187, -83.043568]
[42.520187, -83.043568]
[42.520187, -83.043568]
[42.520187, -83.043568]
[42.520187, -83.043568]
[42.520187, -83.043568]
[42.520187, -83.043568]
[42.520187, -83.043568]
[42.520187, -83.043568]
[42.520187, -83.043568]
[42.520187, -83.043568]
[42.520187, -83.043568]
[42.520187, -83.043568]
[42.520187, -83.043568]
[42.520187, -83.043568]
[42.520187, -83.043568]
[42.520187, -83.043568]
[42.520187, -83.043568]
[42.520187, -83.043568]
[42.520187, -83.043568]
[42.520187, -83.043568]
[42.520187, -83.043568]
[42.520187, -83.043568]
[42.520187, -83.043568]
[42.520186, -83.043568]
[42.520186, -83.043568]
[42.520186, -83.043568]
[42.520186, -83.043568]
[42.520186, -83.043568]
[42.520186, -83.043568]
[42.520186, -83.043568]
[42.520186, -83.043568]
[42.520186, -83.043568]
[42.520186, -83.043568]
[42.520186, -83.043568]
[42.520186, -83.043568]
[42.520186, -83.043568]
[42.520186, -83.043568]
[42.520186, -83.043568]
[42.520186, -83.043568]
[42.520186, -83.043568]
[42.520186, -83.043568]
[42.520186, -83.043568]
[42.520186, -83.043568]
[42.520186, -83.043568]
[42.520186, -83.043568]
[42.520186, -83.043568]
[42.520186, -83.043568]
[42.520186, -83.043569]
[42.520186, -83.043569]
[42.520186, -83.043569]
[42.520186, -83.043569]
[42.520186, -83.043569]
[42.520186, -83.043569]
[42.520186, -83.043569]
[42.520186, -83.043569]
[42.520186, -83.043569]
[42.520186, -83.043569]
[42.520186, -83.043569]
[42.520186, -83.043569]
[42.520186, -83.043569]
[42.520185, -83.043569]
[42.520185, -83.043569]
[42.520185, -83.043569]
[42.520185, -83.043569]
[42.520185, -83.043569]
[42.520185, -83.043569]
[42.520185, -83.043569]
[42.520185, -83.043569]
[42.520185, -83.043569]
[42.520185, -83.043569]
[42.520185, -83.043569]
[42.520185, -83.043569]
[42.520185, -83.043569]
[42.520185, -83.043569]
[42.520185, -83.043569]
[42.520185, -83.043569]
[42.520185, -83.043569]
[42.520185, -83.043569]
[42.520185, -83.043569]
[42.520185, -83.043569]
[42.520185, -83.043569]
[42.520185, -83.043569]
[42.520185, -83.043569]
[42.520185, -83.043569]
[42.520185, -83.043569]
[42.520185, -83.043569]
[42.520185, -83.043569]
[42.520185, -83.043569]
[42.520185, -83.043569]
[42.520185, -83.043569]
[42.520185, -83.043569]
[42.520185, -83.043569]
[42.520185, -83.043569]
[42.520185, -83.043569]
[42.520185, -83.043569]
[42.520185, -83.043569]
[42.520185, -83.043569]
[42.520185, -83.043569]
[42.520185, -83.043569]
[42.520185, -83.043569]
[42.520185, -83.043569]
[42.520185, -83.043569]
[42.520185, -83.043569]
[42.520185, -83.043569]
[42.520185, -83.043569]
[42.520185, -83.043569]
[42.520185, -83.043569]
[42.520185, -83.043569]
[42.520185, -83.043569]
[42.520185, -83.043569]
[42.520185, -83.043569]
[42.520185, -83.043569]
[42.520185, -83.043569]
[42.520185, -83.043569]
[42.520185, -83.043569]
[42.520185, -83.043569]
[42.520185, -83.043569]
[42.520185, -83.043569]
[42.520185, -83.043569]
[42.520185, -83.043569]
[42.520185, -83.043569]
[42.520185, -83.043569]
[42.520185, -83.043569]
[42.520185, -83.043569]
[42.520185, -83.043569]
[42.520185, -83.043569]
[42.520185, -83.043569]
[42.520185, -83.043569]
[42.520185, -83.043569]
[42.520185, -83.043569]
[42.520185, -83.043569]
[42.520185, -83.043568]
[42.520185, -83.043568]
[42.520185, -83.043568]
[42.520185, -83.043568]
[42.520185, -83.043568]
[42.520185, -83.043568]
[42.520185, -83.043568]
[42.520185, -83.043568]
[42.520185, -83.043568]
[42.520185, -83.043568]
[42.520185, -83.043568]
[42.520185, -83.043568]
[42.520185, -83.043568]
[42.520185, -83.043568]
[42.520185, -83.043568]
[42.520185, -83.043568]
[42.520185, -83.043568]
[42.520185, -83.043568]
[42.520185, -83.043568]
[42.520185, -83.043568]
[42.520185, -83.043568]
[42.520185, -83.043568]
[42.520185, -83.043568]
[42.520185, -83.043569]
[42.520185, -83.043571]
[42.520185, -83.043571]
[42.520185, -83.043574]
[42.520185, -83.043577]
[42.520185, -83.043581]
[42.520185, -83.043583]
[42.520184, -83.043588]
[42.520184, -83.043593]
[42.520184, -83.043593]
[42.520184, -83.043604]
[42.520184, -83.043604]
[42.520184, -83.043607]
[42.520184, -83.043615]
[42.520183, -83.043620]
[42.520183, -83.043623]
[42.520183, -83.043628]
[42.520183, -83.043633]
[42.520183, -83.043633]
[42.520183, -83.043638]
[42.520183, -83.043639]
[42.520183, -83.043639]
[42.520183, -83.043638]
[42.520183, -83.043636]
[42.520183, -83.043636]
[42.520182, -83.043633]
[42.520181, -83.043630]
[42.520181, -83.043630]
[42.520180, -83.043625]
[42.520178, -83.043618]
[42.520178, -83.043618]
[42.520178, -83.043614]
[42.520177, -83.043611]
[42.520177, -83.043609]
[42.520177, -83.043606]
[42.520177, -83.043602]
[42.520177, -83.043602]
[42.520177, -83.043595]
[42.520178, -83.043590]
[42.520178, -83.043590]
[42.520179, -83.043583]
[42.520179, -83.043579]
[42.520179, -83.043579]
[42.520179, -83.043578]
[42.520179, -83.043578]
[42.520179, -83.043578]
[42.520179, -83.043580]
[42.520179, -83.043580]
[42.520179, -83.043583]
[42.520179, -83.043585]
[42.520179, -83.043588]
[42.520179, -83.043592]
[42.520179, -83.043592]
[42.520179, -83.043595]
[42.520179, -83.043598]
[42.520179, -83.043599]
[42.520179, -83.043599]
[42.520179, -83.043599]
[42.520179, -83.043599]
[42.520179, -83.043599]
[42.520179, -83.043599]
[42.520179, -83.043599]
[42.520179, -83.043599]
[42.520179, -83.043599]
[42.520179, -83.043599]
[42.520179, -83.043599]
[42.520179, -83.043599]
[42.520179, -83.043599]
[42.520179, -83.043599]
[42.520179, -83.043599]
[42.520179, -83.043599]
[42.520179, -83.043599]
[42.520179, -83.043599]
[42.520179, -83.043599]
[42.520179, -83.043599]
[42.520179, -83.043599]
[42.520179, -83.043599]
[42.520179, -83.043599]
[42.520179, -83.043599]
[42.520179, -83.043599]
[42.520179, -83.043599]
[42.520179, -83.043598]
[42.520179, -83.043595]
[42.520179, -83.043592]
[42.520179, -83.043589]
[42.520179, -83.043582]
[42.520179, -83.043579]
[42.520179, -83.043576]
[42.520180, -83.043570]
[42.520180, -83.043563]
[42.520180, -83.043560]
[42.520180, -83.043558]
[42.520180, -83.043558]
[42.520180, -83.043558]
[42.520180, -83.043558]
[42.520180, -83.043558]
[42.520180, -83.043558]
[42.520180, -83.043558]
[42.520180, -83.043558]
[42.520180, -83.043558]
[42.520180, -83.043558]
[42.520180, -83.043558]
[42.520180, -83.043558]
[42.520180, -83.043559]
[42.520180, -83.043559]
[42.520180, -83.043559]
[42.520181, -83.043559]
[42.520181, -83.043559]
[42.520181, -83.043559]
[42.520181, -83.043559]
[42.520181, -83.043559]
[42.520181, -83.043559]
[42.520181, -83.043559]
[42.520181, -83.043559]
[42.520181, -83.043559]
[42.520181, -83.043559]
[42.520181, -83.043559]
[42.520181, -83.043559]
[42.520181, -83.043559]
[42.520181, -83.043559]
[42.520181, -83.043559]
[42.520181, -83.043559]
[42.520181, -83.043559]
[42.520181, -83.043559]
[42.520181, -83.043559]
[42.520181, -83.043559]
[42.520181, -83.043559]
[42.520181, -83.043559]
[42.520181, -83.043559]
[42.520181, -83.043559]
[42.520181, -83.043559]
[42.520181, -83.043559]
[42.520181, -83.043559]
[42.520181, -83.043559]
[42.520181, -83.043559]
[42.520181, -83.043559]
[42.520181, -83.043559]
[42.520181, -83.043559]
[42.520181, -83.043559]
[42.520181, -83.043559]
[42.520181, -83.043559]
[42.520181, -83.043559]
[42.520181, -83.043559]
[42.520181, -83.043559]
[42.520181, -83.043559]
[42.520181, -83.043559]
[42.520181, -83.043559]
[42.520181, -83.043559]
[42.520181, -83.043559]
[42.520181, -83.043559]
[42.520181, -83.043559]
[42.520181, -83.043559]
[42.520181, -83.043559]
[42.520180, -83.043559]
[42.520180, -83.043559]
[42.520180, -83.043559]
[42.520180, -83.043559]
[42.520180, -83.043559]
[42.520180, -83.043559]
[42.520180, -83.043559]
[42.520180, -83.043559]
[42.520180, -83.043559]
[42.520180, -83.043559]
[42.520180, -83.043559]
[42.520180, -83.043559]
[42.520180, -83.043559]
[42.520180, -83.043559]
[42.520180, -83.043559]
[42.520180, -83.043559]
[42.520180, -83.043559]
[42.520180, -83.043559]
[42.520180, -83.043559]
[42.520180, -83.043559]
[42.520180, -83.043559]
[42.520180, -83.043559]
[42.520180, -83.043559]
[42.520180, -83.043559]
[42.520180, -83.043559]
[42.520180, -83.043559]
[42.520180, -83.043559]
[42.520180, -83.043559]
[42.520180, -83.043559]
[42.520180, -83.043559]
[42.520180, -83.043559]
[42.520180, -83.043559]
[42.520180, -83.043559]
[42.520180, -83.043559]
[42.520180, -83.043559]
[42.520180, -83.043559]
[42.520180, -83.043559]
[42.520180, -83.043559]
[42.520180, -83.043559]
[42.520180, -83.043559]
[42.520180, -83.043559]
[42.520180, -83.043559]
[42.520180, -83.043559]
[42.520180, -83.043559]
[42.520180, -83.043559]
[42.520180, -83.043559]
[42.520180, -83.043559]
[42.520180, -83.043559]
[42.520180, -83.043559]
[42.520180, -83.043559]
[42.520180, -83.043559]
[42.520180, -83.043559]
[42.520180, -83.043559]
[42.520180, -83.043559]
[42.520180, -83.043559]
[42.520180, -83.043559]
[42.520180, -83.043559]
[42.520180, -83.043559]
[42.520180, -83.043559]
[42.520180, -83.043559]
[42.520180, -83.043559]
[42.520180, -83.043559]
[42.520180, -83.043559]
[42.520180, -83.043559]
[42.520180, -83.043559]
[42.520180, -83.043559]
[42.520180, -83.043559]
[42.520180, -83.043559]
[42.520180, -83.043559]
[42.520180, -83.043559]
[42.520180, -83.043559]
[42.520180, -83.043559]
[42.520180, -83.043559]
[42.520180, -83.043559]
[42.520180, -83.043559]
[42.520180, -83.043559]
[42.520180, -83.043559]
[42.520179, -83.043559]
[42.520179, -83.043559]
[42.520179, -83.043559]
[42.520179, -83.043559]
[42.520179, -83.043559]
[42.520179, -83.043559]
[42.520179, -83.043559]
[42.520179, -83.043559]
[42.520179, -83.043559]
[42.520179, -83.043559]
[42.520179, -83.043559]
[42.520179, -83.043559]
[42.520179, -83.043559]
[42.520179, -83.043559]
[42.520179, -83.043559]
[42.520179, -83.043559]
[42.520179, -83.043559]
[42.520179, -83.043559]
[42.520179, -83.043559]
[42.520179, -83.043559]
[42.520179, -83.043559]
[42.520179, -83.043559]
[42.520179, -83.043559]
[42.520179, -83.043559]
[42.520179, -83.043559]
[42.520179, -83.043559]
[42.520179, -83.043559]
[42.520179, -83.043559]
[42.520178, -83.043559]
[42.520178, -83.043559]
[42.520178, -83.043559]
[42.520178, -83.043559]
[42.520178, -83.043559]
[42.520178, -83.043559]
[42.520178, -83.043559]
[42.520178, -83.043559]
[42.520178, -83.043559]
[42.520178, -83.043559]
[42.520178, -83.043559]
[42.520178, -83.043559]
[42.520178, -83.043559]
[42.520178, -83.043559]
[42.520178, -83.043559]
[42.520178, -83.043559]
[42.520178, -83.043559]
[42.520178, -83.043559]
[42.520178, -83.043559]
[42.520178, -83.043559]
[42.520178, -83.043559]
[42.520178, -83.043559]
[42.520178, -83.043559]
[42.520178, -83.043559]
[42.520178, -83.043559]
[42.520178, -83.043559]
[42.520178, -83.043559]
[42.520178, -83.043559]
[42.520178, -83.043559]
[42.520178, -83.043559]
[42.520178, -83.043559]
[42.520178, -83.043559]
[42.520178, -83.043559]
[42.520178, -83.043559]
[42.520178, -83.043559]
[42.520178, -83.043559]
[42.520178, -83.043559]
[42.520178, -83.043559]
[42.520178, -83.043559]
[42.520178, -83.043559]
[42.520178, -83.043559]
[42.520178, -83.043559]
[42.520178, -83.043559]
[42.520178, -83.043559]
--start execution--
--stop execution--
[42.520294, -83.043388]
[42.520294, -83.043388]
[42.520294, -83.043388]
[42.520294, -83.043388]
[42.520294, -83.043388]
[42.520294, -83.043388]
[42.520294, -83.043388]
[42.520294, -83.043388]
[42.520294, -83.043388]
[42.520294, -83.043388]
[42.520294, -83.043388]
[42.520294, -83.043388]
[42.520294, -83.043388]
[42.520294, -83.043388]
--stop execution--
[42.520294, -83.043388]
[42.520294, -83.043388]
[42.520294, -83.043388]
[42.520294, -83.043388]
[42.520294, -83.043388]
[42.520294, -83.043388]
[42.520294, -83.043388]
[42.520294, -83.043388]
[42.520294, -83.043388]
[42.520294, -83.043388]
[42.520295, -83.043388]
[42.520295, -83.043388]
[42.520295, -83.043388]
[42.520295, -83.043388]
[42.520295, -83.043388]
[42.520295, -83.043388]
[42.520295, -83.043388]
[42.520295, -83.043388]
[42.520295, -83.043387]
[42.520295, -83.043387]
[42.520295, -83.043387]
[42.520295, -83.043387]
[42.520295, -83.043387]
[42.520295, -83.043387]
[42.520295, -83.043387]
[42.520295, -83.043387]
[42.520295, -83.043387]
[42.520295, -83.043387]
[42.520295, -83.043387]
[42.520295, -83.043387]
[42.520295, -83.043387]
[42.520295, -83.043387]
[42.520295, -83.043387]
[42.520295, -83.043387]
[42.520295, -83.043387]
[42.520295, -83.043387]
[42.520295, -83.043387]
[42.520295, -83.043387]
[42.520295, -83.043387]
[42.520295, -83.043387]
[42.520296, -83.043387]
[42.520296, -83.043387]
[42.520296, -83.043387]
[42.520296, -83.043387]
[42.520296, -83.043387]
[42.520296, -83.043387]
[42.520296, -83.043387]
[42.520296, -83.043387]
[42.520296, -83.043387]
[42.520296, -83.043387]
[42.520296, -83.043387]
[42.520296, -83.043387]
[42.520296, -83.043387]
[42.520296, -83.043387]
[42.520296, -83.043387]
[42.520296, -83.043387]
[42.520296, -83.043387]
[42.520296, -83.043387]
[42.520296, -83.043388]
[42.520296, -83.043388]
[42.520296, -83.043388]
[42.520296, -83.043388]
[42.520296, -83.043388]
[42.520296, -83.043388]
[42.520296, -83.043388]
[42.520296, -83.043388]
[42.520296, -83.043388]
[42.520296, -83.043388]
[42.520296, -83.043388]
[42.520296, -83.043388]
[42.520296, -83.043388]
[42.520296, -83.043388]
[42.520296, -83.043388]
[42.520296, -83.043388]
[42.520296, -83.043388]
[42.520296, -83.043388]
[42.520296, -83.043388]
[42.520296, -83.043388]
[42.520296, -83.043388]
[42.520296, -83.043388]
[42.520296, -83.043388]
[42.520296, -83.043388]
[42.520296, -83.043388]
[42.520296, -83.043388]
[42.520296, -83.043388]
[42.520296, -83.043388]
[42.520296, -83.043388]
[42.520296, -83.043388]
[42.520296, -83.043388]
[42.520296, -83.043388]
[42.520296, -83.043388]
[42.520296, -83.043388]
[42.520296, -83.043388]
[42.520296, -83.043388]
[42.520296, -83.043388]
[42.520296, -83.043388]
[42.520296, -83.043388]
[42.520296, -83.043388]
[42.520296, -83.043388]
[42.520296, -83.043388]
[42.520296, -83.043388]
[42.520296, -83.043388]
[42.520296, -83.043388]
[42.520296, -83.043388]
[42.520296, -83.043388]
[42.520296, -83.043388]
[42.520297, -83.043388]
[42.520297, -83.043388]
[42.520297, -83.043388]
[42.520297, -83.043388]
[42.520297, -83.043388]
[42.520297, -83.043388]
[42.520297, -83.043388]
[42.520297, -83.043388]
[42.520297, -83.043388]
[42.520297, -83.043388]
[42.520297, -83.043388]
[42.520297, -83.043388]
[42.520297, -83.043388]
[42.520297, -83.043388]
[42.520297, -83.043388]
[42.520297, -83.043388]
[42.520297, -83.043388]
[42.520297, -83.043388]
[42.520297, -83.043388]
[42.520297, -83.043388]
[42.520297, -83.043388]
[42.520297, -83.043388]
[42.520297, -83.043388]
[42.520297, -83.043388]
[42.520297, -83.043388]
[42.520297, -83.043388]
[42.520297, -83.043388]
[42.520297, -83.043388]
[42.520297, -83.043388]
[42.520297, -83.043388]
[42.520297, -83.043388]
[42.520297, -83.043388]
[42.520297, -83.043388]
[42.520297, -83.043388]
[42.520297, -83.043388]
[42.520297, -83.043388]
[42.520297, -83.043388]
[42.520297, -83.043388]
[42.520297, -83.043388]
[42.520297, -83.043388]
[42.520297, -83.043388]
[42.520297, -83.043388]
[42.520297, -83.043388]
[42.520297, -83.043388]
[42.520297, -83.043388]
[42.520297, -83.043388]
[42.520297, -83.043388]
[42.520297, -83.043388]
[42.520297, -83.043388]
[42.520297, -83.043388]
[42.520297, -83.043388]
[42.520297, -83.043388]
[42.520297, -83.043388]
[42.520297, -83.043388]
[42.520297, -83.043388]
[42.520297, -83.043388]
[42.520297, -83.043388]
[42.520298, -83.043388]
[42.520298, -83.043388]
[42.520298, -83.043389]
[42.520298, -83.043389]
[42.520298, -83.043389]
[42.520298, -83.043389]
[42.520298, -83.043389]
[42.520298, -83.043389]
[42.520298, -83.043389]
[42.520298, -83.043389]
[42.520298, -83.043389]
[42.520298, -83.043389]
[42.520298, -83.043389]
[42.520298, -83.043389]
[42.520298, -83.043389]
[42.520298, -83.043389]
[42.520298, -83.043389]
[42.520298, -83.043389]
[42.520298, -83.043389]
[42.520298, -83.043389]
[42.520298, -83.043389]
[42.520298, -83.043389]
[42.520299, -83.043389]
[42.520299, -83.043389]
[42.520299, -83.043389]
[42.520299, -83.043389]
[42.520299, -83.043389]
[42.520299, -83.043389]
[42.520299, -83.043389]
[42.520299, -83.043389]
[42.520299, -83.043389]
[42.520299, -83.043389]
[42.520299, -83.043389]
[42.520299, -83.043389]
[42.520299, -83.043389]
[42.520299, -83.043389]
[42.520299, -83.043389]
[42.520299, -83.043389]
[42.520299, -83.043389]
[42.520299, -83.043389]
[42.520299, -83.043389]
[42.520299, -83.043389]
[42.520299, -83.043389]
[42.520299, -83.043389]
[42.520299, -83.043389]
[42.520299, -83.043389]
[42.520299, -83.043389]
[42.520299, -83.043389]
[42.520299, -83.043389]
[42.520299, -83.043389]
[42.520299, -83.043389]
[42.520299, -83.043389]
[42.520299, -83.043389]
[42.520299, -83.043389]
[42.520299, -83.043389]
[42.520299, -83.043389]
[42.520299, -83.043389]
[42.520299, -83.043389]
[42.520299, -83.043389]
[42.520299, -83.043389]
[42.520298, -83.043389]
[42.520298, -83.043389]
[42.520298, -83.043389]
[42.520298, -83.043389]
[42.520298, -83.043389]
[42.520298, -83.043389]
[42.520298, -83.043389]
[42.520298, -83.043389]
[42.520298, -83.043389]
[42.520298, -83.043389]
[42.520298, -83.043389]
[42.520298, -83.043389]
[42.520298, -83.043389]
[42.520298, -83.043389]
[42.520298, -83.043390]
[42.520298, -83.043390]
[42.520298, -83.043390]
[42.520298, -83.043390]
[42.520298, -83.043390]
[42.520298, -83.043390]
[42.520298, -83.043390]
[42.520298, -83.043390]
[42.520298, -83.043390]
[42.520298, -83.043390]
[42.520298, -83.043390]
[42.520298, -83.043390]
[42.520298, -83.043390]
[42.520298, -83.043390]
[42.520298, -83.043390]
[42.520297, -83.043390]
[42.520297, -83.043390]
[42.520297, -83.043390]
[42.520297, -83.043390]
[42.520297, -83.043390]
[42.520297, -83.043390]
[42.520297, -83.043390]
[42.520297, -83.043390]
[42.520297, -83.043390]
[42.520297, -83.043390]
[42.520297, -83.043390]
[42.520297, -83.043390]
[42.520297, -83.043390]
[42.520297, -83.043390]
[42.520297, -83.043390]
[42.520297, -83.043390]
[42.520297, -83.043390]
[42.520297, -83.043390]
[42.520297, -83.043390]
[42.520297, -83.043390]
[42.520297, -83.043390]
[42.520297, -83.043390]
[42.520297, -83.043390]
[42.520297, -83.043390]
[42.520297, -83.043390]
[42.520297, -83.043390]
[42.520297, -83.043390]
[42.520297, -83.043390]
[42.520297, -83.043390]
[42.520297, -83.043390]
[42.520297, -83.043390]
[42.520297, -83.043390]
[42.520297, -83.043390]
[42.520297, -83.043391]
[42.520297, -83.043391]
[42.520297, -83.043391]
[42.520297, -83.043391]
[42.520297, -83.043391]
[42.520297, -83.043391]
[42.520297, -83.043391]
[42.520297, -83.043391]
[42.520296, -83.043391]
[42.520296, -83.043391]
[42.520296, -83.043391]
[42.520296, -83.043391]
[42.520296, -83.043391]
[42.520296, -83.043391]
[42.520296, -83.043391]
[42.520296, -83.043391]
[42.520296, -83.043391]
[42.520296, -83.043391]
[42.520296, -83.043391]
[42.520296, -83.043391]
[42.520296, -83.043391]
[42.520296, -83.043391]
[42.520296, -83.043391]
[42.520296, -83.043391]
[42.520296, -83.043391]
[42.520296, -83.043391]
[42.520296, -83.043391]
[42.520296, -83.043391]
[42.520296, -83.043391]
[42.520296, -83.043391]
[42.520296, -83.043391]
[42.520296, -83.043391]
[42.520296, -83.043391]
[42.520296, -83.043391]
[42.520296, -83.043391]
[42.520296, -83.043391]
[42.520296, -83.043391]
[42.520296, -83.043391]
[42.520296, -83.043391]
[42.520296, -83.043391]
[42.520296, -83.043391]
[42.520296, -83.043391]
[42.520296, -83.043391]
[42.520296, -83.043391]
[42.520296, -83.043391]
[42.520296, -83.043391]
[42.520296, -83.043391]
[42.520296, -83.043391]
[42.520296, -83.043391]
[42.520296, -83.043391]
[42.520296, -83.043391]
[42.520296, -83.043391]
[42.520296, -83.043391]
[42.520296, -83.043391]
[42.520296, -83.043391]
[42.520296, -83.043391]
[42.520295, -83.043390]
[42.520295, -83.043390]
[42.520295, -83.043390]
[42.520295, -83.043390]
[42.520295, -83.043390]
[42.520295, -83.043390]
[42.520295, -83.043390]
[42.520295, -83.043390]
[42.520295, -83.043390]
[42.520295, -83.043390]
[42.520295, -83.043390]
[42.520295, -83.043390]
[42.520295, -83.043390]
[42.520295, -83.043390]
[42.520295, -83.043390]
[42.520295, -83.043390]
[42.520295, -83.043390]
[42.520295, -83.043390]
[42.520295, -83.043390]
[42.520295, -83.043390]
[42.520295, -83.043390]
[42.520295, -83.043390]
[42.520295, -83.043390]
[42.520295, -83.043390]
[42.520295, -83.043390]
[42.520295, -83.043390]
[42.520295, -83.043390]
[42.520295, -83.043390]
[42.520295, -83.043390]
[42.520295, -83.043390]
[42.520295, -83.043390]
[42.520295, -83.043390]
[42.520295, -83.043390]
[42.520295, -83.043390]
[42.520295, -83.043390]
[42.520295, -83.043390]
[42.520295, -83.043390]
[42.520295, -83.043390]
[42.520295, -83.043390]
[42.520295, -83.043390]
[42.520295, -83.043390]
[42.520295, -83.043390]
[42.520295, -83.043390]
[42.520295, -83.043390]
[42.520295, -83.043390]
[42.520295, -83.043390]
[42.520295, -83.043390]
[42.520295, -83.043390]
[42.520295, -83.043390]
[42.520295, -83.043390]
[42.520295, -83.043390]
[42.520295, -83.043390]
[42.520295, -83.043390]
[42.520295, -83.043390]
[42.520295, -83.043390]
[42.520295, -83.043390]
[42.520295, -83.043390]
[42.520295, -83.043390]
[42.520295, -83.043390]
[42.520295, -83.043390]
[42.520295, -83.043390]
[42.520295, -83.043390]
[42.520295, -83.043390]
[42.520295, -83.043390]
[42.520295, -83.043390]
[42.520295, -83.043390]
[42.520295, -83.043390]
[42.520295, -83.043390]
[42.520295, -83.043390]
[42.520295, -83.043390]
[42.520295, -83.043390]
[42.520295, -83.043390]
[42.520295, -83.043390]
[42.520295, -83.043390]
[42.520295, -83.043390]
[42.520295, -83.043390]
[42.520295, -83.043390]
[42.520295, -83.043390]
[42.520295, -83.043390]
[42.520295, -83.043390]
[42.520295, -83.043390]
[42.520295, -83.043390]
[42.520295, -83.043390]
[42.520295, -83.043390]
[42.520295, -83.043390]
[42.520295, -83.043390]
[42.520295, -83.043390]
[42.520295, -83.043390]
[42.520295, -83.043390]
[42.520296, -83.043391]
[42.520296, -83.043391]
[42.520296, -83.043391]
[42.520296, -83.043391]
[42.520296, -83.043391]
[42.520296, -83.043391]
[42.520296, -83.043391]
[42.520296, -83.043391]
[42.520296, -83.043391]
[42.520296, -83.043391]
[42.520296, -83.043391]
[42.520296, -83.043391]
[42.520296, -83.043391]
[42.520296, -83.043391]
[42.520296, -83.043391]
[42.520296, -83.043391]
[42.520296, -83.043391]
[42.520296, -83.043391]
[42.520296, -83.043391]
[42.520296, -83.043391]
[42.520296, -83.043391]
[42.520296, -83.043391]
[42.520296, -83.043391]
[42.520296, -83.043391]
[42.520296, -83.043391]
[42.520296, -83.043391]
[42.520296, -83.043391]
[42.520296, -83.043391]
[42.520296, -83.043391]
[42.520296, -83.043391]
[42.520296, -83.043391]
[42.520296, -83.043391]
[42.520296, -83.043391]
[42.520296, -83.043391]
[42.520296, -83.043392]
[42.520296, -83.043392]
[42.520296, -83.043392]
[42.520296, -83.043392]
[42.520296, -83.043392]
[42.520296, -83.043392]
[42.520296, -83.043392]
[42.520296, -83.043392]
[42.520296, -83.043392]
[42.520296, -83.043392]
[42.520296, -83.043392]
[42.520296, -83.043392]
[42.520296, -83.043392]
[42.520296, -83.043392]
[42.520294, -83.043392]
[42.520294, -83.043392]
[42.520293, -83.043392]
[42.520292, -83.043392]
[42.520291, -83.043392]
[42.520289, -83.043392]
[42.520288, -83.043392]
[42.520286, -83.043392]
[42.520284, -83.043392]
[42.520284, -83.043392]
[42.520280, -83.043391]
[42.520278, -83.043391]
[42.520272, -83.043391]
[42.520272, -83.043391]
[42.520272, -83.043391]
[42.520267, -83.043391]
[42.520265, -83.043392]
[42.520262, -83.043392]
[42.520260, -83.043393]
[42.520258, -83.043394]
[42.520255, -83.043395]
[42.520253, -83.043396]
[42.520251, -83.043397]
[42.520249, -83.043398]
[42.520247, -83.043400]
[42.520245, -83.043402]
[42.520243, -83.043403]
[42.520239, -83.043407]
[42.520239, -83.043407]
[42.520239, -83.043407]
[42.520236, -83.043411]
[42.520234, -83.043413]
[42.520231, -83.043418]
[42.520231, -83.043418]
[42.520231, -83.043418]
[42.520228, -83.043423]
[42.520227, -83.043426]
[42.520224, -83.043431]
[42.520224, -83.043431]
[42.520223, -83.043434]
[42.520220, -83.043440]
[42.520220, -83.043440]
[42.520218, -83.043445]
[42.520218, -83.043445]
[42.520218, -83.043445]
[42.520215, -83.043451]
[42.520214, -83.043454]
[42.520213, -83.043457]
[42.520211, -83.043463]
[42.520211, -83.043463]
[42.520210, -83.043466]
[42.520209, -83.043469]
[42.520206, -83.043475]
[42.520206, -83.043475]
[42.520205, -83.043478]
[42.520204, -83.043481]
[42.520203, -83.043484]
[42.520201, -83.043487]
[42.520199, -83.043493]
[42.520199, -83.043493]
[42.520198, -83.043496]
[42.520197, -83.043499]
[42.520195, -83.043504]
[42.520195, -83.043504]
[42.520194, -83.043508]
[42.520193, -83.043510]
[42.520193, -83.043514]
[42.520191, -83.043520]
[42.520191, -83.043520]
[42.520191, -83.043523]
[42.520190, -83.043529]
[42.520190, -83.043529]
[42.520188, -83.043535]
[42.520188, -83.043535]
[42.520187, -83.043538]
[42.520187, -83.043541]
[42.520186, -83.043543]
[42.520184, -83.043551]
[42.520184, -83.043551]
[42.520184, -83.043551]
[42.520182, -83.043555]
[42.520182, -83.043555]
[42.520181, -83.043559]
[42.520181, -83.043559]
[42.520181, -83.043560]
[42.520181, -83.043561]
[42.520181, -83.043562]
[42.520181, -83.043563]
[42.520181, -83.043563]
[42.520180, -83.043564]
[42.520180, -83.043564]
[42.520180, -83.043565]
[42.520180, -83.043567]
[42.520180, -83.043567]
[42.520179, -83.043568]
[42.520179, -83.043569]
[42.520179, -83.043569]
[42.520179, -83.043570]
[42.520179, -83.043571]
[42.520179, -83.043571]
[42.520179, -83.043572]
[42.520179, -83.043573]
[42.520179, -83.043573]
[42.520179, -83.043573]
[42.520179, -83.043573]
[42.520179, -83.043573]
[42.520179, -83.043573]
[42.520179, -83.043573]
[42.520179, -83.043573]
[42.520179, -83.043573]
[42.520178, -83.043573]
[42.520178, -83.043573]
[42.520178, -83.043573]
[42.520178, -83.043573]
[42.520178, -83.043573]
[42.520178, -83.043573]
[42.520178, -83.043573]
[42.520178, -83.043573]
[42.520178, -83.043573]
[42.520178, -83.043573]
[42.520178, -83.043573]
[42.520178, -83.043573]
[42.520178, -83.043573]
[42.520178, -83.043573]
[42.520178, -83.043573]
[42.520178, -83.043573]
[42.520178, -83.043573]
[42.520178, -83.043573]
[42.520178, -83.043572]
[42.520178, -83.043572]
[42.520178, -83.043572]
[42.520178, -83.043572]
[42.520178, -83.043572]
[42.520178, -83.043572]
[42.520178, -83.043572]
[42.520178, -83.043572]
[42.520178, -83.043572]
[42.520178, -83.043572]
[42.520178, -83.043572]
[42.520178, -83.043572]
[42.520178, -83.043572]
[42.520178, -83.043571]
[42.520178, -83.043571]
[42.520178, -83.043571]
[42.520178, -83.043568]
[42.520178, -83.043566]
[42.520178, -83.043564]
[42.520178, -83.043562]
[42.520178, -83.043556]
[42.520178, -83.043556]
[42.520178, -83.043551]
[42.520178, -83.043548]
[42.520178, -83.043542]
[42.520178, -83.043542]
[42.520178, -83.043535]
[42.520178, -83.043532]
[42.520178, -83.043525]
[42.520178, -83.043525]
[42.520178, -83.043522]
[42.520178, -83.043522]
[42.520178, -83.043523]
[42.520178, -83.043523]
[42.520178, -83.043523]
[42.520178, -83.043523]
[42.520178, -83.043522]
[42.520178, -83.043522]
[42.520178, -83.043522]
[42.520178, -83.043522]
[42.520178, -83.043522]
[42.520178, -83.043522]
[42.520178, -83.043522]
[42.520178, -83.043522]
[42.520179, -83.043522]
[42.520179, -83.043522]
[42.520179, -83.043522]
[42.520179, -83.043522]
[42.520179, -83.043522]
[42.520179, -83.043522]
[42.520179, -83.043522]
[42.520179, -83.043522]
[42.520179, -83.043522]
[42.520179, -83.043522]
[42.520179, -83.043522]
[42.520179, -83.043522]
[42.520179, -83.043522]
[42.520179, -83.043522]
[42.520179, -83.043522]
[42.520179, -83.043522]
[42.520179, -83.043522]
[42.520179, -83.043522]
[42.520179, -83.043522]
[42.520179, -83.043522]
[42.520179, -83.043522]
[42.520179, -83.043522]
[42.520179, -83.043522]
[42.520179, -83.043522]
[42.520179, -83.043522]
[42.520179, -83.043522]
[42.520179, -83.043522]
[42.520179, -83.043522]
[42.520179, -83.043522]
[42.520179, -83.043522]
[42.520179, -83.043522]
[42.520179, -83.043522]
[42.520179, -83.043522]
[42.520179, -83.043522]
[42.520179, -83.043522]
[42.520179, -83.043522]
[42.520179, -83.043522]
[42.520179, -83.043522]
[42.520179, -83.043522]
[42.520179, -83.043522]
[42.520179, -83.043522]
[42.520179, -83.043522]
[42.520179, -83.043522]
[42.520179, -83.043522]
[42.520179, -83.043522]
[42.520179, -83.043522]
[42.520179, -83.043522]
[42.520179, -83.043522]
[42.520179, -83.043522]
[42.520179, -83.043522]
[42.520179, -83.043522]
[42.520179, -83.043522]
[42.520180, -83.043522]
[42.520180, -83.043522]
[42.520180, -83.043522]
[42.520180, -83.043522]
[42.520180, -83.043522]
[42.520180, -83.043522]
[42.520180, -83.043522]
[42.520180, -83.043522]
[42.520180, -83.043522]
[42.520180, -83.043522]
[42.520180, -83.043522]
[42.520180, -83.043522]
[42.520180, -83.043522]
[42.520180, -83.043522]
[42.520180, -83.043522]
[42.520180, -83.043522]
[42.520180, -83.043522]
[42.520180, -83.043522]
[42.520180, -83.043522]
[42.520180, -83.043523]
[42.520180, -83.043523]
[42.520180, -83.043523]
[42.520180, -83.043523]
[42.520180, -83.043523]
[42.520180, -83.043523]
[42.520180, -83.043523]
[42.520180, -83.043523]
[42.520180, -83.043523]
[42.520180, -83.043523]
[42.520180, -83.043523]
[42.520181, -83.043523]
[42.520181, -83.043523]
[42.520181, -83.043523]
[42.520181, -83.043523]
[42.520181, -83.043523]
[42.520181, -83.043523]
[42.520181, -83.043523]
[42.520181, -83.043523]
[42.520181, -83.043523]
[42.520181, -83.043523]
[42.520181, -83.043523]
[42.520181, -83.043523]
[42.520181, -83.043523]
[42.520181, -83.043524]
[42.520181, -83.043524]
[42.520181, -83.043524]
[42.520181, -83.043524]
[42.520181, -83.043524]
[42.520181, -83.043524]
[42.520181, -83.043524]
[42.520181, -83.043524]
[42.520181, -83.043524]
[42.520181, -83.043524]
[42.520181, -83.043524]
[42.520181, -83.043524]
[42.520181, -83.043524]
[42.520181, -83.043524]
[42.520181, -83.043524]
[42.520181, -83.043524]
[42.520181, -83.043524]
[42.520181, -83.043524]
[42.520181, -83.043524]
[42.520181, -83.043524]
[42.520181, -83.043524]
[42.520181, -83.043524]
[42.520181, -83.043525]
[42.520181, -83.043525]
[42.520181, -83.043525]
[42.520181, -83.043525]
[42.520181, -83.043525]
[42.520181, -83.043525]
[42.520181, -83.043525]
[42.520181, -83.043525]
[42.520181, -83.043525]
[42.520181, -83.043525]
[42.520181, -83.043525]
[42.520181, -83.043525]
[42.520181, -83.043525]
[42.520181, -83.043525]
[42.520181, -83.043525]
[42.520181, -83.043525]
[42.520181, -83.043525]
[42.520181, -83.043525]
[42.520181, -83.043525]
[42.520181, -83.043525]
[42.520181, -83.043525]
[42.520181, -83.043525]
[42.520181, -83.043526]
[42.520181, -83.043526]
[42.520181, -83.043526]
[42.520181, -83.043526]
[42.520181, -83.043526]
[42.520181, -83.043526]
[42.520181, -83.043526]
[42.520181, -83.043526]
[42.520181, -83.043526]
[42.520181, -83.043526]
[42.520181, -83.043526]
[42.520181, -83.043526]
[42.520180, -83.043526]
[42.520180, -83.043526]
[42.520180, -83.043526]
[42.520180, -83.043526]
[42.520180, -83.043526]
[42.520180, -83.043526]
[42.520180, -83.043526]
[42.520180, -83.043526]
[42.520180, -83.043526]
[42.520180, -83.043526]
[42.520180, -83.043525]
[42.520180, -83.043525]
[42.520180, -83.043525]
[42.520180, -83.043525]
[42.520180, -83.043525]
[42.520180, -83.043525]
[42.520180, -83.043525]
[42.520180, -83.043525]
[42.520180, -83.043525]
[42.520180, -83.043525]
[42.520180, -83.043525]
[42.520180, -83.043525]
[42.520180, -83.043525]
[42.520180, -83.043525]
[42.520180, -83.043525]
[42.520180, -83.043525]
[42.520180, -83.043525]
[42.520180, -83.043525]
[42.520180, -83.043525]
[42.520180, -83.043525]
[42.520180, -83.043525]
[42.520180, -83.043525]
[42.520179, -83.043525]
[42.520179, -83.043525]
[42.520179, -83.043525]
[42.520179, -83.043525]
[42.520179, -83.043525]
[42.520179, -83.043525]
[42.520179, -83.043525]
[42.520179, -83.043525]
[42.520179, -83.043525]
[42.520179, -83.043525]
[42.520179, -83.043525]
[42.520179, -83.043525]
[42.520179, -83.043525]
[42.520179, -83.043525]
[42.520179, -83.043525]
[42.520179, -83.043525]
[42.520179, -83.043525]
[42.520179, -83.043525]
[42.520179, -83.043525]
[42.520179, -83.043525]
[42.520179, -83.043525]
[42.520179, -83.043524]
[42.520179, -83.043524]
[42.520179, -83.043524]
[42.520179, -83.043524]
[42.520179, -83.043524]
[42.520179, -83.043524]
[42.520179, -83.043524]
[42.520179, -83.043524]
[42.520179, -83.043524]
[42.520179, -83.043524]
[42.520179, -83.043524]
[42.520179, -83.043524]
[42.520179, -83.043524]
[42.520179, -83.043524]
[42.520179, -83.043524]
[42.520179, -83.043524]
[42.520179, -83.043524]
[42.520179, -83.043524]
--start execution--
--stop execution--
[42.520298, -83.043388]
[42.520298, -83.043388]
[42.520298, -83.043388]
[42.520298, -83.043388]
[42.520298, -83.043388]
[42.520298, -83.043388]
[42.520298, -83.043388]
[42.520298, -83.043388]
[42.520298, -83.043388]
--stop execution--
[42.520298, -83.043388]
[42.520298, -83.043388]
[42.520298, -83.043388]
[42.520298, -83.043388]
[42.520298, -83.043388]
[42.520298, -83.043388]
[42.520298, -83.043388]
[42.520298, -83.043388]
[42.520298, -83.043388]
--stop execution--
[42.520298, -83.043388]
[42.520298, -83.043388]
[42.520298, -83.043388]
[42.520298, -83.043388]
[42.520298, -83.043388]
[42.520298, -83.043388]
[42.520298, -83.043388]
[42.520298, -83.043388]
[42.520298, -83.043388]
[42.520298, -83.043388]
[42.520298, -83.043388]
[42.520298, -83.043388]
[42.520298, -83.043388]
[42.520298, -83.043388]
[42.520298, -83.043388]
[42.520298, -83.043388]
[42.520298, -83.043388]
[42.520299, -83.043388]
[42.520299, -83.043388]
[42.520299, -83.043388]
[42.520299, -83.043388]
[42.520299, -83.043388]
[42.520299, -83.043388]
[42.520299, -83.043388]
[42.520299, -83.043388]
[42.520299, -83.043388]
[42.520299, -83.043388]
[42.520299, -83.043388]
[42.520299, -83.043388]
[42.520299, -83.043388]
[42.520299, -83.043388]
[42.520299, -83.043388]
[42.520299, -83.043388]
[42.520299, -83.043388]
[42.520299, -83.043388]
[42.520299, -83.043388]
[42.520299, -83.043388]
[42.520299, -83.043388]
[42.520299, -83.043388]
[42.520299, -83.043388]
[42.520299, -83.043388]
[42.520299, -83.043388]
[42.520299, -83.043388]
[42.520300, -83.043388]
[42.520300, -83.043388]
[42.520300, -83.043388]
[42.520300, -83.043388]
[42.520300, -83.043388]
[42.520300, -83.043388]
[42.520300, -83.043388]
[42.520300, -83.043388]
[42.520300, -83.043388]
[42.520300, -83.043388]
[42.520300, -83.043388]
[42.520300, -83.043388]
[42.520300, -83.043388]
[42.520300, -83.043388]
[42.520300, -83.043388]
[42.520300, -83.043388]
[42.520300, -83.043388]
[42.520300, -83.043388]
[42.520300, -83.043388]
[42.520300, -83.043388]
[42.520300, -83.043388]
[42.520300, -83.043388]
[42.520300, -83.043388]
[42.520300, -83.043388]
[42.520300, -83.043388]
[42.520300, -83.043388]
[42.520300, -83.043388]
[42.520300, -83.043388]
[42.520300, -83.043388]
[42.520300, -83.043388]
[42.520300, -83.043388]
[42.520300, -83.043388]
[42.520300, -83.043388]
[42.520300, -83.043388]
[42.520300, -83.043388]
[42.520300, -83.043388]
[42.520300, -83.043388]
[42.520300, -83.043388]
[42.520300, -83.043388]
[42.520300, -83.043388]
[42.520300, -83.043387]
[42.520300, -83.043387]
[42.520300, -83.043387]
[42.520300, -83.043387]
[42.520300, -83.043387]
[42.520300, -83.043387]
[42.520300, -83.043387]
[42.520300, -83.043387]
[42.520300, -83.043387]
[42.520300, -83.043387]
[42.520300, -83.043387]
[42.520300, -83.043387]
[42.520300, -83.043387]
[42.520300, -83.043387]
[42.520300, -83.043387]
[42.520300, -83.043387]
[42.520300, -83.043387]
[42.520300, -83.043387]
[42.520300, -83.043387]
[42.520300, -83.043387]
[42.520300, -83.043387]
[42.520300, -83.043387]
[42.520300, -83.043387]
[42.520300, -83.043387]
[42.520300, -83.043387]
[42.520300, -83.043387]
[42.520300, -83.043387]
[42.520300, -83.043387]
[42.520300, -83.043387]
[42.520300, -83.043387]
[42.520300, -83.043387]
[42.520300, -83.043387]
[42.520300, -83.043387]
[42.520300, -83.043387]
[42.520300, -83.043387]
[42.520300, -83.043387]
[42.520300, -83.043387]
[42.520300, -83.043387]
[42.520300, -83.043387]
[42.520300, -83.043387]
[42.520300, -83.043387]
[42.520300, -83.043387]
[42.520300, -83.043387]
[42.520300, -83.043387]
[42.520300, -83.043387]
[42.520300, -83.043387]
[42.520300, -83.043387]
[42.520300, -83.043387]
[42.520300, -83.043387]
[42.520300, -83.043387]
[42.520300, -83.043387]
[42.520300, -83.043387]
[42.520300, -83.043387]
[42.520300, -83.043387]
[42.520300, -83.043387]
[42.520300, -83.043387]
[42.520300, -83.043387]
[42.520300, -83.043387]
[42.520300, -83.043387]
[42.520300, -83.043387]
[42.520300, -83.043387]
[42.520300, -83.043387]
[42.520300, -83.043387]
[42.520300, -83.043386]
[42.520300, -83.043386]
[42.520300, -83.043386]
[42.520300, -83.043386]
[42.520300, -83.043386]
[42.520300, -83.043386]
[42.520300, -83.043386]
[42.520300, -83.043386]
[42.520300, -83.043386]
[42.520300, -83.043386]
[42.520300, -83.043386]
[42.520300, -83.043386]
[42.520300, -83.043386]
[42.520300, -83.043386]
[42.520300, -83.043386]
[42.520300, -83.043386]
[42.520300, -83.043386]
[42.520300, -83.043386]
[42.520300, -83.043386]
[42.520300, -83.043386]
[42.520300, -83.043386]
[42.520300, -83.043386]
[42.520300, -83.043386]
[42.520300, -83.043386]
[42.520300, -83.043386]
[42.520300, -83.043386]
[42.520300, -83.043386]
[42.520300, -83.043386]
[42.520300, -83.043386]
[42.520300, -83.043386]
[42.520300, -83.043386]
[42.520300, -83.043386]
[42.520300, -83.043386]
[42.520300, -83.043386]
[42.520300, -83.043386]
[42.520300, -83.043386]
[42.520300, -83.043386]
[42.520300, -83.043386]
[42.520300, -83.043386]
[42.520300, -83.043386]
[42.520300, -83.043386]
[42.520300, -83.043386]
[42.520300, -83.043386]
[42.520300, -83.043386]
[42.520300, -83.043386]
[42.520300, -83.043386]
[42.520300, -83.043386]
[42.520300, -83.043386]
[42.520300, -83.043386]
[42.520300, -83.043386]
[42.520300, -83.043386]
[42.520300, -83.043386]
[42.520300, -83.043386]
[42.520300, -83.043385]
[42.520300, -83.043385]
[42.520300, -83.043385]
[42.520300, -83.043385]
[42.520300, -83.043385]
[42.520300, -83.043385]
[42.520300, -83.043385]
[42.520300, -83.043385]
[42.520300, -83.043385]
[42.520300, -83.043385]
[42.520300, -83.043385]
[42.520300, -83.043385]
[42.520300, -83.043385]
[42.520300, -83.043385]
[42.520300, -83.043385]
[42.520300, -83.043385]
[42.520300, -83.043385]
[42.520300, -83.043385]
[42.520300, -83.043385]
[42.520300, -83.043385]
[42.520300, -83.043385]
[42.520300, -83.043385]
[42.520300, -83.043385]
[42.520300, -83.043385]
[42.520300, -83.043385]
[42.520300, -83.043385]
[42.520300, -83.043385]
[42.520300, -83.043385]
[42.520300, -83.043385]
[42.520300, -83.043385]
[42.520300, -83.043385]
[42.520300, -83.043385]
[42.520300, -83.043385]
[42.520300, -83.043385]
[42.520300, -83.043385]
[42.520300, -83.043385]
[42.520300, -83.043385]
[42.520300, -83.043385]
[42.520300, -83.043385]
[42.520300, -83.043385]
[42.520300, -83.043385]
[42.520300, -83.043385]
[42.520300, -83.043385]
[42.520300, -83.043385]
[42.520300, -83.043385]
[42.520300, -83.043385]
[42.520300, -83.043385]
[42.520300, -83.043385]
[42.520300, -83.043385]
[42.520300, -83.043385]
[42.520300, -83.043385]
[42.520300, -83.043385]
[42.520300, -83.043385]
[42.520300, -83.043385]
[42.520300, -83.043385]
[42.520300, -83.043385]
[42.520300, -83.043385]
[42.520300, -83.043385]
[42.520300, -83.043385]
[42.520300, -83.043385]
[42.520300, -83.043385]
[42.520300, -83.043385]
[42.520300, -83.043385]
[42.520300, -83.043385]
[42.520300, -83.043385]
[42.520300, -83.043385]
[42.520300, -83.043385]
[42.520300, -83.043385]
[42.520299, -83.043385]
[42.520299, -83.043385]
[42.520299, -83.043385]
[42.520299, -83.043385]
[42.520299, -83.043385]
[42.520299, -83.043385]
[42.520299, -83.043385]
[42.520299, -83.043385]
[42.520299, -83.043385]
[42.520299, -83.043385]
[42.520299, -83.043385]
[42.520299, -83.043385]
[42.520299, -83.043385]
[42.520299, -83.043385]
[42.520299, -83.043385]
[42.520299, -83.043385]
[42.520299, -83.043385]
[42.520299, -83.043385]
[42.520299, -83.043385]
[42.520299, -83.043385]
[42.520299, -83.043385]
[42.520300, -83.043385]
[42.520300, -83.043385]
[42.520300, -83.043385]
[42.520300, -83.043385]
[42.520300, -83.043385]
[42.520300, -83.043385]
[42.520300, -83.043385]
[42.520300, -83.043385]
[42.520300, -83.043385]
[42.520300, -83.043385]
[42.520300, -83.043385]
[42.520300, -83.043385]
[42.520300, -83.043385]
[42.520300, -83.043385]
[42.520300, -83.043385]
[42.520300, -83.043385]
[42.520300, -83.043385]
[42.520300, -83.043385]
[42.520300, -83.043385]
[42.520300, -83.043385]
[42.520300, -83.043385]
[42.520300, -83.043385]
[42.520300, -83.043385]
[42.520300, -83.043385]
[42.520300, -83.043385]
[42.520300, -83.043385]
[42.520300, -83.043385]
[42.520300, -83.043385]
[42.520300, -83.043385]
[42.520300, -83.043385]
[42.520300, -83.043385]
[42.520300, -83.043385]
[42.520300, -83.043385]
[42.520300, -83.043385]
[42.520300, -83.043385]
[42.520300, -83.043385]
[42.520300, -83.043385]
[42.520300, -83.043385]
[42.520300, -83.043385]
[42.520300, -83.043385]
[42.520300, -83.043385]
[42.520300, -83.043385]
[42.520300, -83.043385]
[42.520300, -83.043385]
[42.520300, -83.043385]
[42.520300, -83.043385]
[42.520300, -83.043385]
[42.520300, -83.043385]
[42.520300, -83.043385]
[42.520300, -83.043385]
[42.520300, -83.043385]
[42.520300, -83.043385]
[42.520300, -83.043385]
[42.520300, -83.043385]
[42.520300, -83.043385]
[42.520300, -83.043385]
[42.520300, -83.043385]
[42.520300, -83.043385]
[42.520300, -83.043385]
[42.520300, -83.043385]
[42.520300, -83.043385]
[42.520300, -83.043385]
[42.520300, -83.043385]
[42.520300, -83.043385]
[42.520300, -83.043385]
[42.520300, -83.043385]
[42.520300, -83.043385]
[42.520300, -83.043385]
[42.520299, -83.043385]
[42.520299, -83.043385]
[42.520298, -83.043385]
[42.520298, -83.043385]
[42.520297, -83.043385]
[42.520296, -83.043385]
[42.520295, -83.043385]
[42.520294, -83.043385]
[42.520293, -83.043386]
[42.520292, -83.043386]
[42.520290, -83.043386]
[42.520289, -83.043386]
[42.520287, -83.043386]
[42.520285, -83.043387]
[42.520283, -83.043387]
[42.520281, -83.043387]
[42.520279, -83.043387]
[42.520277, -83.043387]
[42.520275, -83.043387]
[42.520273, -83.043387]
[42.520269, -83.043388]
[42.520269, -83.043388]
[42.520267, -83.043388]
[42.520267, -83.043388]
[42.520263, -83.043389]
[42.520259, -83.043389]
[42.520259, -83.043389]
[42.520257, -83.043389]
[42.520254, -83.043389]
[42.520252, -83.043390]
[42.520250, -83.043390]
[42.520248, -83.043390]
[42.520246, -83.043391]
[42.520246, -83.043391]
[42.520241, -83.043391]
[42.520239, -83.043392]
[42.520237, -83.043393]
[42.520235, -83.043393]
[42.520233, -83.043394]
[42.520231, -83.043395]
[42.520227, -83.043397]
[42.520227, -83.043397]
[42.520225, -83.043398]
[42.520223, -83.043400]
[42.520221, -83.043401]
[42.520220, -83.043402]
[42.520218, -83.043404]
[42.520216, -83.043405]
[42.520214, -83.043407]
[42.520213, -83.043408]
[42.520211, -83.043410]
[42.520210, -83.043412]
[42.520209, -83.043414]
[42.520207, -83.043416]
[42.520206, -83.043418]
[42.520205, -83.043420]
[42.520204, -83.043423]
[42.520202, -83.043425]
[42.520201, -83.043427]
[42.520200, -83.043430]
[42.520198, -83.043435]
[42.520198, -83.043435]
[42.520196, -83.043440]
[42.520196, -83.043440]
[42.520195, -83.043443]
[42.520195, -83.043446]
[42.520194, -83.043448]
[42.520193, -83.043451]
[42.520192, -83.043454]
[42.520192, -83.043457]
[42.520191, -83.043460]
[42.520190, -83.043466]
[42.520189, -83.043469]
[42.520189, -83.043469]
[42.520189, -83.043472]
[42.520188, -83.043478]
[42.520188, -83.043478]
[42.520187, -83.043481]
[42.520187, -83.043481]
[42.520187, -83.043488]
[42.520187, -83.043491]
[42.520186, -83.043497]
[42.520186, -83.043500]
[42.520186, -83.043500]
[42.520185, -83.043503]
[42.520185, -83.043506]
[42.520185, -83.043512]
[42.520185, -83.043512]
[42.520185, -83.043515]
[42.520185, -83.043518]
[42.520185, -83.043524]
[42.520186, -83.043526]
[42.520186, -83.043526]
[42.520186, -83.043529]
[42.520187, -83.043532]
[42.520188, -83.043537]
[42.520189, -83.043539]
[42.520189, -83.043539]
[42.520189, -83.043539]
[42.520190, -83.043544]
[42.520190, -83.043546]
[42.520191, -83.043551]
[42.520192, -83.043553]
[42.520192, -83.043553]
[42.520192, -83.043555]
[42.520192, -83.043558]
[42.520193, -83.043562]
[42.520193, -83.043562]
[42.520193, -83.043562]
[42.520193, -83.043566]
[42.520192, -83.043567]
[42.520192, -83.043571]
[42.520192, -83.043571]
[42.520192, -83.043573]
[42.520191, -83.043575]
[42.520190, -83.043580]
[42.520190, -83.043580]
[42.520190, -83.043580]
[42.520190, -83.043582]
[42.520189, -83.043584]
[42.520188, -83.043588]
[42.520187, -83.043590]
[42.520187, -83.043590]
[42.520187, -83.043592]
[42.520186, -83.043594]
[42.520185, -83.043595]
[42.520183, -83.043599]
[42.520182, -83.043601]
[42.520182, -83.043601]
[42.520182, -83.043602]
[42.520182, -83.043603]
[42.520181, -83.043604]
[42.520181, -83.043604]
[42.520181, -83.043604]
[42.520181, -83.043604]
[42.520182, -83.043603]
[42.520182, -83.043602]
[42.520182, -83.043602]
[42.520182, -83.043601]
[42.520182, -83.043599]
[42.520183, -83.043596]
[42.520183, -83.043594]
[42.520183, -83.043594]
[42.520183, -83.043593]
[42.520183, -83.043590]
[42.520183, -83.043588]
[42.520183, -83.043585]
[42.520183, -83.043585]
[42.520183, -83.043585]
[42.520183, -83.043583]
[42.520182, -83.043582]
[42.520182, -83.043581]
[42.520182, -83.043580]
[42.520182, -83.043580]
[42.520182, -83.043579]
[42.520182, -83.043578]
[42.520182, -83.043577]
[42.520182, -83.043577]
[42.520182, -83.043577]
[42.520182, -83.043577]
[42.520182, -83.043577]
[42.520182, -83.043577]
[42.520182, -83.043577]
[42.520182, -83.043577]
[42.520182, -83.043577]
[42.520182, -83.043577]
[42.520182, -83.043577]
[42.520182, -83.043577]
[42.520182, -83.043577]
[42.520182, -83.043577]
[42.520182, -83.043577]
[42.520182, -83.043577]
[42.520182, -83.043577]
[42.520182, -83.043577]
[42.520182, -83.043576]
[42.520182, -83.043576]
[42.520182, -83.043576]
[42.520182, -83.043576]
[42.520182, -83.043576]
[42.520182, -83.043576]
[42.520182, -83.043575]
[42.520182, -83.043574]
[42.520182, -83.043573]
[42.520182, -83.043571]
[42.520182, -83.043569]
[42.520182, -83.043567]
[42.520182, -83.043566]
[42.520182, -83.043564]
[42.520182, -83.043559]
[42.520182, -83.043559]
[42.520182, -83.043554]
[42.520182, -83.043552]
[42.520183, -83.043546]
[42.520183, -83.043546]
[42.520183, -83.043539]
[42.520183, -83.043536]
[42.520184, -83.043530]
[42.520184, -83.043522]
[42.520184, -83.043522]
[42.520184, -83.043519]
[42.520184, -83.043512]
[42.520185, -83.043509]
[42.520185, -83.043508]
[42.520185, -83.043508]
[42.520185, -83.043508]
[42.520185, -83.043508]
[42.520185, -83.043508]
[42.520184, -83.043508]
[42.520184, -83.043508]
[42.520184, -83.043508]
[42.520184, -83.043508]
[42.520184, -83.043508]
[42.520184, -83.043508]
[42.520184, -83.043508]
[42.520184, -83.043508]
[42.520184, -83.043508]
[42.520184, -83.043508]
[42.520184, -83.043508]
[42.520184, -83.043508]
[42.520184, -83.043508]
[42.520184, -83.043508]
[42.520184, -83.043508]
[42.520184, -83.043508]
[42.520184, -83.043508]
[42.520184, -83.043508]
[42.520184, -83.043508]
[42.520184, -83.043507]
[42.520184, -83.043507]
[42.520184, -83.043507]
[42.520184, -83.043507]
[42.520184, -83.043507]
[42.520184, -83.043507]
[42.520184, -83.043507]
[42.520184, -83.043507]
[42.520184, -83.043507]
[42.520184, -83.043507]
[42.520184, -83.043507]
[42.520184, -83.043507]
[42.520184, -83.043507]
[42.520184, -83.043507]
[42.520184, -83.043507]
[42.520184, -83.043507]
[42.520184, -83.043507]
[42.520184, -83.043507]
[42.520184, -83.043507]
[42.520184, -83.043507]
[42.520184, -83.043507]
[42.520184, -83.043507]
[42.520184, -83.043507]
[42.520184, -83.043507]
[42.520184, -83.043506]
[42.520184, -83.043506]
[42.520184, -83.043506]
[42.520184, -83.043506]
[42.520184, -83.043506]
[42.520184, -83.043506]
[42.520184, -83.043506]
[42.520184, -83.043506]
[42.520184, -83.043506]
[42.520184, -83.043506]
[42.520184, -83.043506]
[42.520184, -83.043506]
[42.520184, -83.043506]
[42.520184, -83.043506]
[42.520184, -83.043506]
[42.520184, -83.043506]
[42.520184, -83.043506]
[42.520184, -83.043506]
[42.520184, -83.043506]
[42.520184, -83.043506]
[42.520184, -83.043506]
[42.520184, -83.043506]
[42.520184, -83.043506]
[42.520184, -83.043506]
[42.520184, -83.043506]
[42.520184, -83.043506]
[42.520184, -83.043506]
[42.520184, -83.043506]
[42.520184, -83.043506]
[42.520184, -83.043506]
[42.520184, -83.043506]
[42.520184, -83.043506]
[42.520184, -83.043506]
[42.520184, -83.043506]
[42.520184, -83.043506]
[42.520184, -83.043506]
[42.520184, -83.043506]
[42.520184, -83.043506]
[42.520184, -83.043506]
[42.520184, -83.043506]
[42.520184, -83.043506]
[42.520184, -83.043506]
[42.520184, -83.043506]
[42.520184, -83.043506]
[42.520184, -83.043506]
[42.520184, -83.043506]
[42.520184, -83.043506]
[42.520184, -83.043506]
[42.520184, -83.043506]
[42.520184, -83.043506]
[42.520184, -83.043506]
[42.520184, -83.043506]
[42.520184, -83.043506]
[42.520184, -83.043506]
[42.520184, -83.043506]
[42.520184, -83.043506]
[42.520184, -83.043506]
[42.520184, -83.043506]
[42.520184, -83.043506]
[42.520184, -83.043506]
[42.520184, -83.043506]
[42.520184, -83.043506]
[42.520184, -83.043506]
[42.520184, -83.043506]
[42.520184, -83.043506]
[42.520184, -83.043506]
[42.520184, -83.043506]
[42.520184, -83.043506]
[42.520184, -83.043506]
[42.520184, -83.043506]
[42.520184, -83.043506]
[42.520184, -83.043506]
[42.520184, -83.043506]
[42.520184, -83.043506]
[42.520184, -83.043506]
[42.520184, -83.043506]
[42.520184, -83.043506]
[42.520184, -83.043506]
[42.520184, -83.043506]
[42.520184, -83.043506]
[42.520184, -83.043506]
[42.520184, -83.043506]
[42.520184, -83.043506]
[42.520184, -83.043506]
[42.520184, -83.043506]
[42.520184, -83.043506]
[42.520184, -83.043506]
[42.520184, -83.043506]
[42.520184, -83.043506]
[42.520184, -83.043506]
[42.520184, -83.043506]
[42.520184, -83.043506]
[42.520184, -83.043506]
[42.520184, -83.043506]
[42.520184, -83.043506]
[42.520184, -83.043506]
[42.520184, -83.043506]
[42.520184, -83.043506]
[42.520184, -83.043506]
[42.520184, -83.043506]
[42.520184, -83.043506]
[42.520184, -83.043506]
[42.520184, -83.043506]
[42.520184, -83.043506]
[42.520184, -83.043506]
[42.520184, -83.043506]
[42.520184, -83.043506]
[42.520184, -83.043506]
[42.520184, -83.043506]
[42.520184, -83.043506]
[42.520184, -83.043506]
[42.520184, -83.043506]
[42.520184, -83.043506]
[42.520184, -83.043506]
[42.520184, -83.043506]
[42.520184, -83.043506]
[42.520184, -83.043506]
[42.520184, -83.043506]
[42.520184, -83.043506]
[42.520184, -83.043506]
[42.520184, -83.043506]
[42.520184, -83.043506]
[42.520184, -83.043506]
[42.520184, -83.043506]
[42.520184, -83.043506]
[42.520184, -83.043506]
[42.520184, -83.043506]
[42.520184, -83.043506]
[42.520184, -83.043507]
[42.520184, -83.043507]
[42.520184, -83.043507]
[42.520184, -83.043507]
[42.520184, -83.043507]
[42.520184, -83.043507]
[42.520184, -83.043507]
[42.520184, -83.043507]
[42.520184, -83.043507]
[42.520184, -83.043507]
[42.520184, -83.043507]
[42.520184, -83.043507]
[42.520184, -83.043507]
[42.520184, -83.043507]
[42.520184, -83.043507]
[42.520184, -83.043507]
[42.520184, -83.043507]
[42.520184, -83.043507]
[42.520184, -83.043507]
[42.520184, -83.043507]
[42.520184, -83.043507]
[42.520184, -83.043507]
--start execution--
--stop execution--
[42.520300, -83.043383]
[42.520300, -83.043383]
[42.520300, -83.043383]
[42.520300, -83.043383]
[42.520300, -83.043383]
--stop execution--
[42.520300, -83.043383]
[42.520300, -83.043383]
[42.520300, -83.043383]
[42.520300, -83.043383]
--stop execution--
[42.520300, -83.043383]
[42.520300, -83.043383]
[42.520300, -83.043383]
[42.520300, -83.043383]
[42.520300, -83.043383]
[42.520300, -83.043383]
[42.520300, -83.043383]
[42.520300, -83.043383]
[42.520300, -83.043384]
[42.520300, -83.043384]
[42.520300, -83.043384]
[42.520300, -83.043384]
[42.520300, -83.043384]
[42.520300, -83.043384]
[42.520300, -83.043384]
[42.520300, -83.043384]
[42.520300, -83.043384]
[42.520300, -83.043384]
[42.520300, -83.043384]
[42.520300, -83.043384]
[42.520300, -83.043384]
[42.520300, -83.043384]
[42.520300, -83.043384]
[42.520300, -83.043384]
[42.520300, -83.043384]
[42.520300, -83.043384]
[42.520301, -83.043384]
[42.520301, -83.043384]
[42.520301, -83.043384]
[42.520301, -83.043384]
[42.520301, -83.043384]
[42.520301, -83.043385]
[42.520301, -83.043385]
[42.520301, -83.043385]
[42.520301, -83.043385]
[42.520301, -83.043385]
[42.520301, -83.043385]
[42.520301, -83.043385]
[42.520301, -83.043385]
[42.520301, -83.043385]
[42.520301, -83.043385]
[42.520301, -83.043385]
[42.520301, -83.043385]
[42.520301, -83.043385]
[42.520301, -83.043385]
[42.520301, -83.043385]
[42.520301, -83.043385]
[42.520301, -83.043385]
[42.520301, -83.043385]
[42.520301, -83.043385]
[42.520301, -83.043385]
[42.520301, -83.043385]
[42.520301, -83.043385]
[42.520301, -83.043385]
[42.520301, -83.043385]
[42.520301, -83.043385]
[42.520301, -83.043385]
[42.520301, -83.043385]
[42.520301, -83.043385]
[42.520301, -83.043385]
[42.520301, -83.043385]
[42.520301, -83.043385]
[42.520301, -83.043385]
[42.520301, -83.043385]
[42.520301, -83.043385]
[42.520301, -83.043385]
[42.520301, -83.043385]
[42.520301, -83.043385]
[42.520301, -83.043385]
[42.520301, -83.043385]
[42.520301, -83.043385]
[42.520301, -83.043385]
[42.520301, -83.043385]
[42.520301, -83.043385]
[42.520301, -83.043385]
[42.520301, -83.043385]
[42.520301, -83.043385]
[42.520301, -83.043385]
[42.520301, -83.043386]
[42.520301, -83.043386]
[42.520301, -83.043386]
[42.520301, -83.043386]
[42.520301, -83.043386]
[42.520301, -83.043386]
[42.520301, -83.043386]
[42.520301, -83.043386]
[42.520301, -83.043386]
[42.520301, -83.043386]
[42.520301, -83.043386]
[42.520301, -83.043386]
[42.520301, -83.043386]
[42.520300, -83.043386]
[42.520300, -83.043386]
[42.520300, -83.043386]
[42.520300, -83.043386]
[42.520298, -83.043386]
[42.520297, -83.043386]
[42.520297, -83.043386]
[42.520296, -83.043386]
[42.520294, -83.043386]
[42.520294, -83.043386]
[42.520292, -83.043386]
[42.520291, -83.043386]
[42.520289, -83.043386]
[42.520287, -83.043386]
[42.520287, -83.043386]
[42.520283, -83.043387]
[42.520280, -83.043387]
[42.520277, -83.043387]
[42.520275, -83.043388]
[42.520272, -83.043388]
[42.520269, -83.043389]
[42.520269, -83.043389]
[42.520264, -83.043391]
[42.520264, -83.043391]
[42.520261, -83.043392]
[42.520256, -83.043395]
[42.520254, -83.043396]
[42.520251, -83.043398]
[42.520249, -83.043400]
[42.520249, -83.043400]
[42.520244, -83.043403]
[42.520242, -83.043405]
[42.520240, -83.043407]
[42.520238, -83.043409]
[42.520238, -83.043409]
[42.520234, -83.043414]
[42.520232, -83.043416]
[42.520231, -83.043419]
[42.520229, -83.043421]
[42.520227, -83.043424]
[42.520226, -83.043427]
[42.520224, -83.043429]
[42.520223, -83.043432]
[42.520221, -83.043435]
[42.520221, -83.043435]
[42.520219, -83.043441]
[42.520218, -83.043444]
[42.520217, -83.043447]
[42.520216, -83.043450]
[42.520215, -83.043453]
[42.520214, -83.043457]
[42.520213, -83.043460]
[42.520212, -83.043463]
[42.520212, -83.043466]
[42.520212, -83.043466]
[42.520210, -83.043473]
[42.520210, -83.043476]
[42.520209, -83.043480]
[42.520209, -83.043483]
[42.520209, -83.043483]
[42.520208, -83.043489]
[42.520208, -83.043493]
[42.520207, -83.043496]
[42.520207, -83.043496]
[42.520207, -83.043499]
[42.520207, -83.043506]
[42.520207, -83.043509]
[42.520207, -83.043512]
[42.520207, -83.043515]
[42.520207, -83.043515]
[42.520206, -83.043525]
[42.520206, -83.043525]
[42.520206, -83.043528]
[42.520206, -83.043531]
[42.520206, -83.043531]
[42.520205, -83.043537]
[42.520205, -83.043540]
[42.520204, -83.043543]
[42.520204, -83.043543]
[42.520204, -83.043546]
[42.520203, -83.043552]
[42.520202, -83.043558]
[42.520202, -83.043558]
[42.520201, -83.043560]
[42.520201, -83.043560]
[42.520198, -83.043568]
[42.520198, -83.043568]
[42.520198, -83.043571]
[42.520196, -83.043573]
[42.520195, -83.043576]
[42.520194, -83.043578]
[42.520193, -83.043580]
[42.520192, -83.043582]
[42.520190, -83.043585]
[42.520189, -83.043587]
[42.520188, -83.043589]
[42.520188, -83.043589]
[42.520185, -83.043593]
[42.520184, -83.043595]
[42.520184, -83.043595]
[42.520181, -83.043599]
[42.520181, -83.043599]
[42.520179, -83.043603]
[42.520177, -83.043605]
[42.520177, -83.043605]
[42.520173, -83.043611]
[42.520173, -83.043611]
[42.520173, -83.043613]
[42.520172, -83.043615]
[42.520172, -83.043615]
[42.520169, -83.043622]
[42.520169, -83.043622]
[42.520169, -83.043624]
[42.520168, -83.043626]
[42.520168, -83.043626]
[42.520167, -83.043630]
[42.520166, -83.043633]
[42.520166, -83.043635]
[42.520166, -83.043637]
[42.520166, -83.043637]
[42.520164, -83.043644]
[42.520164, -83.043644]
[42.520164, -83.043647]
[42.520164, -83.043649]
[42.520164, -83.043649]
[42.520162, -83.043656]
[42.520162, -83.043656]
[42.520162, -83.043658]
[42.520162, -83.043660]
[42.520162, -83.043660]
[42.520161, -83.043665]
[42.520160, -83.043667]
[42.520160, -83.043669]
[42.520159, -83.043672]
[42.520159, -83.043672]
[42.520158, -83.043678]
[42.520158, -83.043678]
[42.520157, -83.043681]
[42.520157, -83.043683]
[42.520157, -83.043683]
[42.520156, -83.043687]
[42.520155, -83.043690]
[42.520155, -83.043692]
[42.520154, -83.043694]
[42.520154, -83.043694]
[42.520154, -83.043699]
[42.520153, -83.043701]
[42.520153, -83.043703]
[42.520153, -83.043705]
[42.520153, -83.043705]
[42.520152, -83.043710]
[42.520152, -83.043712]
[42.520152, -83.043714]
[42.520151, -83.043717]
[42.520151, -83.043717]
[42.520151, -83.043720]
[42.520151, -83.043722]
[42.520151, -83.043723]
[42.520151, -83.043724]
[42.520151, -83.043724]
[42.520150, -83.043725]
[42.520150, -83.043726]
[42.520150, -83.043726]
[42.520150, -83.043726]
[42.520150, -83.043726]
[42.520150, -83.043726]
[42.520150, -83.043726]
[42.520150, -83.043726]
[42.520150, -83.043726]
[42.520150, -83.043726]
[42.520150, -83.043725]
[42.520150, -83.043725]
[42.520150, -83.043726]
[42.520150, -83.043725]
[42.520150, -83.043725]
[42.520150, -83.043726]
[42.520150, -83.043726]
[42.520150, -83.043726]
[42.520150, -83.043726]
[42.520150, -83.043726]
[42.520150, -83.043726]
[42.520150, -83.043726]
[42.520150, -83.043726]
[42.520150, -83.043726]
[42.520150, -83.043726]
[42.520150, -83.043726]
[42.520150, -83.043726]
[42.520150, -83.043726]
[42.520151, -83.043725]
[42.520151, -83.043725]
[42.520151, -83.043725]
[42.520151, -83.043724]
[42.520151, -83.043723]
[42.520151, -83.043722]
[42.520151, -83.043722]
[42.520151, -83.043716]
[42.520151, -83.043716]
[42.520151, -83.043714]
[42.520151, -83.043711]
[42.520152, -83.043708]
[42.520152, -83.043703]
[42.520152, -83.043703]
[42.520152, -83.043700]
[42.520153, -83.043693]
[42.520153, -83.043693]
[42.520153, -83.043686]
[42.520153, -83.043686]
[42.520153, -83.043682]
[42.520154, -83.043676]
[42.520154, -83.043676]
[42.520154, -83.043674]
[42.520154, -83.043674]
[42.520154, -83.043674]
[42.520154, -83.043674]
[42.520154, -83.043674]
[42.520154, -83.043674]
[42.520154, -83.043674]
[42.520154, -83.043674]
[42.520154, -83.043674]
[42.520154, -83.043674]
[42.520154, -83.043674]
[42.520154, -83.043674]
[42.520154, -83.043674]
[42.520154, -83.043674]
[42.520154, -83.043674]
[42.520154, -83.043674]
[42.520154, -83.043674]
[42.520154, -83.043674]
[42.520154, -83.043673]
[42.520154, -83.043673]
[42.520154, -83.043673]
[42.520154, -83.043673]
[42.520154, -83.043673]
[42.520154, -83.043673]
[42.520154, -83.043673]
[42.520154, -83.043673]
[42.520154, -83.043673]
[42.520154, -83.043673]
[42.520154, -83.043673]
[42.520154, -83.043673]
[42.520154, -83.043673]
[42.520154, -83.043673]
[42.520154, -83.043673]
[42.520154, -83.043673]
[42.520154, -83.043673]
[42.520154, -83.043673]
[42.520154, -83.043673]
[42.520155, -83.043673]
[42.520155, -83.043673]
[42.520155, -83.043673]
[42.520155, -83.043673]
[42.520155, -83.043673]
[42.520155, -83.043673]
[42.520155, -83.043673]
[42.520155, -83.043672]
[42.520155, -83.043672]
[42.520155, -83.043672]
[42.520155, -83.043672]
[42.520155, -83.043672]
[42.520155, -83.043672]
[42.520155, -83.043672]
[42.520155, -83.043672]
[42.520155, -83.043672]
[42.520155, -83.043672]
[42.520155, -83.043672]
[42.520155, -83.043672]
[42.520155, -83.043672]
[42.520155, -83.043672]
[42.520155, -83.043672]
[42.520155, -83.043672]
[42.520155, -83.043672]
[42.520155, -83.043672]
[42.520155, -83.043672]
[42.520155, -83.043672]
[42.520155, -83.043672]
[42.520155, -83.043672]
[42.520155, -83.043672]
[42.520156, -83.043672]
[42.520156, -83.043672]
[42.520156, -83.043672]
[42.520156, -83.043672]
[42.520156, -83.043672]
[42.520156, -83.043672]
[42.520156, -83.043672]
[42.520156, -83.043672]
[42.520156, -83.043672]
[42.520156, -83.043672]
[42.520156, -83.043672]
[42.520156, -83.043672]
[42.520156, -83.043672]
[42.520156, -83.043672]
[42.520156, -83.043672]
[42.520156, -83.043672]
[42.520156, -83.043672]
[42.520156, -83.043672]
[42.520156, -83.043671]
[42.520156, -83.043671]
[42.520156, -83.043671]
[42.520156, -83.043671]
[42.520156, -83.043671]
[42.520156, -83.043671]
[42.520156, -83.043671]
[42.520156, -83.043671]
[42.520156, -83.043671]
[42.520156, -83.043671]
[42.520156, -83.043671]
[42.520156, -83.043671]
[42.520156, -83.043671]
[42.520156, -83.043671]
[42.520156, -83.043671]
[42.520156, -83.043671]
[42.520156, -83.043671]
[42.520156, -83.043671]
[42.520156, -83.043671]
[42.520156, -83.043671]
[42.520156, -83.043671]
[42.520156, -83.043671]
[42.520156, -83.043671]
[42.520156, -83.043671]
[42.520156, -83.043671]
[42.520156, -83.043671]
[42.520156, -83.043671]
[42.520156, -83.043671]
[42.520156, -83.043671]
[42.520156, -83.043671]
[42.520156, -83.043671]
[42.520156, -83.043671]
[42.520156, -83.043671]
[42.520156, -83.043671]
[42.520156, -83.043671]
[42.520156, -83.043671]
[42.520156, -83.043671]
[42.520156, -83.043671]
[42.520156, -83.043671]
[42.520156, -83.043671]
[42.520156, -83.043671]
[42.520156, -83.043671]
[42.520156, -83.043671]
[42.520156, -83.043671]
[42.520156, -83.043671]
[42.520156, -83.043671]
[42.520156, -83.043671]
[42.520156, -83.043671]
[42.520156, -83.043671]
[42.520156, -83.043671]
[42.520156, -83.043671]
[42.520156, -83.043671]
[42.520156, -83.043671]
[42.520156, -83.043671]
[42.520156, -83.043671]
[42.520156, -83.043671]
[42.520156, -83.043671]
[42.520156, -83.043671]
[42.520156, -83.043671]
[42.520156, -83.043671]
[42.520156, -83.043671]
[42.520156, -83.043671]
[42.520156, -83.043671]
[42.520156, -83.043671]
[42.520156, -83.043671]
[42.520156, -83.043671]
[42.520156, -83.043671]
[42.520156, -83.043671]
[42.520156, -83.043671]
[42.520156, -83.043671]
[42.520156, -83.043671]
[42.520156, -83.043671]
[42.520156, -83.043671]
[42.520156, -83.043671]
[42.520156, -83.043671]
[42.520156, -83.043671]
[42.520156, -83.043671]
[42.520156, -83.043671]
[42.520156, -83.043671]
[42.520156, -83.043671]
[42.520156, -83.043671]
[42.520156, -83.043671]
[42.520156, -83.043671]
[42.520156, -83.043671]
[42.520156, -83.043671]
[42.520156, -83.043671]
[42.520156, -83.043671]
[42.520156, -83.043671]
[42.520156, -83.043671]
[42.520156, -83.043671]
[42.520155, -83.043671]
[42.520155, -83.043671]
[42.520155, -83.043671]
[42.520155, -83.043671]
[42.520155, -83.043671]
[42.520155, -83.043671]
[42.520155, -83.043671]
[42.520155, -83.043671]
[42.520155, -83.043671]
[42.520155, -83.043671]
[42.520155, -83.043671]
[42.520155, -83.043671]
[42.520155, -83.043671]
[42.520155, -83.043671]
[42.520155, -83.043671]
[42.520155, -83.043671]
[42.520155, -83.043671]
[42.520155, -83.043671]
[42.520155, -83.043671]
[42.520155, -83.043671]
[42.520155, -83.043671]
[42.520155, -83.043671]
[42.520155, -83.043671]
[42.520155, -83.043671]
[42.520155, -83.043671]
[42.520155, -83.043671]
[42.520155, -83.043671]
[42.520155, -83.043671]
[42.520155, -83.043671]
[42.520155, -83.043671]
[42.520155, -83.043671]
[42.520155, -83.043671]
[42.520155, -83.043671]
[42.520154, -83.043671]
[42.520154, -83.043671]
[42.520154, -83.043671]
[42.520154, -83.043671]
[42.520154, -83.043671]
[42.520154, -83.043671]
[42.520154, -83.043671]
[42.520154, -83.043671]
[42.520154, -83.043671]
[42.520154, -83.043671]
[42.520154, -83.043671]
[42.520154, -83.043671]
[42.520154, -83.043671]
[42.520154, -83.043671]
[42.520154, -83.043671]
[42.520154, -83.043671]
[42.520154, -83.043671]
[42.520154, -83.043671]
[42.520154, -83.043671]
[42.520154, -83.043671]
[42.520154, -83.043671]
[42.520154, -83.043671]
[42.520154, -83.043671]
[42.520154, -83.043671]
[42.520154, -83.043671]
[42.520154, -83.043671]
[42.520154, -83.043671]
[42.520154, -83.043671]
[42.520154, -83.043671]
[42.520154, -83.043671]
[42.520154, -83.043671]
[42.520154, -83.043671]
[42.520154, -83.043671]
[42.520154, -83.043671]
[42.520154, -83.043671]
[42.520154, -83.043671]
[42.520154, -83.043671]
[42.520154, -83.043671]
[42.520154, -83.043671]
[42.520154, -83.043671]
[42.520154, -83.043671]
[42.520154, -83.043671]
[42.520154, -83.043671]
[42.520154, -83.043671]
[42.520154, -83.043671]
[42.520154, -83.043671]
[42.520154, -83.043671]
[42.520154, -83.043671]
[42.520154, -83.043671]
[42.520154, -83.043671]
[42.520154, -83.043671]
[42.520154, -83.043671]
[42.520154, -83.043671]
[42.520154, -83.043671]
[42.520154, -83.043671]
[42.520155, -83.043671]
[42.520155, -83.043671]
[42.520155, -83.043671]
[42.520155, -83.043671]
[42.520155, -83.043671]
[42.520155, -83.043671]
[42.520155, -83.043671]
[42.520155, -83.043671]
[42.520155, -83.043671]
[42.520155, -83.043671]
[42.520155, -83.043671]
[42.520155, -83.043671]
[42.520155, -83.043671]
[42.520155, -83.043671]
[42.520155, -83.043671]
[42.520155, -83.043671]
[42.520155, -83.043671]
[42.520155, -83.043671]
[42.520155, -83.043671]
[42.520155, -83.043671]
[42.520155, -83.043671]
[42.520155, -83.043671]
[42.520155, -83.043671]
[42.520155, -83.043671]
[42.520155, -83.043671]
[42.520155, -83.043671]
[42.520155, -83.043671]
[42.520155, -83.043671]
[42.520155, -83.043671]
[42.520155, -83.043671]
[42.520155, -83.043671]
[42.520155, -83.043671]
[42.520155, -83.043671]
[42.520155, -83.043671]
[42.520155, -83.043671]
[42.520155, -83.043671]
[42.520155, -83.043671]
[42.520155, -83.043671]
[42.520155, -83.043671]
[42.520155, -83.043671]
[42.520155, -83.043671]
[42.520155, -83.043671]
[42.520155, -83.043671]
[42.520155, -83.043671]
[42.520155, -83.043671]
[42.520155, -83.043671]
[42.520155, -83.043671]
[42.520155, -83.043671]
[42.520155, -83.043671]
[42.520155, -83.043671]
[42.520155, -83.043671]
[42.520155, -83.043671]
[42.520155, -83.043671]
[42.520155, -83.043671]
[42.520155, -83.043671]
[42.520155, -83.043671]
[42.520155, -83.043671]
[42.520155, -83.043671]
[42.520155, -83.043671]
[42.520155, -83.043671]
[42.520155, -83.043671]
[42.520155, -83.043671]
[42.520155, -83.043671]
[42.520155, -83.043671]
[42.520155, -83.043671]
[42.520155, -83.043671]
[42.520155, -83.043671]
--start execution--
--stop execution--
[42.520297, -83.043391]
[42.520297, -83.043391]
[42.520297, -83.043391]
[42.520297, -83.043391]
[42.520297, -83.043391]
[42.520297, -83.043391]
[42.520297, -83.043391]
[42.520297, -83.043391]
[42.520297, -83.043391]
[42.520297, -83.043391]
[42.520297, -83.043391]
[42.520297, -83.043391]
[42.520297, -83.043391]
[42.520297, -83.043391]
[42.520297, -83.043391]
[42.520297, -83.043391]
[42.520297, -83.043391]
[42.520297, -83.043391]
[42.520297, -83.043391]
[42.520297, -83.043391]
[42.520297, -83.043391]
[42.520297, -83.043391]
[42.520297, -83.043391]
[42.520297, -83.043391]
[42.520297, -83.043391]
[42.520297, -83.043390]
[42.520297, -83.043390]
[42.520297, -83.043390]
[42.520297, -83.043390]
[42.520297, -83.043390]
[42.520298, -83.043390]
[42.520298, -83.043390]
[42.520298, -83.043390]
[42.520298, -83.043390]
[42.520298, -83.043390]
[42.520298, -83.043390]
[42.520298, -83.043390]
[42.520298, -83.043390]
[42.520298, -83.043390]
[42.520298, -83.043390]
[42.520298, -83.043390]
[42.520298, -83.043390]
[42.520298, -83.043390]
[42.520298, -83.043390]
[42.520298, -83.043390]
[42.520298, -83.043390]
[42.520298, -83.043390]
[42.520298, -83.043390]
[42.520298, -83.043390]
[42.520298, -83.043390]
[42.520298, -83.043390]
[42.520298, -83.043390]
[42.520298, -83.043390]
[42.520298, -83.043390]
[42.520299, -83.043390]
[42.520299, -83.043390]
[42.520299, -83.043390]
[42.520299, -83.043390]
[42.520299, -83.043390]
[42.520299, -83.043390]
[42.520299, -83.043390]
[42.520299, -83.043390]
[42.520299, -83.043390]
[42.520299, -83.043390]
[42.520299, -83.043390]
[42.520299, -83.043390]
[42.520299, -83.043390]
[42.520299, -83.043390]
[42.520299, -83.043390]
[42.520299, -83.043390]
[42.520299, -83.043390]
[42.520299, -83.043390]
[42.520299, -83.043390]
[42.520299, -83.043390]
[42.520299, -83.043390]
[42.520299, -83.043390]
[42.520299, -83.043390]
[42.520299, -83.043390]
[42.520299, -83.043390]
[42.520299, -83.043390]
[42.520299, -83.043390]
[42.520299, -83.043390]
[42.520300, -83.043390]
[42.520300, -83.043390]
[42.520300, -83.043390]
[42.520300, -83.043390]
[42.520300, -83.043390]
[42.520300, -83.043390]
[42.520300, -83.043390]
[42.520300, -83.043390]
[42.520300, -83.043390]
[42.520300, -83.043390]
[42.520300, -83.043390]
[42.520300, -83.043390]
[42.520300, -83.043390]
[42.520300, -83.043390]
[42.520300, -83.043390]
[42.520300, -83.043390]
[42.520300, -83.043390]
[42.520300, -83.043390]
[42.520300, -83.043390]
[42.520300, -83.043390]
[42.520300, -83.043390]
[42.520300, -83.043390]
[42.520300, -83.043390]
[42.520300, -83.043390]
[42.520300, -83.043390]
[42.520300, -83.043390]
[42.520300, -83.043390]
[42.520300, -83.043390]
[42.520300, -83.043390]
[42.520300, -83.043390]
[42.520300, -83.043390]
[42.520300, -83.043390]
[42.520300, -83.043390]
[42.520299, -83.043390]
[42.520299, -83.043390]
[42.520300, -83.043390]
[42.520300, -83.043390]
[42.520300, -83.043390]
[42.520300, -83.043390]
[42.520300, -83.043390]
[42.520300, -83.043390]
[42.520300, -83.043390]
[42.520300, -83.043390]
[42.520300, -83.043390]
[42.520300, -83.043390]
[42.520300, -83.043390]
[42.520300, -83.043390]
[42.520300, -83.043390]
[42.520300, -83.043390]
[42.520300, -83.043390]
[42.520300, -83.043390]
[42.520300, -83.043390]
[42.520300, -83.043390]
[42.520300, -83.043390]
[42.520300, -83.043390]
[42.520300, -83.043390]
[42.520300, -83.043390]
[42.520300, -83.043390]
[42.520300, -83.043390]
[42.520300, -83.043390]
[42.520300, -83.043390]
[42.520300, -83.043390]
[42.520300, -83.043390]
[42.520300, -83.043390]
[42.520300, -83.043390]
[42.520300, -83.043390]
[42.520300, -83.043390]
[42.520300, -83.043390]
[42.520300, -83.043390]
[42.520300, -83.043390]
[42.520300, -83.043390]
[42.520300, -83.043390]
[42.520300, -83.043390]
[42.520300, -83.043390]
[42.520300, -83.043390]
[42.520300, -83.043390]
[42.520300, -83.043390]
[42.520300, -83.043390]
[42.520299, -83.043390]
[42.520299, -83.043390]
[42.520299, -83.043390]
[42.520299, -83.043390]
[42.520299, -83.043390]
[42.520299, -83.043390]
[42.520299, -83.043390]
[42.520299, -83.043390]
[42.520299, -83.043390]
[42.520299, -83.043390]
[42.520299, -83.043391]
[42.520299, -83.043391]
[42.520299, -83.043391]
[42.520299, -83.043391]
[42.520299, -83.043391]
[42.520299, -83.043391]
[42.520299, -83.043391]
[42.520299, -83.043391]
[42.520299, -83.043391]
[42.520299, -83.043391]
[42.520299, -83.043391]
[42.520299, -83.043391]
[42.520299, -83.043391]
[42.520299, -83.043391]
[42.520299, -83.043391]
[42.520299, -83.043391]
[42.520299, -83.043391]
[42.520299, -83.043391]
[42.520299, -83.043391]
[42.520299, -83.043391]
[42.520299, -83.043391]
[42.520299, -83.043391]
[42.520299, -83.043391]
[42.520299, -83.043391]
[42.520299, -83.043391]
[42.520299, -83.043391]
[42.520299, -83.043391]
[42.520299, -83.043391]
[42.520299, -83.043391]
[42.520299, -83.043391]
[42.520299, -83.043391]
[42.520299, -83.043391]
[42.520298, -83.043391]
[42.520298, -83.043391]
[42.520298, -83.043391]
[42.520298, -83.043391]
[42.520298, -83.043391]
[42.520298, -83.043391]
[42.520298, -83.043391]
[42.520298, -83.043391]
[42.520298, -83.043391]
[42.520298, -83.043391]
[42.520298, -83.043391]
[42.520298, -83.043391]
[42.520298, -83.043391]
[42.520298, -83.043391]
[42.520298, -83.043391]
[42.520298, -83.043391]
[42.520298, -83.043391]
[42.520298, -83.043391]
[42.520298, -83.043391]
[42.520298, -83.043391]
[42.520298, -83.043391]
[42.520298, -83.043391]
[42.520298, -83.043391]
[42.520298, -83.043391]
[42.520298, -83.043391]
[42.520298, -83.043391]
[42.520298, -83.043391]
[42.520298, -83.043391]
[42.520298, -83.043391]
[42.520298, -83.043391]
[42.520298, -83.043391]
[42.520298, -83.043391]
[42.520298, -83.043391]
[42.520298, -83.043391]
[42.520298, -83.043391]
[42.520298, -83.043391]
[42.520298, -83.043391]
[42.520298, -83.043391]
[42.520298, -83.043391]
[42.520298, -83.043391]
[42.520298, -83.043391]
[42.520298, -83.043391]
[42.520298, -83.043391]
[42.520298, -83.043391]
[42.520298, -83.043391]
[42.520298, -83.043391]
[42.520298, -83.043391]
[42.520298, -83.043391]
[42.520298, -83.043391]
[42.520298, -83.043391]
[42.520298, -83.043391]
[42.520298, -83.043391]
[42.520298, -83.043391]
[42.520298, -83.043391]
[42.520298, -83.043391]
[42.520298, -83.043391]
[42.520298, -83.043391]
[42.520298, -83.043391]
[42.520298, -83.043391]
[42.520298, -83.043391]
[42.520298, -83.043391]
[42.520298, -83.043391]
[42.520298, -83.043391]
[42.520298, -83.043391]
[42.520298, -83.043391]
[42.520298, -83.043391]
[42.520298, -83.043391]
[42.520298, -83.043391]
[42.520298, -83.043391]
[42.520298, -83.043391]
[42.520298, -83.043391]
[42.520298, -83.043391]
[42.520297, -83.043391]
[42.520297, -83.043391]
[42.520297, -83.043391]
[42.520297, -83.043391]
[42.520297, -83.043391]
[42.520297, -83.043391]
[42.520297, -83.043391]
[42.520297, -83.043391]
[42.520297, -83.043391]
[42.520297, -83.043391]
[42.520297, -83.043391]
[42.520297, -83.043391]
[42.520297, -83.043391]
[42.520297, -83.043391]
[42.520297, -83.043391]
[42.520297, -83.043391]
[42.520297, -83.043391]
[42.520297, -83.043391]
[42.520297, -83.043391]
[42.520297, -83.043391]
[42.520297, -83.043391]
[42.520297, -83.043391]
[42.520297, -83.043391]
[42.520297, -83.043391]
[42.520297, -83.043391]
[42.520297, -83.043391]
[42.520297, -83.043391]
[42.520297, -83.043391]
[42.520297, -83.043391]
[42.520297, -83.043391]
[42.520297, -83.043391]
[42.520297, -83.043391]
[42.520297, -83.043391]
[42.520297, -83.043391]
[42.520297, -83.043391]
[42.520297, -83.043391]
[42.520297, -83.043391]
[42.520297, -83.043391]
[42.520297, -83.043391]
[42.520297, -83.043391]
[42.520297, -83.043391]
[42.520297, -83.043391]
[42.520297, -83.043391]
[42.520297, -83.043391]
[42.520297, -83.043391]
[42.520297, -83.043391]
[42.520297, -83.043391]
[42.520297, -83.043391]
[42.520297, -83.043391]
[42.520297, -83.043391]
[42.520297, -83.043391]
[42.520297, -83.043391]
[42.520297, -83.043391]
[42.520297, -83.043391]
[42.520297, -83.043391]
[42.520297, -83.043391]
[42.520297, -83.043391]
[42.520297, -83.043391]
[42.520297, -83.043391]
[42.520297, -83.043391]
[42.520297, -83.043391]
[42.520297, -83.043391]
[42.520297, -83.043391]
[42.520297, -83.043391]
[42.520297, -83.043391]
[42.520297, -83.043391]
[42.520297, -83.043391]
[42.520297, -83.043390]
[42.520297, -83.043390]
[42.520297, -83.043390]
[42.520297, -83.043390]
[42.520297, -83.043390]
[42.520297, -83.043390]
[42.520297, -83.043390]
[42.520297, -83.043390]
[42.520297, -83.043390]
[42.520297, -83.043390]
[42.520297, -83.043390]
[42.520297, -83.043390]
[42.520297, -83.043390]
[42.520297, -83.043390]
[42.520297, -83.043390]
[42.520297, -83.043390]
[42.520297, -83.043390]
[42.520297, -83.043390]
[42.520297, -83.043390]
[42.520297, -83.043390]
[42.520297, -83.043390]
[42.520297, -83.043390]
[42.520297, -83.043390]
[42.520297, -83.043390]
[42.520297, -83.043390]
[42.520297, -83.043390]
[42.520297, -83.043390]
[42.520297, -83.043390]
[42.520297, -83.043390]
[42.520297, -83.043390]
[42.520297, -83.043390]
[42.520297, -83.043390]
[42.520297, -83.043390]
[42.520297, -83.043390]
[42.520297, -83.043390]
[42.520297, -83.043390]
[42.520297, -83.043390]
[42.520297, -83.043390]
[42.520297, -83.043390]
[42.520297, -83.043390]
[42.520297, -83.043390]
[42.520297, -83.043390]
[42.520297, -83.043390]
[42.520297, -83.043390]
[42.520297, -83.043390]
[42.520297, -83.043390]
[42.520297, -83.043390]
[42.520297, -83.043390]
[42.520297, -83.043390]
[42.520297, -83.043390]
[42.520297, -83.043390]
[42.520297, -83.043390]
[42.520297, -83.043390]
[42.520297, -83.043390]
[42.520297, -83.043390]
[42.520297, -83.043390]
[42.520297, -83.043390]
[42.520297, -83.043390]
[42.520297, -83.043390]
[42.520297, -83.043390]
[42.520297, -83.043390]
[42.520297, -83.043390]
[42.520297, -83.043390]
[42.520297, -83.043390]
[42.520297, -83.043390]
[42.520297, -83.043390]
[42.520297, -83.043390]
[42.520297, -83.043390]
[42.520297, -83.043390]
[42.520297, -83.043390]
[42.520297, -83.043390]
[42.520297, -83.043390]
[42.520297, -83.043390]
[42.520297, -83.043390]
[42.520297, -83.043390]
[42.520297, -83.043390]
[42.520297, -83.043390]
[42.520297, -83.043390]
[42.520297, -83.043390]
[42.520297, -83.043390]
[42.520297, -83.043390]
[42.520297, -83.043390]
[42.520297, -83.043390]
[42.520297, -83.043390]
[42.520297, -83.043390]
[42.520297, -83.043390]
[42.520297, -83.043390]
[42.520297, -83.043390]
[42.520297, -83.043390]
[42.520297, -83.043390]
[42.520297, -83.043390]
[42.520297, -83.043390]
[42.520297, -83.043390]
[42.520297, -83.043390]
[42.520297, -83.043390]
[42.520297, -83.043390]
[42.520296, -83.043390]
[42.520296, -83.043390]
[42.520295, -83.043390]
[42.520294, -83.043390]
[42.520291, -83.043390]
[42.520290, -83.043390]
[42.520288, -83.043389]
[42.520286, -83.043389]
[42.520283, -83.043389]
[42.520283, -83.043389]
[42.520278, -83.043390]
[42.520275, -83.043390]
[42.520270, -83.043391]
[42.520270, -83.043391]
[42.520265, -83.043392]
[42.520260, -83.043394]
[42.520258, -83.043396]
[42.520256, -83.043397]
[42.520253, -83.043398]
[42.520249, -83.043402]
[42.520246, -83.043403]
[42.520244, -83.043405]
[42.520242, -83.043407]
[42.520240, -83.043408]
[42.520235, -83.043412]
[42.520234, -83.043414]
[42.520232, -83.043416]
[42.520229, -83.043419]
[42.520226, -83.043423]
[42.520226, -83.043423]
[42.520222, -83.043428]
[42.520220, -83.043430]
[42.520216, -83.043435]
[42.520214, -83.043437]
[42.520212, -83.043440]
[42.520211, -83.043442]
[42.520207, -83.043447]
[42.520207, -83.043447]
[42.520204, -83.043453]
[42.520203, -83.043455]
[42.520199, -83.043461]
[42.520199, -83.043461]
[42.520195, -83.043470]
[42.520195, -83.043470]
[42.520193, -83.043476]
[42.520191, -83.043482]
[42.520191, -83.043482]
[42.520189, -83.043488]
[42.520188, -83.043492]
[42.520188, -83.043495]
[42.520187, -83.043498]
[42.520186, -83.043501]
[42.520185, -83.043507]
[42.520185, -83.043510]
[42.520184, -83.043515]
[42.520184, -83.043518]
[42.520184, -83.043521]
[42.520184, -83.043523]
[42.520183, -83.043529]
[42.520183, -83.043529]
[42.520183, -83.043534]
[42.520183, -83.043536]
[42.520183, -83.043537]
[42.520183, -83.043539]
[42.520183, -83.043542]
[42.520183, -83.043543]
[42.520183, -83.043546]
[42.520183, -83.043546]
[42.520183, -83.043548]
[42.520183, -83.043549]
[42.520183, -83.043550]
[42.520182, -83.043551]
[42.520182, -83.043554]
[42.520182, -83.043554]
[42.520182, -83.043557]
[42.520182, -83.043559]
[42.520182, -83.043563]
[42.520182, -83.043565]
[42.520182, -83.043570]
[42.520182, -83.043570]
[42.520181, -83.043574]
[42.520181, -83.043576]
[42.520181, -83.043581]
[42.520181, -83.043581]
[42.520181, -83.043584]
[42.520181, -83.043585]
[42.520181, -83.043587]
[42.520181, -83.043587]
[42.520181, -83.043587]
[42.520181, -83.043587]
[42.520181, -83.043587]
[42.520181, -83.043587]
[42.520181, -83.043587]
[42.520181, -83.043587]
[42.520181, -83.043587]
[42.520181, -83.043587]
[42.520181, -83.043587]
[42.520181, -83.043587]
[42.520181, -83.043587]
[42.520181, -83.043587]
[42.520181, -83.043587]
[42.520181, -83.043587]
[42.520181, -83.043587]
[42.520181, -83.043587]
[42.520181, -83.043587]
[42.520181, -83.043587]
[42.520181, -83.043587]
[42.520181, -83.043587]
[42.520181, -83.043587]
[42.520181, -83.043587]
[42.520181, -83.043587]
[42.520181, -83.043587]
[42.520181, -83.043587]
[42.520180, -83.043587]
[42.520180, -83.043587]
[42.520180, -83.043587]
[42.520180, -83.043587]
[42.520180, -83.043587]
[42.520180, -83.043587]
[42.520180, -83.043587]
[42.520180, -83.043587]
[42.520180, -83.043587]
[42.520180, -83.043587]
[42.520180, -83.043587]
[42.520180, -83.043587]
[42.520180, -83.043587]
[42.520180, -83.043587]
[42.520180, -83.043587]
[42.520180, -83.043587]
[42.520180, -83.043587]
[42.520180, -83.043587]
[42.520180, -83.043587]
[42.520180, -83.043587]
[42.520180, -83.043587]
[42.520180, -83.043588]
[42.520180, -83.043588]
[42.520180, -83.043588]
[42.520180, -83.043588]
[42.520180, -83.043587]
[42.520181, -83.043587]
[42.520181, -83.043586]
[42.520181, -83.043583]
[42.520181, -83.043583]
[42.520181, -83.043578]
[42.520181, -83.043571]
[42.520181, -83.043567]
[42.520181, -83.043564]
[42.520181, -83.043560]
[42.520181, -83.043556]
[42.520182, -83.043548]
[42.520182, -83.043545]
[42.520182, -83.043543]
[42.520182, -83.043541]
[42.520182, -83.043541]
[42.520182, -83.043541]
[42.520182, -83.043541]
[42.520182, -83.043541]
[42.520182, -83.043541]
[42.520182, -83.043541]
[42.520182, -83.043541]
[42.520181, -83.043541]
[42.520181, -83.043541]
[42.520181, -83.043541]
[42.520182, -83.043541]
[42.520182, -83.043541]
[42.520182, -83.043541]
[42.520182, -83.043541]
[42.520182, -83.043541]
[42.520182, -83.043541]
[42.520182, -83.043541]
[42.520182, -83.043541]
[42.520182, -83.043541]
[42.520182, -83.043541]
[42.520182, -83.043541]
[42.520182, -83.043541]
[42.520182, -83.043541]
[42.520182, -83.043541]
[42.520182, -83.043541]
[42.520182, -83.043541]
[42.520182, -83.043541]
[42.520182, -83.043541]
[42.520182, -83.043541]
[42.520182, -83.043541]
[42.520182, -83.043541]
[42.520182, -83.043541]
[42.520182, -83.043541]
[42.520182, -83.043541]
[42.520182, -83.043541]
[42.520182, -83.043541]
[42.520182, -83.043541]
[42.520182, -83.043541]
[42.520182, -83.043541]
[42.520181, -83.043541]
[42.520181, -83.043541]
[42.520181, -83.043541]
[42.520181, -83.043541]
[42.520181, -83.043541]
[42.520181, -83.043541]
[42.520181, -83.043541]
[42.520181, -83.043541]
[42.520181, -83.043541]
[42.520181, -83.043541]
[42.520181, -83.043541]
[42.520181, -83.043541]
[42.520181, -83.043541]
[42.520181, -83.043541]
[42.520181, -83.043541]
[42.520181, -83.043541]
[42.520181, -83.043541]
[42.520181, -83.043541]
[42.520181, -83.043541]
[42.520181, -83.043541]
[42.520181, -83.043541]
[42.520181, -83.043541]
[42.520181, -83.043541]
[42.520181, -83.043541]
[42.520181, -83.043541]
[42.520181, -83.043541]
[42.520181, -83.043541]
[42.520181, -83.043541]
[42.520181, -83.043541]
[42.520181, -83.043541]
[42.520181, -83.043541]
[42.520181, -83.043541]
[42.520181, -83.043541]
[42.520181, -83.043541]
[42.520181, -83.043541]
[42.520181, -83.043541]
[42.520181, -83.043541]
[42.520181, -83.043541]
[42.520181, -83.043541]
[42.520181, -83.043541]
[42.520181, -83.043541]
[42.520181, -83.043541]
[42.520181, -83.043541]
[42.520181, -83.043541]
[42.520181, -83.043541]
[42.520181, -83.043541]
[42.520181, -83.043541]
[42.520181, -83.043541]
[42.520181, -83.043541]
[42.520181, -83.043541]
[42.520181, -83.043541]
[42.520181, -83.043541]
[42.520181, -83.043541]
[42.520181, -83.043541]
[42.520181, -83.043541]
[42.520181, -83.043541]
[42.520181, -83.043541]
[42.520181, -83.043541]
[42.520181, -83.043541]
[42.520181, -83.043540]
[42.520181, -83.043540]
[42.520181, -83.043540]
[42.520181, -83.043540]
[42.520181, -83.043540]
[42.520181, -83.043540]
[42.520181, -83.043540]
[42.520181, -83.043540]
[42.520181, -83.043540]
[42.520181, -83.043540]
[42.520181, -83.043540]
[42.520181, -83.043540]
[42.520181, -83.043540]
[42.520181, -83.043540]
[42.520181, -83.043540]
[42.520181, -83.043540]
[42.520181, -83.043540]
[42.520181, -83.043540]
[42.520181, -83.043540]
[42.520181, -83.043540]
[42.520181, -83.043540]
[42.520181, -83.043540]
[42.520181, -83.043540]
[42.520181, -83.043540]
[42.520181, -83.043540]
[42.520181, -83.043540]
[42.520181, -83.043540]
[42.520181, -83.043540]
[42.520181, -83.043540]
[42.520181, -83.043540]
[42.520181, -83.043540]
[42.520181, -83.043540]
[42.520181, -83.043540]
[42.520181, -83.043540]
[42.520181, -83.043540]
[42.520181, -83.043540]
[42.520181, -83.043540]
[42.520181, -83.043540]
[42.520181, -83.043540]
[42.520181, -83.043540]
[42.520181, -83.043540]
[42.520181, -83.043540]
[42.520181, -83.043540]
[42.520181, -83.043540]
[42.520181, -83.043539]
[42.520181, -83.043539]
[42.520181, -83.043539]
[42.520181, -83.043539]
[42.520181, -83.043539]
[42.520181, -83.043539]
[42.520181, -83.043539]
[42.520181, -83.043539]
[42.520181, -83.043539]
[42.520181, -83.043539]
[42.520181, -83.043539]
[42.520181, -83.043539]
[42.520181, -83.043539]
[42.520181, -83.043539]
[42.520181, -83.043539]
[42.520181, -83.043539]
[42.520181, -83.043539]
[42.520181, -83.043539]
[42.520181, -83.043539]
[42.520181, -83.043539]
[42.520181, -83.043540]
[42.520181, -83.043540]
[42.520181, -83.043540]
[42.520181, -83.043540]
[42.520181, -83.043540]
[42.520181, -83.043540]
[42.520181, -83.043540]
[42.520181, -83.043540]
[42.520181, -83.043540]
[42.520181, -83.043540]
[42.520181, -83.043540]
[42.520182, -83.043540]
[42.520182, -83.043540]
[42.520182, -83.043540]
[42.520182, -83.043539]
[42.520182, -83.043539]
[42.520182, -83.043539]
[42.520182, -83.043539]
[42.520182, -83.043539]
[42.520182, -83.043539]
[42.520182, -83.043539]
[42.520182, -83.043539]
[42.520182, -83.043539]
[42.520182, -83.043539]
[42.520182, -83.043539]
[42.520182, -83.043539]
[42.520182, -83.043539]
[42.520182, -83.043539]
[42.520182, -83.043539]
[42.520182, -83.043539]
[42.520182, -83.043539]
[42.520182, -83.043539]
[42.520182, -83.043539]
[42.520182, -83.043539]
[42.520182, -83.043539]
[42.520182, -83.043539]
[42.520182, -83.043539]
[42.520182, -83.043539]
[42.520182, -83.043539]
[42.520182, -83.043539]
[42.520182, -83.043539]
[42.520182, -83.043539]
[42.520182, -83.043539]
[42.520182, -83.043538]
[42.520182, -83.043538]
[42.520182, -83.043538]
[42.520182, -83.043538]
[42.520182, -83.043538]
[42.520181, -83.043538]
[42.520181, -83.043538]
[42.520181, -83.043538]
[42.520181, -83.043538]
[42.520181, -83.043538]
[42.520181, -83.043538]
[42.520181, -83.043538]
[42.520181, -83.043538]
[42.520181, -83.043538]
[42.520181, -83.043538]
[42.520181, -83.043538]
[42.520181, -83.043538]
[42.520181, -83.043538]
[42.520181, -83.043538]
[42.520181, -83.043538]
[42.520181, -83.043538]
[42.520181, -83.043538]
[42.520181, -83.043538]
[42.520181, -83.043538]
[42.520181, -83.043538]
[42.520181, -83.043538]
[42.520181, -83.043538]
[42.520181, -83.043538]
[42.520181, -83.043538]
[42.520181, -83.043538]
[42.520181, -83.043538]
[42.520181, -83.043539]
[42.520181, -83.043539]
[42.520181, -83.043539]
[42.520181, -83.043539]
[42.520181, -83.043539]
[42.520181, -83.043539]
[42.520181, -83.043539]
[42.520181, -83.043539]
[42.520181, -83.043539]
[42.520181, -83.043539]
[42.520181, -83.043539]
[42.520181, -83.043539]
[42.520181, -83.043539]
[42.520181, -83.043539]
[42.520181, -83.043539]
[42.520181, -83.043539]
[42.520181, -83.043539]
[42.520181, -83.043539]
[42.520181, -83.043539]
[42.520181, -83.043539]
[42.520181, -83.043539]
[42.520181, -83.043539]
[42.520181, -83.043539]
[42.520181, -83.043539]
[42.520181, -83.043539]
[42.520181, -83.043539]
[42.520181, -83.043539]
[42.520181, -83.043539]
[42.520181, -83.043539]
[42.520181, -83.043539]
[42.520181, -83.043539]
[42.520181, -83.043539]
[42.520181, -83.043539]
[42.520181, -83.043539]
[42.520181, -83.043539]
[42.520181, -83.043539]
[42.520181, -83.043539]
[42.520181, -83.043539]
[42.520181, -83.043539]
[42.520181, -83.043539]
[42.520181, -83.043539]
[42.520181, -83.043539]
[42.520181, -83.043539]
[42.520181, -83.043539]
[42.520181, -83.043539]
[42.520181, -83.043539]
[42.520181, -83.043539]
[42.520181, -83.043539]
[42.520181, -83.043539]
[42.520181, -83.043539]
[42.520181, -83.043539]
[42.520181, -83.043539]
[42.520181, -83.043540]
[42.520181, -83.043540]
[42.520181, -83.043540]
[42.520181, -83.043540]
[42.520181, -83.043540]
[42.520181, -83.043540]
[42.520181, -83.043540]
[42.520181, -83.043540]
[42.520181, -83.043540]
[42.520181, -83.043540]
[42.520181, -83.043540]
[42.520181, -83.043540]
[42.520181, -83.043540]
[42.520181, -83.043540]
[42.520181, -83.043540]
[42.520181, -83.043540]
[42.520181, -83.043540]
[42.520181, -83.043540]
[42.520181, -83.043540]
[42.520181, -83.043540]
[42.520181, -83.043540]
[42.520181, -83.043540]
[42.520181, -83.043540]
[42.520181, -83.043540]
[42.520181, -83.043540]
[42.520181, -83.043540]
[42.520181, -83.043540]
[42.520181, -83.043540]
[42.520181, -83.043540]
[42.520181, -83.043540]
[42.520181, -83.043540]
[42.520181, -83.043540]
[42.520181, -83.043540]
[42.520181, -83.043540]
[42.520181, -83.043540]
[42.520181, -83.043540]
[42.520181, -83.043540]
[42.520181, -83.043540]
[42.520181, -83.043540]
[42.520181, -83.043540]
[42.520181, -83.043540]
[42.520182, -83.043540]
[42.520182, -83.043540]
[42.520182, -83.043540]
[42.520182, -83.043540]
[42.520181, -83.043540]
[42.520181, -83.043540]
[42.520181, -83.043540]
[42.520181, -83.043540]
[42.520181, -83.043540]
[42.520181, -83.043540]
[42.520181, -83.043540]
[42.520181, -83.043540]
[42.520181, -83.043540]
[42.520181, -83.043540]
[42.520181, -83.043540]
[42.520181, -83.043540]
[42.520181, -83.043540]
[42.520181, -83.043540]
[42.520181, -83.043540]
[42.520181, -83.043540]
[42.520181, -83.043540]
[42.520181, -83.043540]
[42.520181, -83.043540]
[42.520181, -83.043540]
[42.520181, -83.043540]
[42.520181, -83.043540]
[42.520181, -83.043540]
[42.520181, -83.043540]
[42.520181, -83.043540]
[42.520181, -83.043540]
[42.520181, -83.043540]
[42.520181, -83.043540]
[42.520181, -83.043540]
[42.520181, -83.043540]
[42.520181, -83.043540]
[42.520181, -83.043540]
[42.520181, -83.043540]
[42.520181, -83.043540]
[42.520181, -83.043540]
[42.520181, -83.043540]
[42.520181, -83.043540]
[42.520181, -83.043540]
[42.520181, -83.043540]
[42.520181, -83.043540]
[42.520181, -83.043540]
[42.520181, -83.043540]
[42.520181, -83.043540]
[42.520181, -83.043540]
[42.520181, -83.043540]
[42.520181, -83.043540]
[42.520181, -83.043540]
[42.520181, -83.043540]
[42.520181, -83.043540]
[42.520181, -83.043540]
[42.520181, -83.043540]
[42.520181, -83.043540]
[42.520180, -83.043540]
[42.520180, -83.043540]
[42.520180, -83.043540]
[42.520180, -83.043540]
[42.520180, -83.043540]
[42.520180, -83.043540]
[42.520180, -83.043540]
[42.520180, -83.043540]
[42.520180, -83.043540]
[42.520180, -83.043540]
[42.520180, -83.043540]
[42.520180, -83.043540]
[42.520180, -83.043540]
[42.520180, -83.043540]
[42.520180, -83.043540]
[42.520180, -83.043540]
[42.520180, -83.043540]
[42.520180, -83.043540]
[42.520180, -83.043540]
[42.520180, -83.043540]
[42.520180, -83.043540]
[42.520180, -83.043540]
[42.520180, -83.043540]
[42.520180, -83.043540]
[42.520180, -83.043540]
[42.520180, -83.043540]
[42.520180, -83.043540]
[42.520180, -83.043540]
[42.520180, -83.043540]
[42.520180, -83.043540]
[42.520180, -83.043540]
[42.520180, -83.043540]
[42.520180, -83.043540]
[42.520180, -83.043540]
[42.520180, -83.043540]
[42.520180, -83.043540]
[42.520180, -83.043540]
[42.520180, -83.043540]
[42.520180, -83.043540]
[42.520180, -83.043540]
[42.520180, -83.043540]
[42.520180, -83.043540]
[42.520180, -83.043540]
[42.520180, -83.043540]
[42.520180, -83.043540]
[42.520180, -83.043540]
[42.520180, -83.043540]
[42.520180, -83.043541]
[42.520180, -83.043541]
[42.520180, -83.043541]
[42.520180, -83.043541]
[42.520180, -83.043541]
[42.520180, -83.043541]
[42.520180, -83.043541]
[42.520180, -83.043541]
[42.520180, -83.043541]
[42.520180, -83.043541]
[42.520180, -83.043541]
[42.520180, -83.043541]
[42.520180, -83.043541]
[42.520180, -83.043541]
[42.520181, -83.043541]
[42.520181, -83.043541]
[42.520181, -83.043541]
[42.520181, -83.043541]
[42.520181, -83.043541]
[42.520181, -83.043541]
[42.520181, -83.043541]
[42.520181, -83.043541]
[42.520181, -83.043541]
[42.520181, -83.043541]
[42.520181, -83.043541]
[42.520181, -83.043541]
[42.520181, -83.043541]
[42.520181, -83.043541]
[42.520181, -83.043541]
[42.520181, -83.043541]
[42.520181, -83.043541]
[42.520181, -83.043541]
[42.520181, -83.043541]
[42.520181, -83.043541]
[42.520181, -83.043541]
[42.520181, -83.043541]
[42.520181, -83.043541]
[42.520181, -83.043541]
--start execution--
--stop execution--
[42.520186, -83.043618]
[42.520186, -83.043618]
[42.520186, -83.043618]
[42.520186, -83.043618]
[42.520186, -83.043618]
[42.520186, -83.043618]
[42.520186, -83.043618]
[42.520186, -83.043618]
[42.520186, -83.043618]
[42.520186, -83.043618]
[42.520186, -83.043618]
[42.520186, -83.043618]
[42.520186, -83.043618]
[42.520186, -83.043617]
[42.520186, -83.043617]
[42.520186, -83.043616]
[42.520186, -83.043615]
[42.520186, -83.043611]
[42.520186, -83.043611]
[42.520186, -83.043608]
[42.520186, -83.043606]
[42.520186, -83.043603]
[42.520186, -83.043597]
[42.520186, -83.043593]
[42.520186, -83.043593]
[42.520186, -83.043590]
[42.520186, -83.043587]
[42.520186, -83.043580]
[42.520186, -83.043576]
[42.520186, -83.043576]
[42.520186, -83.043573]
[42.520186, -83.043569]
[42.520186, -83.043566]
[42.520186, -83.043566]
[42.520186, -83.043566]
[42.520186, -83.043566]
[42.520186, -83.043566]
[42.520186, -83.043567]
[42.520186, -83.043567]
[42.520186, -83.043567]
[42.520186, -83.043567]
[42.520186, -83.043567]
[42.520186, -83.043567]
[42.520186, -83.043567]
[42.520186, -83.043567]
[42.520186, -83.043567]
[42.520186, -83.043567]
[42.520186, -83.043567]
[42.520186, -83.043567]
[42.520186, -83.043567]
[42.520186, -83.043567]
[42.520186, -83.043567]
[42.520186, -83.043567]
[42.520186, -83.043567]
[42.520186, -83.043567]
[42.520186, -83.043567]
[42.520186, -83.043567]
[42.520186, -83.043567]
[42.520186, -83.043567]
[42.520186, -83.043567]
[42.520186, -83.043567]
[42.520186, -83.043567]
[42.520186, -83.043567]
[42.520186, -83.043567]
[42.520187, -83.043567]
[42.520187, -83.043567]
[42.520187, -83.043567]
[42.520187, -83.043567]
[42.520187, -83.043567]
[42.520187, -83.043567]
[42.520187, -83.043567]
[42.520187, -83.043567]
[42.520187, -83.043567]
[42.520187, -83.043567]
[42.520187, -83.043567]
[42.520187, -83.043567]
[42.520187, -83.043567]
[42.520187, -83.043567]
[42.520187, -83.043567]
[42.520187, -83.043567]
[42.520186, -83.043568]
[42.520186, -83.043568]
[42.520186, -83.043568]
[42.520186, -83.043568]
[42.520186, -83.043568]
[42.520186, -83.043568]
[42.520186, -83.043568]
[42.520186, -83.043568]
[42.520186, -83.043568]
[42.520186, -83.043568]
[42.520186, -83.043568]
[42.520186, -83.043568]
[42.520186, -83.043568]
[42.520186, -83.043568]
[42.520186, -83.043568]
[42.520186, -83.043568]
[42.520186, -83.043568]
[42.520186, -83.043568]
[42.520186, -83.043567]
[42.520186, -83.043567]
[42.520186, -83.043568]
[42.520186, -83.043568]
[42.520185, -83.043567]
[42.520185, -83.043567]
[42.520185, -83.043568]
[42.520185, -83.043568]
[42.520185, -83.043568]
[42.520185, -83.043568]
[42.520185, -83.043568]
[42.520185, -83.043568]
[42.520185, -83.043568]
[42.520185, -83.043568]
[42.520185, -83.043568]
[42.520185, -83.043568]
[42.520185, -83.043568]
[42.520185, -83.043568]
[42.520185, -83.043568]
[42.520185, -83.043568]
[42.520185, -83.043568]
[42.520185, -83.043568]
[42.520185, -83.043568]
[42.520185, -83.043568]
[42.520185, -83.043568]
[42.520185, -83.043568]
[42.520185, -83.043568]
[42.520185, -83.043568]
[42.520185, -83.043568]
[42.520185, -83.043568]
[42.520185, -83.043568]
[42.520185, -83.043568]
[42.520185, -83.043568]
[42.520185, -83.043568]
[42.520185, -83.043568]
[42.520185, -83.043568]
[42.520185, -83.043568]
[42.520185, -83.043568]
[42.520185, -83.043569]
[42.520185, -83.043569]
[42.520185, -83.043569]
[42.520185, -83.043569]
[42.520185, -83.043569]
[42.520185, -83.043569]
[42.520185, -83.043569]
[42.520185, -83.043569]
[42.520185, -83.043569]
[42.520185, -83.043569]
[42.520185, -83.043569]
[42.520185, -83.043569]
[42.520184, -83.043569]
[42.520184, -83.043569]
[42.520184, -83.043569]
[42.520184, -83.043569]
[42.520184, -83.043569]
[42.520184, -83.043569]
[42.520184, -83.043569]
[42.520184, -83.043569]
[42.520184, -83.043569]
[42.520184, -83.043569]
[42.520184, -83.043569]
[42.520184, -83.043569]
[42.520184, -83.043569]
[42.520184, -83.043569]
[42.520184, -83.043569]
[42.520184, -83.043569]
[42.520184, -83.043569]
[42.520184, -83.043569]
[42.520184, -83.043569]
[42.520184, -83.043569]
[42.520184, -83.043569]
[42.520184, -83.043569]
[42.520184, -83.043569]
[42.520184, -83.043569]
[42.520184, -83.043569]
[42.520184, -83.043569]
[42.520184, -83.043569]
[42.520184, -83.043569]
[42.520184, -83.043569]
[42.520184, -83.043569]
[42.520184, -83.043569]
[42.520184, -83.043569]
[42.520184, -83.043569]
[42.520184, -83.043569]
[42.520184, -83.043569]
[42.520184, -83.043569]
[42.520184, -83.043569]
[42.520184, -83.043569]
[42.520184, -83.043569]
[42.520184, -83.043569]
[42.520184, -83.043569]
[42.520184, -83.043569]
[42.520184, -83.043569]
[42.520184, -83.043569]
[42.520184, -83.043569]
[42.520184, -83.043569]
[42.520184, -83.043569]
[42.520184, -83.043569]
[42.520184, -83.043569]
[42.520184, -83.043569]
[42.520184, -83.043568]
[42.520184, -83.043568]
[42.520184, -83.043568]
[42.520184, -83.043568]
[42.520184, -83.043568]
[42.520184, -83.043568]
[42.520184, -83.043568]
[42.520184, -83.043568]
[42.520184, -83.043568]
[42.520184, -83.043568]
[42.520184, -83.043568]
[42.520184, -83.043568]
[42.520184, -83.043568]
[42.520184, -83.043568]
[42.520184, -83.043568]
[42.520184, -83.043568]
[42.520184, -83.043568]
[42.520184, -83.043568]
[42.520184, -83.043568]
[42.520184, -83.043568]
[42.520184, -83.043568]
[42.520184, -83.043568]
[42.520184, -83.043568]
[42.520184, -83.043568]
[42.520184, -83.043568]
[42.520184, -83.043568]
[42.520184, -83.043568]
[42.520184, -83.043568]
[42.520184, -83.043568]
[42.520184, -83.043568]
[42.520184, -83.043568]
[42.520184, -83.043568]
[42.520184, -83.043568]
[42.520184, -83.043568]
[42.520184, -83.043568]
[42.520184, -83.043568]
[42.520184, -83.043568]
[42.520184, -83.043568]
[42.520184, -83.043568]
[42.520184, -83.043568]
[42.520184, -83.043568]
[42.520184, -83.043568]
[42.520184, -83.043568]
[42.520184, -83.043568]
[42.520184, -83.043568]
[42.520184, -83.043568]
[42.520184, -83.043567]
[42.520184, -83.043567]
[42.520184, -83.043567]
[42.520185, -83.043567]
[42.520185, -83.043567]
[42.520185, -83.043567]
[42.520185, -83.043567]
[42.520185, -83.043567]
[42.520185, -83.043567]
[42.520185, -83.043567]
[42.520185, -83.043567]
[42.520185, -83.043567]
[42.520185, -83.043567]
[42.520185, -83.043567]
[42.520185, -83.043567]
[42.520185, -83.043567]
[42.520185, -83.043567]
[42.520185, -83.043567]
[42.520185, -83.043567]
[42.520185, -83.043567]
[42.520185, -83.043567]
[42.520185, -83.043567]
[42.520185, -83.043567]
[42.520185, -83.043567]
[42.520185, -83.043567]
[42.520185, -83.043567]
[42.520185, -83.043567]
[42.520185, -83.043567]
[42.520185, -83.043567]
[42.520185, -83.043567]
[42.520185, -83.043567]
[42.520185, -83.043567]
[42.520185, -83.043567]
[42.520185, -83.043567]
[42.520185, -83.043567]
[42.520185, -83.043567]
[42.520185, -83.043567]
[42.520185, -83.043567]
[42.520185, -83.043567]
[42.520185, -83.043567]
[42.520185, -83.043567]
[42.520185, -83.043567]
[42.520185, -83.043567]
[42.520185, -83.043567]
[42.520185, -83.043567]
[42.520185, -83.043567]
[42.520185, -83.043567]
--start execution--
--stop execution--
[42.520188, -83.043539]
[42.520188, -83.043539]
[42.520188, -83.043539]
[42.520188, -83.043539]
[42.520188, -83.043539]
[42.520188, -83.043539]
[42.520188, -83.043539]
[42.520188, -83.043539]
[42.520188, -83.043539]
[42.520188, -83.043539]
[42.520188, -83.043540]
[42.520188, -83.043544]
[42.520188, -83.043545]
[42.520188, -83.043547]
[42.520188, -83.043552]
[42.520188, -83.043554]
[42.520188, -83.043557]
[42.520188, -83.043559]
[42.520188, -83.043559]
[42.520188, -83.043562]
[42.520187, -83.043569]
[42.520187, -83.043569]
[42.520187, -83.043572]
[42.520187, -83.043575]
[42.520187, -83.043578]
[42.520187, -83.043584]
[42.520187, -83.043584]
[42.520187, -83.043590]
[42.520187, -83.043590]
[42.520187, -83.043596]
[42.520187, -83.043597]
[42.520187, -83.043597]
[42.520187, -83.043597]
[42.520187, -83.043597]
[42.520187, -83.043597]
[42.520187, -83.043597]
[42.520187, -83.043597]
[42.520187, -83.043597]
[42.520187, -83.043597]
[42.520187, -83.043597]
[42.520187, -83.043597]
[42.520187, -83.043597]
[42.520187, -83.043597]
[42.520187, -83.043597]
[42.520187, -83.043597]
[42.520187, -83.043597]
[42.520187, -83.043597]
[42.520187, -83.043597]
[42.520187, -83.043597]
[42.520187, -83.043597]
[42.520187, -83.043597]
[42.520187, -83.043597]
[42.520187, -83.043597]
[42.520187, -83.043597]
[42.520187, -83.043597]
[42.520187, -83.043597]
[42.520187, -83.043597]
[42.520187, -83.043597]
[42.520187, -83.043597]
[42.520187, -83.043595]
[42.520187, -83.043595]
[42.520187, -83.043593]
[42.520187, -83.043593]
[42.520187, -83.043588]
[42.520187, -83.043586]
[42.520187, -83.043579]
[42.520187, -83.043579]
[42.520187, -83.043568]
[42.520187, -83.043568]
[42.520188, -83.043560]
[42.520188, -83.043560]
[42.520188, -83.043552]
[42.520188, -83.043548]
[42.520188, -83.043540]
[42.520188, -83.043540]
[42.520188, -83.043532]
[42.520189, -83.043528]
[42.520189, -83.043523]
[42.520189, -83.043523]
[42.520189, -83.043523]
[42.520189, -83.043523]
[42.520189, -83.043523]
[42.520189, -83.043523]
[42.520189, -83.043523]
[42.520189, -83.043523]
[42.520189, -83.043523]
[42.520189, -83.043523]
[42.520189, -83.043523]
[42.520189, -83.043523]
[42.520189, -83.043523]
[42.520189, -83.043523]
[42.520189, -83.043523]
[42.520189, -83.043523]
[42.520189, -83.043523]
[42.520189, -83.043523]
[42.520189, -83.043523]
[42.520189, -83.043523]
[42.520189, -83.043523]
[42.520189, -83.043523]
[42.520189, -83.043523]
[42.520189, -83.043523]
[42.520189, -83.043523]
[42.520189, -83.043523]
[42.520189, -83.043523]
[42.520189, -83.043523]
[42.520189, -83.043523]
[42.520189, -83.043523]
[42.520188, -83.043523]
[42.520188, -83.043523]
[42.520188, -83.043523]
[42.520188, -83.043523]
[42.520188, -83.043523]
[42.520188, -83.043523]
[42.520188, -83.043523]
[42.520188, -83.043523]
[42.520188, -83.043523]
[42.520188, -83.043523]
[42.520188, -83.043523]
[42.520188, -83.043523]
[42.520188, -83.043523]
[42.520188, -83.043523]
[42.520188, -83.043523]
[42.520188, -83.043523]
[42.520188, -83.043522]
[42.520188, -83.043522]
[42.520188, -83.043522]
[42.520188, -83.043522]
[42.520188, -83.043522]
[42.520188, -83.043522]
[42.520188, -83.043522]
[42.520188, -83.043522]
[42.520188, -83.043522]
[42.520188, -83.043522]
[42.520188, -83.043522]
[42.520188, -83.043522]
[42.520188, -83.043522]
[42.520188, -83.043522]
[42.520188, -83.043522]
[42.520188, -83.043522]
[42.520188, -83.043522]
[42.520188, -83.043522]
[42.520188, -83.043522]
[42.520188, -83.043522]
[42.520188, -83.043522]
[42.520188, -83.043522]
[42.520188, -83.043522]
[42.520188, -83.043522]
[42.520188, -83.043522]
[42.520188, -83.043522]
[42.520188, -83.043522]
[42.520188, -83.043522]
[42.520188, -83.043522]
[42.520188, -83.043522]
[42.520188, -83.043522]
[42.520188, -83.043522]
[42.520188, -83.043522]
[42.520188, -83.043522]
[42.520188, -83.043522]
[42.520188, -83.043522]
[42.520188, -83.043522]
[42.520188, -83.043522]
[42.520188, -83.043522]
[42.520188, -83.043522]
[42.520188, -83.043522]
[42.520188, -83.043522]
[42.520188, -83.043522]
[42.520188, -83.043522]
[42.520188, -83.043522]
[42.520188, -83.043522]
[42.520188, -83.043522]
[42.520188, -83.043522]
[42.520188, -83.043522]
[42.520188, -83.043522]
[42.520188, -83.043522]
[42.520187, -83.043522]
[42.520187, -83.043522]
[42.520187, -83.043522]
[42.520187, -83.043522]
[42.520187, -83.043522]
[42.520187, -83.043521]
[42.520187, -83.043521]
[42.520187, -83.043521]
[42.520187, -83.043521]
[42.520187, -83.043521]
[42.520187, -83.043521]
[42.520187, -83.043521]
[42.520187, -83.043521]
[42.520187, -83.043521]
[42.520187, -83.043521]
[42.520187, -83.043521]
[42.520187, -83.043521]
[42.520187, -83.043521]
[42.520187, -83.043521]
[42.520187, -83.043521]
[42.520187, -83.043521]
[42.520187, -83.043521]
[42.520187, -83.043521]
[42.520187, -83.043521]
[42.520187, -83.043521]
[42.520187, -83.043522]
[42.520187, -83.043522]
[42.520187, -83.043522]
[42.520187, -83.043522]
[42.520187, -83.043522]
[42.520187, -83.043522]
[42.520187, -83.043522]
[42.520187, -83.043522]
[42.520187, -83.043522]
[42.520187, -83.043522]
[42.520187, -83.043522]
[42.520187, -83.043522]
[42.520187, -83.043522]
[42.520187, -83.043522]
[42.520187, -83.043522]
[42.520187, -83.043522]
[42.520187, -83.043522]
[42.520187, -83.043522]
[42.520187, -83.043522]
[42.520187, -83.043522]
[42.520187, -83.043522]
[42.520187, -83.043521]
[42.520187, -83.043521]
[42.520187, -83.043521]
[42.520187, -83.043521]
[42.520187, -83.043521]
[42.520187, -83.043521]
[42.520187, -83.043521]
[42.520187, -83.043521]
[42.520187, -83.043521]
[42.520187, -83.043521]
[42.520187, -83.043521]
[42.520187, -83.043521]
[42.520187, -83.043521]
[42.520187, -83.043521]
[42.520187, -83.043521]
[42.520187, -83.043521]
[42.520187, -83.043521]
[42.520187, -83.043521]
[42.520187, -83.043521]
[42.520187, -83.043521]
[42.520187, -83.043521]
[42.520187, -83.043521]
[42.520187, -83.043521]
[42.520187, -83.043521]
[42.520187, -83.043521]
[42.520187, -83.043521]
[42.520187, -83.043521]
[42.520187, -83.043521]
[42.520187, -83.043521]
[42.520187, -83.043521]
[42.520187, -83.043521]
[42.520187, -83.043521]
[42.520187, -83.043521]
[42.520187, -83.043521]
[42.520187, -83.043521]
[42.520187, -83.043521]
[42.520187, -83.043521]
[42.520187, -83.043521]
[42.520187, -83.043521]
[42.520187, -83.043521]
[42.520187, -83.043521]
[42.520187, -83.043521]
[42.520187, -83.043521]
[42.520187, -83.043521]
[42.520187, -83.043521]
[42.520187, -83.043521]
[42.520187, -83.043521]
[42.520187, -83.043521]
[42.520187, -83.043521]
[42.520187, -83.043521]
[42.520187, -83.043520]
[42.520187, -83.043520]
[42.520187, -83.043520]
[42.520187, -83.043520]
[42.520187, -83.043520]
[42.520187, -83.043520]
[42.520187, -83.043520]
[42.520187, -83.043520]
[42.520187, -83.043520]
[42.520187, -83.043520]
[42.520187, -83.043520]
[42.520187, -83.043520]
[42.520187, -83.043520]
[42.520187, -83.043520]
[42.520187, -83.043520]
[42.520187, -83.043520]
[42.520187, -83.043520]
[42.520187, -83.043520]
[42.520187, -83.043520]
[42.520187, -83.043520]
[42.520187, -83.043520]
[42.520187, -83.043520]
[42.520187, -83.043520]
[42.520187, -83.043520]
[42.520187, -83.043520]
[42.520187, -83.043520]
[42.520187, -83.043520]
[42.520187, -83.043520]
[42.520187, -83.043520]
[42.520187, -83.043520]
[42.520187, -83.043521]
[42.520187, -83.043521]
[42.520187, -83.043521]
[42.520187, -83.043521]
[42.520187, -83.043521]
[42.520187, -83.043521]
[42.520187, -83.043521]
[42.520187, -83.043521]
[42.520187, -83.043521]
[42.520186, -83.043521]
[42.520186, -83.043520]
[42.520186, -83.043520]
[42.520186, -83.043520]
[42.520186, -83.043520]
[42.520186, -83.043520]
[42.520186, -83.043520]
[42.520186, -83.043520]
[42.520186, -83.043520]
[42.520186, -83.043520]
[42.520186, -83.043520]
[42.520186, -83.043520]
[42.520186, -83.043520]
[42.520186, -83.043520]
[42.520186, -83.043520]
[42.520186, -83.043520]
[42.520186, -83.043520]
[42.520186, -83.043520]
[42.520186, -83.043520]
[42.520186, -83.043520]
[42.520186, -83.043520]
[42.520186, -83.043520]
[42.520186, -83.043520]
[42.520186, -83.043520]
[42.520186, -83.043520]
[42.520186, -83.043520]
[42.520186, -83.043520]
[42.520186, -83.043520]
[42.520186, -83.043520]
[42.520186, -83.043520]
[42.520186, -83.043520]
[42.520186, -83.043520]
[42.520186, -83.043520]
[42.520186, -83.043520]
[42.520186, -83.043520]
[42.520186, -83.043520]
[42.520186, -83.043520]
[42.520186, -83.043520]
[42.520186, -83.043520]
[42.520186, -83.043520]
[42.520186, -83.043520]
[42.520186, -83.043520]
[42.520186, -83.043520]
[42.520186, -83.043520]
[42.520186, -83.043520]
[42.520186, -83.043520]
[42.520186, -83.043520]
[42.520186, -83.043520]
[42.520186, -83.043520]
[42.520186, -83.043520]
[42.520186, -83.043520]
[42.520186, -83.043521]
[42.520186, -83.043521]
[42.520186, -83.043521]
[42.520186, -83.043521]
[42.520186, -83.043521]
[42.520186, -83.043521]
[42.520186, -83.043521]
[42.520186, -83.043521]
[42.520186, -83.043521]
[42.520186, -83.043521]
[42.520186, -83.043521]
[42.520186, -83.043521]
[42.520186, -83.043521]
[42.520186, -83.043521]
[42.520186, -83.043521]
[42.520186, -83.043521]
[42.520186, -83.043521]
[42.520186, -83.043521]
[42.520186, -83.043521]
[42.520186, -83.043521]
[42.520186, -83.043521]
[42.520186, -83.043521]
[42.520186, -83.043521]
[42.520186, -83.043521]
[42.520186, -83.043521]
[42.520186, -83.043521]
[42.520185, -83.043521]
[42.520185, -83.043521]
[42.520185, -83.043521]
[42.520185, -83.043521]
[42.520185, -83.043521]
[42.520185, -83.043521]
[42.520185, -83.043521]
[42.520185, -83.043521]
[42.520185, -83.043521]
[42.520185, -83.043521]
[42.520185, -83.043521]
[42.520185, -83.043521]
[42.520185, -83.043521]
[42.520185, -83.043521]
[42.520185, -83.043521]
[42.520185, -83.043521]
[42.520185, -83.043521]
[42.520185, -83.043521]
[42.520185, -83.043521]
[42.520185, -83.043521]
[42.520185, -83.043521]
[42.520185, -83.043521]
[42.520185, -83.043521]
[42.520185, -83.043521]
[42.520185, -83.043521]
[42.520185, -83.043521]
[42.520185, -83.043521]
[42.520185, -83.043521]
[42.520185, -83.043521]
[42.520185, -83.043521]
[42.520185, -83.043521]
[42.520185, -83.043521]
[42.520185, -83.043521]
[42.520186, -83.043521]
[42.520186, -83.043521]
[42.520186, -83.043521]
[42.520186, -83.043521]
[42.520186, -83.043521]
[42.520186, -83.043521]
[42.520186, -83.043521]
[42.520186, -83.043521]
[42.520186, -83.043521]
[42.520186, -83.043521]
[42.520186, -83.043521]
[42.520186, -83.043522]
[42.520186, -83.043522]
[42.520186, -83.043522]
[42.520186, -83.043522]
[42.520186, -83.043522]
[42.520186, -83.043522]
[42.520186, -83.043522]
[42.520186, -83.043522]
[42.520186, -83.043522]
[42.520186, -83.043522]
[42.520186, -83.043522]
[42.520186, -83.043522]
[42.520186, -83.043522]
[42.520186, -83.043522]
[42.520186, -83.043522]
[42.520186, -83.043522]
[42.520186, -83.043522]
[42.520186, -83.043522]
[42.520186, -83.043522]
[42.520186, -83.043522]
[42.520186, -83.043522]
[42.520186, -83.043522]
[42.520186, -83.043522]
[42.520186, -83.043522]
[42.520186, -83.043522]
[42.520186, -83.043522]
[42.520186, -83.043522]
--start execution--
--stop execution--
[42.520298, -83.043385]
[42.520298, -83.043385]
[42.520298, -83.043385]
[42.520298, -83.043384]
[42.520298, -83.043384]
[42.520298, -83.043384]
[42.520298, -83.043384]
[42.520298, -83.043384]
[42.520298, -83.043384]
[42.520298, -83.043384]
[42.520298, -83.043384]
[42.520298, -83.043384]
[42.520298, -83.043384]
[42.520298, -83.043384]
[42.520298, -83.043384]
[42.520298, -83.043384]
[42.520297, -83.043384]
[42.520297, -83.043384]
[42.520297, -83.043384]
[42.520297, -83.043384]
[42.520297, -83.043384]
[42.520297, -83.043384]
[42.520297, -83.043384]
[42.520297, -83.043384]
[42.520297, -83.043384]
[42.520297, -83.043384]
[42.520297, -83.043384]
[42.520297, -83.043384]
[42.520297, -83.043384]
[42.520297, -83.043384]
[42.520297, -83.043384]
[42.520297, -83.043384]
[42.520297, -83.043384]
[42.520297, -83.043384]
[42.520297, -83.043384]
[42.520297, -83.043384]
[42.520297, -83.043383]
[42.520297, -83.043383]
[42.520297, -83.043383]
[42.520297, -83.043383]
[42.520297, -83.043383]
[42.520297, -83.043383]
[42.520297, -83.043383]
[42.520297, -83.043383]
[42.520297, -83.043383]
[42.520297, -83.043383]
[42.520297, -83.043383]
[42.520297, -83.043383]
[42.520297, -83.043383]
[42.520296, -83.043383]
[42.520296, -83.043383]
[42.520296, -83.043383]
[42.520296, -83.043383]
[42.520296, -83.043383]
[42.520296, -83.043383]
[42.520296, -83.043383]
[42.520296, -83.043383]
[42.520296, -83.043383]
[42.520296, -83.043383]
[42.520296, -83.043383]
[42.520296, -83.043383]
[42.520296, -83.043383]
[42.520296, -83.043383]
[42.520296, -83.043383]
[42.520296, -83.043383]
[42.520296, -83.043382]
[42.520296, -83.043382]
[42.520296, -83.043382]
[42.520296, -83.043382]
[42.520296, -83.043382]
[42.520296, -83.043382]
[42.520296, -83.043382]
[42.520296, -83.043382]
[42.520296, -83.043382]
[42.520296, -83.043382]
[42.520296, -83.043382]
[42.520296, -83.043382]
[42.520296, -83.043382]
[42.520296, -83.043382]
[42.520296, -83.043382]
[42.520296, -83.043382]
[42.520296, -83.043382]
[42.520296, -83.043382]
[42.520296, -83.043382]
[42.520296, -83.043382]
[42.520296, -83.043382]
[42.520296, -83.043382]
[42.520296, -83.043382]
[42.520295, -83.043382]
[42.520295, -83.043382]
[42.520295, -83.043381]
[42.520295, -83.043381]
[42.520295, -83.043381]
[42.520295, -83.043381]
[42.520295, -83.043381]
[42.520295, -83.043381]
[42.520295, -83.043381]
[42.520295, -83.043381]
[42.520295, -83.043381]
[42.520295, -83.043381]
[42.520295, -83.043381]
[42.520295, -83.043381]
[42.520295, -83.043381]
[42.520295, -83.043381]
[42.520295, -83.043381]
[42.520295, -83.043381]
[42.520295, -83.043381]
[42.520295, -83.043381]
[42.520295, -83.043381]
[42.520295, -83.043381]
[42.520295, -83.043381]
[42.520295, -83.043381]
[42.520295, -83.043381]
[42.520295, -83.043381]
[42.520295, -83.043381]
[42.520295, -83.043381]
[42.520295, -83.043381]
[42.520295, -83.043381]
[42.520295, -83.043381]
[42.520295, -83.043381]
[42.520295, -83.043381]
[42.520295, -83.043381]
[42.520295, -83.043381]
[42.520295, -83.043381]
[42.520295, -83.043381]
[42.520295, -83.043381]
[42.520295, -83.043381]
[42.520295, -83.043381]
[42.520295, -83.043381]
[42.520295, -83.043381]
[42.520295, -83.043381]
[42.520295, -83.043381]
[42.520295, -83.043381]
[42.520295, -83.043381]
[42.520295, -83.043381]
[42.520295, -83.043381]
[42.520295, -83.043381]
[42.520295, -83.043381]
[42.520295, -83.043381]
[42.520295, -83.043381]
[42.520295, -83.043381]
[42.520295, -83.043381]
[42.520295, -83.043381]
[42.520295, -83.043380]
[42.520295, -83.043380]
[42.520295, -83.043380]
[42.520295, -83.043380]
[42.520295, -83.043380]
[42.520295, -83.043380]
[42.520295, -83.043380]
[42.520295, -83.043380]
[42.520295, -83.043380]
[42.520295, -83.043380]
[42.520295, -83.043380]
[42.520295, -83.043380]
[42.520295, -83.043380]
[42.520295, -83.043380]
[42.520295, -83.043380]
[42.520295, -83.043380]
[42.520295, -83.043380]
[42.520295, -83.043380]
[42.520295, -83.043380]
[42.520295, -83.043380]
[42.520295, -83.043380]
[42.520295, -83.043380]
[42.520295, -83.043380]
[42.520295, -83.043380]
[42.520295, -83.043380]
[42.520295, -83.043380]
[42.520295, -83.043380]
[42.520295, -83.043380]
[42.520295, -83.043380]
[42.520295, -83.043380]
[42.520295, -83.043380]
[42.520295, -83.043380]
[42.520295, -83.043380]
[42.520295, -83.043380]
[42.520295, -83.043380]
[42.520295, -83.043380]
[42.520295, -83.043380]
[42.520295, -83.043380]
[42.520295, -83.043380]
[42.520295, -83.043380]
[42.520295, -83.043380]
[42.520295, -83.043380]
[42.520295, -83.043380]
[42.520295, -83.043380]
[42.520295, -83.043380]
[42.520295, -83.043380]
[42.520295, -83.043380]
[42.520295, -83.043380]
[42.520295, -83.043381]
[42.520295, -83.043381]
[42.520295, -83.043381]
[42.520295, -83.043381]
[42.520295, -83.043381]
[42.520295, -83.043381]
[42.520295, -83.043381]
[42.520295, -83.043381]
[42.520295, -83.043381]
[42.520295, -83.043381]
[42.520295, -83.043381]
[42.520295, -83.043381]
[42.520295, -83.043381]
[42.520295, -83.043381]
[42.520295, -83.043381]
[42.520295, -83.043381]
[42.520295, -83.043381]
[42.520295, -83.043381]
[42.520295, -83.043381]
[42.520295, -83.043381]
[42.520295, -83.043381]
[42.520295, -83.043381]
[42.520295, -83.043381]
[42.520295, -83.043381]
[42.520295, -83.043381]
[42.520296, -83.043381]
[42.520296, -83.043381]
[42.520296, -83.043381]
[42.520296, -83.043381]
[42.520296, -83.043381]
[42.520296, -83.043381]
[42.520296, -83.043381]
[42.520296, -83.043381]
[42.520296, -83.043381]
[42.520296, -83.043381]
[42.520296, -83.043381]
[42.520296, -83.043381]
[42.520296, -83.043381]
[42.520296, -83.043381]
[42.520296, -83.043381]
[42.520296, -83.043381]
[42.520296, -83.043381]
[42.520296, -83.043381]
[42.520296, -83.043381]
[42.520296, -83.043381]
[42.520296, -83.043381]
[42.520296, -83.043381]
[42.520296, -83.043381]
[42.520296, -83.043381]
[42.520296, -83.043381]
[42.520296, -83.043381]
[42.520296, -83.043381]
[42.520296, -83.043382]
[42.520296, -83.043382]
[42.520296, -83.043382]
[42.520296, -83.043382]
[42.520296, -83.043382]
[42.520296, -83.043382]
[42.520296, -83.043382]
[42.520296, -83.043382]
[42.520296, -83.043382]
[42.520296, -83.043382]
[42.520296, -83.043382]
[42.520296, -83.043382]
[42.520296, -83.043382]
[42.520296, -83.043382]
[42.520296, -83.043382]
[42.520296, -83.043382]
[42.520296, -83.043382]
[42.520296, -83.043382]
[42.520296, -83.043382]
[42.520296, -83.043382]
[42.520296, -83.043382]
[42.520296, -83.043382]
[42.520296, -83.043382]
[42.520296, -83.043382]
[42.520296, -83.043382]
[42.520296, -83.043382]
[42.520296, -83.043382]
[42.520296, -83.043382]
[42.520296, -83.043382]
[42.520296, -83.043382]
[42.520296, -83.043382]
[42.520296, -83.043382]
[42.520296, -83.043382]
[42.520296, -83.043382]
[42.520296, -83.043382]
[42.520296, -83.043382]
[42.520296, -83.043382]
[42.520296, -83.043382]
[42.520296, -83.043382]
[42.520296, -83.043382]
[42.520296, -83.043382]
[42.520296, -83.043382]
[42.520296, -83.043382]
[42.520296, -83.043382]
[42.520296, -83.043382]
[42.520296, -83.043382]
[42.520296, -83.043382]
[42.520296, -83.043382]
[42.520296, -83.043382]
[42.520296, -83.043382]
[42.520296, -83.043382]
[42.520296, -83.043382]
[42.520296, -83.043382]
[42.520296, -83.043382]
[42.520296, -83.043382]
[42.520296, -83.043381]
[42.520296, -83.043381]
[42.520296, -83.043381]
[42.520296, -83.043381]
[42.520296, -83.043381]
[42.520296, -83.043381]
[42.520296, -83.043381]
[42.520296, -83.043381]
[42.520296, -83.043381]
[42.520296, -83.043381]
[42.520296, -83.043381]
[42.520295, -83.043381]
[42.520295, -83.043381]
[42.520295, -83.043381]
[42.520295, -83.043381]
[42.520295, -83.043381]
[42.520295, -83.043381]
[42.520295, -83.043381]
[42.520295, -83.043381]
[42.520295, -83.043381]
[42.520295, -83.043381]
[42.520295, -83.043381]
[42.520295, -83.043381]
[42.520295, -83.043381]
[42.520295, -83.043381]
[42.520295, -83.043381]
[42.520295, -83.043381]
[42.520295, -83.043381]
[42.520295, -83.043381]
[42.520295, -83.043381]
[42.520295, -83.043381]
[42.520295, -83.043381]
[42.520295, -83.043381]
[42.520295, -83.043381]
[42.520295, -83.043381]
[42.520295, -83.043381]
[42.520295, -83.043381]
[42.520295, -83.043381]
[42.520295, -83.043381]
[42.520295, -83.043381]
[42.520295, -83.043381]
[42.520295, -83.043381]
[42.520295, -83.043381]
[42.520295, -83.043381]
[42.520295, -83.043381]
[42.520295, -83.043381]
[42.520295, -83.043381]
[42.520295, -83.043381]
[42.520295, -83.043381]
[42.520295, -83.043381]
[42.520295, -83.043381]
[42.520295, -83.043381]
[42.520295, -83.043381]
[42.520295, -83.043381]
[42.520295, -83.043381]
[42.520295, -83.043381]
[42.520295, -83.043381]
[42.520295, -83.043381]
[42.520295, -83.043381]
[42.520295, -83.043381]
[42.520295, -83.043381]
[42.520295, -83.043381]
[42.520295, -83.043381]
[42.520295, -83.043381]
[42.520295, -83.043381]
[42.520295, -83.043381]
[42.520295, -83.043381]
[42.520295, -83.043381]
[42.520295, -83.043381]
[42.520295, -83.043381]
[42.520295, -83.043381]
[42.520295, -83.043381]
[42.520295, -83.043381]
[42.520295, -83.043381]
[42.520295, -83.043381]
[42.520295, -83.043381]
[42.520295, -83.043381]
[42.520295, -83.043381]
[42.520295, -83.043381]
[42.520295, -83.043381]
[42.520295, -83.043381]
[42.520295, -83.043381]
[42.520295, -83.043381]
[42.520295, -83.043381]
[42.520295, -83.043381]
[42.520295, -83.043381]
[42.520295, -83.043381]
[42.520295, -83.043381]
[42.520295, -83.043381]
[42.520295, -83.043381]
[42.520295, -83.043381]
[42.520295, -83.043381]
[42.520295, -83.043381]
[42.520295, -83.043381]
[42.520295, -83.043381]
[42.520295, -83.043380]
[42.520295, -83.043380]
[42.520295, -83.043380]
[42.520295, -83.043380]
[42.520295, -83.043380]
[42.520295, -83.043380]
[42.520295, -83.043380]
[42.520295, -83.043380]
[42.520295, -83.043380]
[42.520295, -83.043380]
[42.520295, -83.043380]
[42.520295, -83.043380]
[42.520295, -83.043380]
[42.520295, -83.043380]
[42.520295, -83.043380]
[42.520295, -83.043380]
[42.520296, -83.043380]
[42.520296, -83.043380]
[42.520296, -83.043380]
[42.520296, -83.043380]
[42.520296, -83.043380]
[42.520296, -83.043380]
[42.520296, -83.043380]
[42.520296, -83.043380]
[42.520296, -83.043380]
[42.520296, -83.043380]
[42.520296, -83.043380]
[42.520296, -83.043380]
[42.520296, -83.043380]
[42.520296, -83.043380]
[42.520296, -83.043380]
[42.520296, -83.043380]
[42.520296, -83.043380]
[42.520296, -83.043380]
[42.520296, -83.043380]
[42.520296, -83.043380]
[42.520296, -83.043380]
[42.520296, -83.043380]
[42.520296, -83.043380]
[42.520296, -83.043380]
[42.520296, -83.043380]
[42.520296, -83.043380]
[42.520296, -83.043380]
[42.520296, -83.043380]
[42.520296, -83.043380]
[42.520296, -83.043380]
[42.520296, -83.043380]
[42.520296, -83.043380]
[42.520296, -83.043380]
[42.520296, -83.043380]
[42.520296, -83.043380]
[42.520296, -83.043380]
[42.520296, -83.043380]
[42.520296, -83.043380]
[42.520296, -83.043380]
[42.520296, -83.043380]
[42.520296, -83.043380]
[42.520296, -83.043380]
[42.520296, -83.043380]
[42.520296, -83.043380]
[42.520296, -83.043380]
[42.520296, -83.043380]
[42.520296, -83.043380]
[42.520296, -83.043380]
[42.520296, -83.043380]
[42.520296, -83.043379]
[42.520296, -83.043379]
[42.520295, -83.043379]
[42.520295, -83.043379]
[42.520295, -83.043379]
[42.520295, -83.043379]
[42.520295, -83.043379]
[42.520295, -83.043379]
[42.520295, -83.043379]
[42.520295, -83.043379]
[42.520295, -83.043379]
[42.520295, -83.043379]
[42.520295, -83.043379]
[42.520295, -83.043379]
[42.520295, -83.043379]
[42.520295, -83.043379]
[42.520295, -83.043380]
[42.520295, -83.043380]
[42.520295, -83.043380]
[42.520295, -83.043380]
[42.520295, -83.043379]
[42.520295, -83.043379]
[42.520295, -83.043379]
[42.520295, -83.043379]
[42.520295, -83.043379]
[42.520295, -83.043379]
[42.520295, -83.043379]
[42.520295, -83.043379]
[42.520295, -83.043379]
[42.520295, -83.043379]
[42.520295, -83.043379]
[42.520295, -83.043379]
[42.520295, -83.043379]
[42.520295, -83.043379]
[42.520295, -83.043379]
[42.520295, -83.043379]
[42.520295, -83.043379]
[42.520295, -83.043379]
[42.520295, -83.043379]
[42.520295, -83.043379]
[42.520295, -83.043379]
[42.520295, -83.043379]
[42.520295, -83.043379]
[42.520295, -83.043379]
[42.520295, -83.043379]
[42.520295, -83.043379]
[42.520295, -83.043379]
[42.520295, -83.043379]
[42.520295, -83.043379]
[42.520295, -83.043379]
[42.520295, -83.043379]
[42.520295, -83.043379]
[42.520295, -83.043379]
[42.520295, -83.043379]
[42.520295, -83.043379]
[42.520295, -83.043379]
[42.520295, -83.043379]
[42.520295, -83.043379]
[42.520295, -83.043379]
[42.520295, -83.043379]
[42.520295, -83.043379]
[42.520295, -83.043379]
[42.520295, -83.043379]
[42.520295, -83.043379]
[42.520295, -83.043379]
[42.520295, -83.043379]
[42.520295, -83.043379]
[42.520295, -83.043379]
[42.520295, -83.043379]
[42.520295, -83.043379]
[42.520295, -83.043379]
[42.520295, -83.043379]
[42.520295, -83.043379]
[42.520295, -83.043379]
[42.520295, -83.043379]
[42.520295, -83.043379]
[42.520295, -83.043379]
[42.520295, -83.043379]
[42.520295, -83.043379]
[42.520295, -83.043379]
[42.520295, -83.043379]
[42.520295, -83.043379]
[42.520295, -83.043379]
[42.520295, -83.043379]
[42.520295, -83.043379]
[42.520295, -83.043379]
[42.520296, -83.043379]
[42.520296, -83.043379]
[42.520296, -83.043379]
[42.520296, -83.043379]
[42.520296, -83.043379]
[42.520296, -83.043379]
[42.520296, -83.043379]
[42.520296, -83.043379]
[42.520296, -83.043379]
[42.520296, -83.043379]
[42.520296, -83.043379]
[42.520296, -83.043379]
[42.520296, -83.043379]
[42.520296, -83.043379]
[42.520296, -83.043379]
[42.520296, -83.043379]
[42.520296, -83.043379]
[42.520296, -83.043379]
[42.520296, -83.043379]
[42.520296, -83.043379]
[42.520296, -83.043379]
[42.520296, -83.043379]
[42.520296, -83.043379]
[42.520296, -83.043379]
[42.520296, -83.043380]
[42.520296, -83.043380]
[42.520296, -83.043380]
[42.520296, -83.043380]
[42.520296, -83.043380]
[42.520296, -83.043380]
[42.520296, -83.043380]
[42.520296, -83.043380]
[42.520296, -83.043380]
[42.520296, -83.043380]
[42.520296, -83.043380]
[42.520296, -83.043380]
[42.520296, -83.043380]
[42.520296, -83.043380]
[42.520296, -83.043380]
[42.520296, -83.043380]
[42.520296, -83.043380]
[42.520296, -83.043380]
[42.520296, -83.043380]
[42.520296, -83.043380]
[42.520296, -83.043380]
[42.520296, -83.043380]
[42.520296, -83.043380]
[42.520296, -83.043380]
[42.520296, -83.043380]
[42.520296, -83.043380]
[42.520296, -83.043380]
[42.520296, -83.043380]
[42.520296, -83.043380]
[42.520296, -83.043380]
[42.520296, -83.043380]
[42.520296, -83.043380]
[42.520296, -83.043380]
[42.520296, -83.043380]
[42.520295, -83.043380]
[42.520295, -83.043380]
[42.520295, -83.043380]
[42.520295, -83.043380]
[42.520295, -83.043380]
[42.520295, -83.043380]
[42.520295, -83.043380]
[42.520295, -83.043380]
[42.520295, -83.043380]
[42.520295, -83.043380]
[42.520295, -83.043380]
[42.520295, -83.043380]
[42.520295, -83.043380]
[42.520295, -83.043380]
[42.520295, -83.043380]
[42.520295, -83.043380]
[42.520295, -83.043380]
[42.520295, -83.043380]
[42.520295, -83.043380]
[42.520295, -83.043380]
[42.520295, -83.043380]
[42.520295, -83.043380]
[42.520295, -83.043380]
[42.520295, -83.043380]
[42.520295, -83.043380]
[42.520295, -83.043380]
[42.520295, -83.043380]
[42.520295, -83.043380]
[42.520295, -83.043380]
[42.520295, -83.043380]
[42.520295, -83.043380]
[42.520295, -83.043380]
[42.520295, -83.043380]
[42.520295, -83.043380]
[42.520295, -83.043380]
[42.520295, -83.043380]
[42.520295, -83.043380]
[42.520295, -83.043380]
[42.520295, -83.043380]
[42.520295, -83.043380]
[42.520295, -83.043380]
[42.520295, -83.043380]
[42.520295, -83.043380]
[42.520295, -83.043380]
[42.520295, -83.043380]
[42.520295, -83.043380]
[42.520295, -83.043380]
[42.520295, -83.043380]
[42.520295, -83.043380]
[42.520295, -83.043380]
[42.520295, -83.043380]
[42.520295, -83.043380]
[42.520295, -83.043380]
[42.520295, -83.043380]
[42.520295, -83.043380]
[42.520295, -83.043380]
[42.520295, -83.043381]
[42.520295, -83.043381]
[42.520295, -83.043381]
[42.520295, -83.043381]
[42.520295, -83.043381]
[42.520295, -83.043381]
[42.520295, -83.043381]
[42.520295, -83.043381]
[42.520295, -83.043381]
[42.520295, -83.043381]
[42.520295, -83.043381]
[42.520295, -83.043381]
[42.520295, -83.043381]
[42.520295, -83.043381]
[42.520295, -83.043381]
[42.520295, -83.043381]
[42.520295, -83.043381]
[42.520295, -83.043381]
[42.520295, -83.043381]
[42.520295, -83.043381]
[42.520295, -83.043381]
[42.520295, -83.043381]
[42.520295, -83.043381]
[42.520295, -83.043381]
[42.520295, -83.043381]
[42.520295, -83.043381]
[42.520295, -83.043381]
[42.520295, -83.043381]
[42.520295, -83.043381]
[42.520295, -83.043381]
[42.520295, -83.043381]
[42.520295, -83.043381]
[42.520295, -83.043381]
[42.520295, -83.043381]
[42.520295, -83.043381]
[42.520296, -83.043381]
[42.520296, -83.043381]
[42.520296, -83.043381]
[42.520296, -83.043381]
[42.520296, -83.043381]
[42.520296, -83.043381]
[42.520296, -83.043381]
[42.520296, -83.043381]
[42.520296, -83.043381]
[42.520296, -83.043381]
[42.520296, -83.043381]
[42.520296, -83.043381]
[42.520296, -83.043381]
[42.520296, -83.043381]
[42.520296, -83.043381]
[42.520296, -83.043381]
[42.520296, -83.043381]
[42.520296, -83.043381]
[42.520296, -83.043381]
[42.520296, -83.043381]
[42.520296, -83.043381]
[42.520296, -83.043381]
[42.520296, -83.043381]
[42.520296, -83.043381]
[42.520296, -83.043381]
[42.520296, -83.043381]
[42.520296, -83.043381]
[42.520296, -83.043381]
[42.520296, -83.043381]
[42.520296, -83.043381]
[42.520296, -83.043381]
[42.520296, -83.043381]
[42.520296, -83.043381]
[42.520296, -83.043381]
[42.520296, -83.043382]
[42.520296, -83.043382]
[42.520296, -83.043382]
[42.520296, -83.043382]
[42.520296, -83.043382]
[42.520296, -83.043382]
[42.520296, -83.043382]
[42.520296, -83.043382]
[42.520296, -83.043382]
[42.520296, -83.043382]
[42.520296, -83.043382]
[42.520296, -83.043382]
[42.520296, -83.043382]
[42.520296, -83.043382]
[42.520296, -83.043382]
[42.520296, -83.043382]
[42.520296, -83.043382]
[42.520296, -83.043382]
[42.520296, -83.043382]
[42.520296, -83.043382]
[42.520296, -83.043382]
[42.520296, -83.043382]
[42.520296, -83.043382]
[42.520296, -83.043382]
[42.520296, -83.043382]
[42.520296, -83.043382]
[42.520296, -83.043382]
[42.520296, -83.043382]
[42.520296, -83.043382]
[42.520296, -83.043382]
[42.520296, -83.043382]
[42.520296, -83.043382]
[42.520296, -83.043382]
[42.520296, -83.043382]
[42.520296, -83.043382]
[42.520296, -83.043382]
[42.520296, -83.043382]
[42.520296, -83.043382]
[42.520296, -83.043382]
[42.520296, -83.043382]
[42.520296, -83.043382]
[42.520296, -83.043382]
[42.520296, -83.043382]
[42.520296, -83.043382]
[42.520296, -83.043382]
[42.520296, -83.043382]
[42.520296, -83.043382]
[42.520296, -83.043382]
[42.520296, -83.043382]
[42.520296, -83.043382]
[42.520296, -83.043382]
[42.520296, -83.043382]
[42.520296, -83.043382]
[42.520296, -83.043382]
[42.520296, -83.043382]
[42.520296, -83.043382]
[42.520296, -83.043382]
[42.520296, -83.043382]
[42.520296, -83.043382]
[42.520296, -83.043382]
[42.520296, -83.043382]
[42.520296, -83.043382]
[42.520296, -83.043382]
[42.520296, -83.043382]
[42.520296, -83.043382]
[42.520296, -83.043382]
[42.520296, -83.043382]
[42.520296, -83.043382]
[42.520296, -83.043382]
[42.520296, -83.043382]
[42.520296, -83.043382]
[42.520296, -83.043382]
[42.520296, -83.043382]
[42.520296, -83.043382]
[42.520296, -83.043382]
[42.520296, -83.043382]
[42.520296, -83.043382]
[42.520296, -83.043382]
[42.520296, -83.043382]
[42.520296, -83.043382]
[42.520296, -83.043382]
[42.520296, -83.043382]
[42.520296, -83.043382]
[42.520296, -83.043382]
[42.520296, -83.043382]
[42.520296, -83.043382]
[42.520296, -83.043382]
[42.520296, -83.043382]
[42.520296, -83.043382]
[42.520296, -83.043382]
[42.520296, -83.043382]
[42.520296, -83.043382]
[42.520296, -83.043382]
[42.520296, -83.043382]
[42.520296, -83.043382]
[42.520296, -83.043382]
[42.520296, -83.043382]
[42.520296, -83.043382]
[42.520296, -83.043382]
[42.520296, -83.043382]
[42.520296, -83.043382]
[42.520296, -83.043382]
[42.520296, -83.043382]
[42.520296, -83.043382]
[42.520296, -83.043382]
[42.520296, -83.043382]
[42.520296, -83.043382]
[42.520296, -83.043382]
[42.520296, -83.043382]
[42.520296, -83.043382]
[42.520295, -83.043382]
[42.520295, -83.043382]
[42.520295, -83.043382]
[42.520295, -83.043382]
[42.520295, -83.043382]
[42.520295, -83.043382]
[42.520295, -83.043382]
[42.520295, -83.043382]
[42.520295, -83.043382]
[42.520295, -83.043382]
[42.520295, -83.043382]
[42.520295, -83.043382]
[42.520295, -83.043382]
[42.520295, -83.043382]
[42.520295, -83.043382]
[42.520295, -83.043382]
[42.520295, -83.043382]
[42.520295, -83.043382]
[42.520295, -83.043382]
[42.520295, -83.043382]
[42.520295, -83.043382]
[42.520295, -83.043382]
[42.520295, -83.043382]
[42.520295, -83.043382]
[42.520295, -83.043382]
[42.520295, -83.043382]
[42.520295, -83.043382]
[42.520295, -83.043382]
[42.520294, -83.043382]
[42.520294, -83.043382]
[42.520295, -83.043382]
[42.520295, -83.043382]
[42.520294, -83.043382]
[42.520295, -83.043382]
[42.520294, -83.043382]
[42.520294, -83.043382]
[42.520294, -83.043382]
[42.520294, -83.043382]
[42.520294, -83.043382]
[42.520294, -83.043382]
[42.520294, -83.043382]
[42.520294, -83.043382]
[42.520294, -83.043382]
[42.520294, -83.043382]
[42.520294, -83.043382]
[42.520294, -83.043382]
[42.520294, -83.043382]
[42.520294, -83.043382]
[42.520294, -83.043382]
[42.520294, -83.043382]
[42.520294, -83.043382]
[42.520294, -83.043382]
[42.520294, -83.043382]
[42.520294, -83.043382]
[42.520294, -83.043382]
[42.520294, -83.043382]
[42.520294, -83.043382]
[42.520294, -83.043382]
[42.520294, -83.043383]
[42.520294, -83.043383]
[42.520294, -83.043383]
[42.520294, -83.043383]
[42.520294, -83.043383]
[42.520294, -83.043383]
[42.520294, -83.043383]
[42.520294, -83.043383]
[42.520294, -83.043383]
[42.520294, -83.043383]
[42.520294, -83.043383]
[42.520294, -83.043383]
[42.520294, -83.043383]
[42.520294, -83.043383]
[42.520294, -83.043383]
[42.520294, -83.043383]
[42.520294, -83.043383]
[42.520294, -83.043383]
[42.520294, -83.043383]
[42.520294, -83.043383]
[42.520294, -83.043383]
[42.520294, -83.043383]
[42.520294, -83.043383]
[42.520294, -83.043383]
[42.520294, -83.043383]
[42.520294, -83.043383]
[42.520294, -83.043383]
[42.520294, -83.043383]
[42.520294, -83.043383]
[42.520294, -83.043383]
[42.520294, -83.043383]
[42.520294, -83.043383]
[42.520294, -83.043383]
[42.520294, -83.043383]
[42.520293, -83.043383]
[42.520293, -83.043383]
[42.520293, -83.043383]
[42.520293, -83.043383]
[42.520293, -83.043383]
[42.520293, -83.043383]
[42.520293, -83.043383]
[42.520293, -83.043383]
[42.520293, -83.043383]
[42.520293, -83.043383]
[42.520293, -83.043383]
[42.520293, -83.043383]
[42.520293, -83.043383]
[42.520293, -83.043383]
[42.520293, -83.043383]
[42.520293, -83.043383]
[42.520293, -83.043383]
[42.520293, -83.043383]
[42.520293, -83.043383]
[42.520293, -83.043383]
[42.520293, -83.043383]
[42.520293, -83.043383]
[42.520293, -83.043383]
[42.520293, -83.043383]
[42.520293, -83.043383]
[42.520293, -83.043383]
[42.520293, -83.043383]
[42.520293, -83.043383]
[42.520294, -83.043383]
[42.520294, -83.043383]
[42.520294, -83.043383]
[42.520294, -83.043383]
[42.520294, -83.043383]
[42.520294, -83.043383]
[42.520294, -83.043383]
[42.520294, -83.043383]
[42.520294, -83.043383]
[42.520294, -83.043383]
[42.520294, -83.043383]
[42.520294, -83.043383]
[42.520294, -83.043383]
[42.520294, -83.043383]
[42.520294, -83.043383]
[42.520294, -83.043383]
[42.520294, -83.043383]
[42.520294, -83.043383]
[42.520294, -83.043383]
[42.520294, -83.043383]
[42.520294, -83.043383]
[42.520294, -83.043383]
[42.520294, -83.043383]
[42.520294, -83.043383]
[42.520294, -83.043383]
[42.520294, -83.043383]
[42.520294, -83.043383]
[42.520294, -83.043383]
[42.520294, -83.043383]
[42.520294, -83.043383]
[42.520294, -83.043384]
[42.520294, -83.043384]
[42.520294, -83.043384]
[42.520294, -83.043384]
[42.520294, -83.043384]
[42.520294, -83.043384]
[42.520294, -83.043384]
[42.520294, -83.043384]
[42.520294, -83.043384]
[42.520294, -83.043384]
[42.520294, -83.043384]
[42.520294, -83.043384]
[42.520294, -83.043384]
[42.520294, -83.043384]
[42.520294, -83.043384]
[42.520294, -83.043384]
[42.520294, -83.043384]
[42.520295, -83.043384]
[42.520295, -83.043384]
[42.520295, -83.043384]
[42.520295, -83.043384]
[42.520295, -83.043384]
[42.520295, -83.043384]
[42.520295, -83.043384]
[42.520295, -83.043384]
[42.520295, -83.043384]
[42.520295, -83.043384]
[42.520295, -83.043384]
[42.520295, -83.043384]
[42.520295, -83.043384]
[42.520295, -83.043383]
[42.520295, -83.043383]
[42.520295, -83.043383]
[42.520295, -83.043383]
[42.520295, -83.043383]
[42.520295, -83.043383]
[42.520295, -83.043383]
[42.520295, -83.043383]
[42.520295, -83.043383]
[42.520295, -83.043383]
[42.520295, -83.043383]
[42.520295, -83.043383]
[42.520295, -83.043383]
[42.520295, -83.043383]
[42.520294, -83.043383]
[42.520294, -83.043383]
[42.520294, -83.043383]
[42.520294, -83.043383]
[42.520294, -83.043383]
[42.520294, -83.043383]
[42.520294, -83.043383]
[42.520294, -83.043383]
[42.520294, -83.043383]
[42.520294, -83.043383]
[42.520294, -83.043383]
[42.520294, -83.043383]
[42.520294, -83.043383]
[42.520294, -83.043383]
[42.520294, -83.043383]
[42.520294, -83.043382]
[42.520294, -83.043382]
[42.520294, -83.043382]
[42.520294, -83.043382]
[42.520294, -83.043382]
[42.520294, -83.043382]
[42.520294, -83.043382]
[42.520294, -83.043382]
[42.520294, -83.043382]
[42.520294, -83.043382]
[42.520294, -83.043382]
[42.520294, -83.043382]
[42.520294, -83.043382]
[42.520294, -83.043382]
[42.520294, -83.043382]
[42.520294, -83.043382]
[42.520294, -83.043382]
[42.520294, -83.043382]
[42.520294, -83.043382]
[42.520294, -83.043382]
[42.520294, -83.043382]
[42.520294, -83.043382]
[42.520294, -83.043381]
[42.520294, -83.043381]
[42.520294, -83.043381]
[42.520294, -83.043381]
[42.520294, -83.043381]
[42.520294, -83.043381]
[42.520294, -83.043381]
[42.520294, -83.043381]
[42.520294, -83.043381]
[42.520294, -83.043381]
[42.520294, -83.043381]
[42.520294, -83.043381]
[42.520294, -83.043381]
[42.520294, -83.043381]
[42.520294, -83.043381]
[42.520294, -83.043381]
[42.520294, -83.043381]
[42.520294, -83.043381]
[42.520294, -83.043381]
[42.520294, -83.043381]
[42.520294, -83.043381]
[42.520294, -83.043381]
[42.520294, -83.043381]
[42.520294, -83.043381]
[42.520294, -83.043381]
[42.520294, -83.043381]
[42.520294, -83.043381]
[42.520294, -83.043381]
[42.520294, -83.043381]
[42.520294, -83.043381]
[42.520294, -83.043381]
[42.520294, -83.043381]
[42.520294, -83.043381]
[42.520294, -83.043381]
[42.520294, -83.043381]
[42.520294, -83.043381]
[42.520294, -83.043381]
[42.520294, -83.043381]
[42.520294, -83.043381]
[42.520294, -83.043381]
[42.520294, -83.043381]
[42.520294, -83.043381]
[42.520294, -83.043381]
[42.520294, -83.043381]
[42.520294, -83.043381]
[42.520294, -83.043381]
[42.520294, -83.043381]
[42.520294, -83.043381]
[42.520294, -83.043381]
[42.520294, -83.043381]
[42.520294, -83.043381]
[42.520294, -83.043381]
[42.520293, -83.043381]
[42.520293, -83.043381]
[42.520293, -83.043381]
[42.520293, -83.043381]
[42.520293, -83.043381]
[42.520293, -83.043381]
[42.520293, -83.043381]
[42.520293, -83.043381]
[42.520293, -83.043381]
[42.520293, -83.043381]
[42.520293, -83.043381]
[42.520293, -83.043381]
[42.520293, -83.043381]
[42.520293, -83.043381]
[42.520293, -83.043381]
[42.520293, -83.043381]
[42.520293, -83.043381]
[42.520293, -83.043381]
[42.520293, -83.043381]
[42.520293, -83.043381]
[42.520293, -83.043381]
[42.520293, -83.043381]
[42.520293, -83.043380]
[42.520293, -83.043380]
[42.520293, -83.043380]
[42.520293, -83.043380]
[42.520293, -83.043380]
[42.520293, -83.043380]
[42.520293, -83.043380]
[42.520293, -83.043380]
[42.520293, -83.043380]
[42.520293, -83.043380]
[42.520293, -83.043380]
[42.520293, -83.043380]
[42.520293, -83.043380]
[42.520293, -83.043380]
[42.520293, -83.043380]
[42.520293, -83.043380]
[42.520293, -83.043380]
[42.520293, -83.043380]
[42.520293, -83.043380]
[42.520293, -83.043380]
[42.520294, -83.043380]
[42.520294, -83.043380]
[42.520294, -83.043379]
[42.520294, -83.043379]
[42.520294, -83.043379]
[42.520294, -83.043379]
[42.520294, -83.043379]
[42.520294, -83.043379]
[42.520294, -83.043379]
[42.520294, -83.043379]
[42.520294, -83.043379]
[42.520294, -83.043379]
[42.520294, -83.043379]
[42.520294, -83.043379]
[42.520294, -83.043379]
[42.520294, -83.043379]
[42.520294, -83.043379]
[42.520294, -83.043379]
[42.520294, -83.043379]
[42.520294, -83.043379]
[42.520294, -83.043379]
[42.520294, -83.043379]
[42.520294, -83.043379]
[42.520294, -83.043379]
[42.520294, -83.043379]
[42.520294, -83.043379]
[42.520294, -83.043379]
[42.520294, -83.043379]
[42.520294, -83.043379]
[42.520294, -83.043379]
[42.520293, -83.043379]
[42.520293, -83.043379]
[42.520292, -83.043379]
[42.520291, -83.043379]
[42.520291, -83.043379]
[42.520290, -83.043379]
[42.520288, -83.043379]
[42.520287, -83.043380]
[42.520285, -83.043380]
[42.520285, -83.043380]
[42.520282, -83.043380]
[42.520281, -83.043381]
[42.520280, -83.043381]
[42.520279, -83.043381]
[42.520276, -83.043382]
[42.520276, -83.043382]
[42.520272, -83.043382]
[42.520272, -83.043382]
[42.520269, -83.043383]
[42.520269, -83.043383]
[42.520264, -83.043384]
[42.520264, -83.043384]
[42.520261, -83.043385]
[42.520261, -83.043385]
[42.520255, -83.043386]
[42.520255, -83.043386]
[42.520252, -83.043386]
[42.520252, -83.043386]
[42.520247, -83.043387]
[42.520246, -83.043387]
[42.520241, -83.043388]
[42.520241, -83.043388]
[42.520238, -83.043389]
[42.520235, -83.043389]
[42.520232, -83.043390]
[42.520232, -83.043390]
[42.520229, -83.043390]
[42.520228, -83.043391]
[42.520227, -83.043391]
[42.520226, -83.043391]
[42.520226, -83.043391]
[42.520226, -83.043391]
[42.520227, -83.043391]
[42.520227, -83.043391]
[42.520227, -83.043391]
[42.520227, -83.043391]
[42.520229, -83.043391]
[42.520229, -83.043391]
[42.520230, -83.043391]
[42.520231, -83.043391]
[42.520233, -83.043391]
[42.520233, -83.043391]
[42.520235, -83.043392]
[42.520237, -83.043392]
[42.520239, -83.043393]
[42.520241, -83.043394]
[42.520243, -83.043395]
[42.520243, -83.043395]
[42.520245, -83.043396]
[42.520246, -83.043396]
[42.520247, -83.043396]
[42.520247, -83.043396]
[42.520249, -83.043396]
[42.520249, -83.043396]
[42.520250, -83.043396]
[42.520250, -83.043396]
[42.520252, -83.043396]
[42.520253, -83.043396]
[42.520255, -83.043395]
[42.520255, -83.043395]
[42.520257, -83.043395]
[42.520258, -83.043394]
[42.520259, -83.043394]
[42.520260, -83.043394]
[42.520261, -83.043393]
[42.520262, -83.043393]
[42.520262, -83.043393]
[42.520262, -83.043393]
[42.520262, -83.043393]
[42.520262, -83.043393]
[42.520262, -83.043393]
[42.520262, -83.043393]
[42.520262, -83.043393]
[42.520262, -83.043393]
[42.520262, -83.043393]
[42.520262, -83.043393]
[42.520262, -83.043393]
[42.520262, -83.043393]
[42.520262, -83.043393]
[42.520262, -83.043393]
[42.520262, -83.043393]
[42.520263, -83.043393]
[42.520263, -83.043393]
[42.520263, -83.043393]
[42.520262, -83.043393]
[42.520262, -83.043393]
[42.520262, -83.043393]
[42.520261, -83.043393]
[42.520260, -83.043394]
[42.520259, -83.043394]
[42.520257, -83.043394]
[42.520257, -83.043394]
[42.520255, -83.043394]
[42.520254, -83.043394]
[42.520252, -83.043395]
[42.520252, -83.043395]
[42.520249, -83.043395]
[42.520248, -83.043395]
[42.520244, -83.043396]
[42.520244, -83.043396]
[42.520240, -83.043396]
[42.520240, -83.043396]
[42.520238, -83.043396]
[42.520238, -83.043396]
[42.520236, -83.043397]
[42.520236, -83.043397]
[42.520236, -83.043397]
[42.520236, -83.043397]
[42.520236, -83.043397]
[42.520236, -83.043397]
[42.520236, -83.043397]
[42.520236, -83.043397]
[42.520236, -83.043397]
[42.520236, -83.043397]
[42.520236, -83.043397]
[42.520236, -83.043397]
[42.520236, -83.043397]
[42.520236, -83.043397]
[42.520237, -83.043397]
[42.520237, -83.043397]
[42.520237, -83.043396]
[42.520238, -83.043396]
[42.520239, -83.043396]
[42.520239, -83.043396]
[42.520240, -83.043395]
[42.520240, -83.043395]
[42.520241, -83.043395]
[42.520241, -83.043395]
[42.520241, -83.043395]
[42.520241, -83.043395]
[42.520241, -83.043395]
[42.520241, -83.043395]
[42.520241, -83.043395]
[42.520241, -83.043395]
[42.520241, -83.043395]
[42.520241, -83.043395]
[42.520241, -83.043395]
[42.520241, -83.043395]
[42.520241, -83.043395]
[42.520241, -83.043395]
[42.520241, -83.043395]
[42.520241, -83.043395]
[42.520241, -83.043395]
[42.520241, -83.043396]
[42.520241, -83.043396]
[42.520241, -83.043396]
[42.520241, -83.043396]
[42.520241, -83.043396]
[42.520241, -83.043396]
[42.520241, -83.043396]
[42.520241, -83.043396]
[42.520241, -83.043396]
[42.520241, -83.043396]
[42.520241, -83.043396]
[42.520241, -83.043396]
[42.520241, -83.043396]
[42.520241, -83.043396]
[42.520241, -83.043396]
[42.520241, -83.043396]
[42.520241, -83.043396]
[42.520241, -83.043396]
[42.520241, -83.043396]
[42.520241, -83.043396]
[42.520241, -83.043396]
[42.520241, -83.043396]
[42.520241, -83.043396]
[42.520241, -83.043396]
[42.520241, -83.043396]
[42.520242, -83.043396]
[42.520242, -83.043396]
[42.520244, -83.043396]
[42.520245, -83.043395]
[42.520246, -83.043395]
[42.520247, -83.043394]
[42.520250, -83.043393]
[42.520252, -83.043393]
[42.520253, -83.043393]
[42.520253, -83.043393]
[42.520253, -83.043393]
[42.520253, -83.043393]
[42.520253, -83.043393]
[42.520253, -83.043393]
[42.520252, -83.043393]
[42.520252, -83.043393]
[42.520251, -83.043393]
[42.520250, -83.043393]
[42.520249, -83.043393]
[42.520247, -83.043393]
[42.520244, -83.043393]
[42.520244, -83.043393]
[42.520243, -83.043393]
[42.520241, -83.043393]
[42.520241, -83.043393]
[42.520238, -83.043393]
[42.520235, -83.043393]
[42.520234, -83.043393]
[42.520233, -83.043394]
[42.520230, -83.043394]
[42.520229, -83.043394]
[42.520227, -83.043395]
[42.520226, -83.043395]
[42.520225, -83.043396]
[42.520224, -83.043396]
[42.520221, -83.043397]
[42.520219, -83.043398]
[42.520219, -83.043398]
[42.520217, -83.043400]
[42.520216, -83.043400]
[42.520213, -83.043402]
[42.520213, -83.043402]
[42.520211, -83.043404]
[42.520210, -83.043405]
[42.520209, -83.043406]
[42.520206, -83.043409]
[42.520206, -83.043409]
[42.520204, -83.043411]
[42.520203, -83.043413]
[42.520202, -83.043414]
[42.520200, -83.043417]
[42.520199, -83.043419]
[42.520198, -83.043420]
[42.520196, -83.043424]
[42.520195, -83.043425]
[42.520195, -83.043427]
[42.520194, -83.043429]
[42.520193, -83.043433]
[42.520193, -83.043433]
[42.520192, -83.043437]
[42.520192, -83.043439]
[42.520192, -83.043443]
[42.520192, -83.043446]
[42.520192, -83.043448]
[42.520192, -83.043450]
[42.520192, -83.043455]
[42.520192, -83.043458]
[42.520192, -83.043460]
[42.520192, -83.043463]
[42.520193, -83.043468]
[42.520193, -83.043468]
[42.520193, -83.043474]
[42.520193, -83.043476]
[42.520193, -83.043482]
[42.520193, -83.043484]
[42.520193, -83.043487]
[42.520192, -83.043490]
[42.520192, -83.043495]
[42.520191, -83.043498]
[42.520191, -83.043501]
[42.520190, -83.043503]
[42.520189, -83.043509]
[42.520189, -83.043511]
[42.520188, -83.043514]
[42.520188, -83.043517]
[42.520187, -83.043522]
[42.520187, -83.043522]
[42.520186, -83.043531]
[42.520186, -83.043533]
[42.520185, -83.043536]
[42.520185, -83.043536]
[42.520185, -83.043543]
[42.520185, -83.043543]
[42.520185, -83.043547]
[42.520185, -83.043548]
[42.520185, -83.043550]
[42.520185, -83.043551]
[42.520185, -83.043552]
[42.520185, -83.043552]
[42.520185, -83.043552]
[42.520185, -83.043552]
[42.520185, -83.043552]
[42.520185, -83.043552]
[42.520185, -83.043550]
[42.520185, -83.043549]
[42.520185, -83.043547]
[42.520185, -83.043547]
[42.520186, -83.043542]
[42.520186, -83.043540]
[42.520186, -83.043537]
[42.520186, -83.043534]
[42.520186, -83.043534]
[42.520187, -83.043531]
[42.520187, -83.043531]
[42.520187, -83.043525]
[42.520187, -83.043525]
[42.520187, -83.043521]
[42.520187, -83.043521]
[42.520188, -83.043516]
[42.520188, -83.043516]
[42.520188, -83.043513]
[42.520188, -83.043513]
[42.520188, -83.043508]
[42.520188, -83.043508]
[42.520189, -83.043504]
[42.520189, -83.043502]
[42.520190, -83.043499]
[42.520190, -83.043495]
[42.520190, -83.043493]
[42.520191, -83.043490]
[42.520191, -83.043490]
[42.520191, -83.043486]
[42.520192, -83.043482]
[42.520192, -83.043480]
[42.520192, -83.043480]
[42.520193, -83.043476]
[42.520193, -83.043472]
[42.520193, -83.043472]
[42.520193, -83.043472]
[42.520193, -83.043472]
[42.520193, -83.043472]
[42.520193, -83.043472]
[42.520193, -83.043472]
[42.520193, -83.043472]
[42.520193, -83.043472]
[42.520193, -83.043472]
[42.520193, -83.043472]
[42.520193, -83.043472]
[42.520193, -83.043472]
[42.520193, -83.043472]
[42.520193, -83.043472]
[42.520193, -83.043472]
[42.520193, -83.043472]
[42.520193, -83.043472]
[42.520193, -83.043472]
[42.520193, -83.043472]
[42.520193, -83.043472]
[42.520194, -83.043472]
[42.520194, -83.043472]
[42.520194, -83.043472]
[42.520194, -83.043472]
[42.520194, -83.043472]
[42.520194, -83.043472]
[42.520194, -83.043472]
[42.520194, -83.043472]
[42.520194, -83.043472]
[42.520194, -83.043472]
[42.520194, -83.043472]
[42.520194, -83.043472]
[42.520194, -83.043472]
[42.520194, -83.043472]
[42.520194, -83.043472]
[42.520194, -83.043472]
[42.520194, -83.043472]
[42.520194, -83.043472]
[42.520194, -83.043472]
[42.520194, -83.043472]
[42.520194, -83.043472]
[42.520194, -83.043472]
[42.520194, -83.043472]
[42.520194, -83.043472]
[42.520194, -83.043472]
[42.520194, -83.043472]
[42.520194, -83.043472]
[42.520194, -83.043472]
[42.520194, -83.043472]
[42.520194, -83.043472]
[42.520194, -83.043472]
[42.520194, -83.043472]
[42.520194, -83.043472]
[42.520194, -83.043472]
[42.520194, -83.043472]
[42.520194, -83.043472]
[42.520194, -83.043472]
[42.520194, -83.043472]
[42.520194, -83.043472]
[42.520194, -83.043472]
[42.520194, -83.043472]
[42.520194, -83.043472]
[42.520194, -83.043472]
[42.520194, -83.043472]
[42.520194, -83.043472]
[42.520194, -83.043472]
[42.520194, -83.043472]
[42.520194, -83.043472]
[42.520195, -83.043472]
[42.520195, -83.043472]
[42.520195, -83.043472]
[42.520195, -83.043472]
[42.520195, -83.043472]
[42.520195, -83.043472]
[42.520195, -83.043472]
[42.520195, -83.043472]
[42.520195, -83.043472]
[42.520195, -83.043472]
[42.520195, -83.043472]
[42.520195, -83.043472]
[42.520195, -83.043472]
[42.520195, -83.043472]
[42.520195, -83.043472]
[42.520195, -83.043472]
[42.520195, -83.043472]
[42.520195, -83.043472]
[42.520195, -83.043472]
[42.520195, -83.043472]
[42.520195, -83.043472]
[42.520195, -83.043472]
[42.520195, -83.043472]
[42.520195, -83.043472]
[42.520195, -83.043471]
[42.520195, -83.043471]
[42.520195, -83.043471]
[42.520195, -83.043471]
[42.520195, -83.043471]
[42.520195, -83.043471]
[42.520195, -83.043471]
[42.520195, -83.043471]
[42.520195, -83.043471]
[42.520195, -83.043471]
[42.520195, -83.043471]
[42.520195, -83.043471]
[42.520195, -83.043471]
[42.520195, -83.043471]
[42.520195, -83.043471]
[42.520195, -83.043471]
[42.520195, -83.043471]
[42.520195, -83.043471]
[42.520195, -83.043471]
[42.520195, -83.043471]
[42.520195, -83.043471]
[42.520195, -83.043471]
[42.520195, -83.043471]
[42.520195, -83.043471]
[42.520195, -83.043471]
[42.520195, -83.043471]
[42.520195, -83.043471]
[42.520195, -83.043471]
[42.520195, -83.043471]
[42.520195, -83.043471]
[42.520195, -83.043471]
[42.520195, -83.043471]
[42.520195, -83.043471]
[42.520195, -83.043471]
[42.520195, -83.043471]
[42.520195, -83.043471]
[42.520195, -83.043471]
[42.520195, -83.043471]
[42.520195, -83.043471]
[42.520195, -83.043471]
[42.520195, -83.043471]
[42.520195, -83.043471]
[42.520195, -83.043471]
[42.520195, -83.043471]
[42.520195, -83.043471]
[42.520195, -83.043471]
[42.520195, -83.043471]
[42.520195, -83.043471]
[42.520195, -83.043471]
[42.520195, -83.043471]
[42.520195, -83.043471]
[42.520195, -83.043471]
[42.520195, -83.043471]
[42.520195, -83.043471]
[42.520195, -83.043471]
[42.520195, -83.043471]
[42.520195, -83.043471]
[42.520195, -83.043471]
[42.520195, -83.043471]
[42.520195, -83.043471]
[42.520195, -83.043471]
[42.520195, -83.043471]
[42.520195, -83.043471]
[42.520195, -83.043471]
[42.520195, -83.043471]
[42.520195, -83.043471]
[42.520195, -83.043470]
[42.520195, -83.043470]
[42.520195, -83.043470]
[42.520195, -83.043470]
[42.520195, -83.043470]
[42.520195, -83.043470]
[42.520195, -83.043470]
[42.520195, -83.043470]
[42.520195, -83.043470]
[42.520195, -83.043470]
[42.520195, -83.043470]
[42.520195, -83.043470]
[42.520195, -83.043470]
[42.520195, -83.043470]
[42.520195, -83.043470]
[42.520195, -83.043470]
[42.520195, -83.043470]
[42.520195, -83.043470]
[42.520195, -83.043470]
[42.520195, -83.043469]
[42.520195, -83.043469]
[42.520195, -83.043468]
[42.520195, -83.043467]
[42.520195, -83.043467]
[42.520196, -83.043466]
[42.520196, -83.043465]
[42.520196, -83.043464]
[42.520196, -83.043463]
[42.520197, -83.043460]
[42.520198, -83.043459]
[42.520198, -83.043458]
[42.520198, -83.043456]
[42.520199, -83.043455]
[42.520200, -83.043452]
[42.520200, -83.043450]
[42.520200, -83.043450]
[42.520201, -83.043448]
[42.520201, -83.043448]
[42.520202, -83.043447]
[42.520202, -83.043446]
[42.520203, -83.043444]
[42.520203, -83.043443]
[42.520203, -83.043442]
[42.520204, -83.043442]
[42.520204, -83.043441]
[42.520205, -83.043438]
[42.520206, -83.043437]
[42.520206, -83.043436]
[42.520207, -83.043435]
[42.520208, -83.043433]
[42.520208, -83.043432]
[42.520209, -83.043431]
[42.520209, -83.043430]
[42.520210, -83.043429]
[42.520210, -83.043429]
[42.520212, -83.043427]
[42.520213, -83.043425]
[42.520213, -83.043425]
[42.520214, -83.043424]
[42.520214, -83.043424]
[42.520215, -83.043423]
[42.520215, -83.043422]
[42.520216, -83.043422]
[42.520216, -83.043421]
[42.520217, -83.043420]
[42.520218, -83.043419]
[42.520218, -83.043419]
[42.520219, -83.043418]
[42.520220, -83.043417]
[42.520221, -83.043415]
[42.520223, -83.043415]
[42.520224, -83.043414]
[42.520226, -83.043412]
[42.520227, -83.043411]
[42.520228, -83.043410]
[42.520229, -83.043409]
[42.520229, -83.043409]
[42.520229, -83.043409]
[42.520229, -83.043409]
[42.520229, -83.043409]
[42.520229, -83.043409]
[42.520229, -83.043409]
[42.520229, -83.043409]
[42.520229, -83.043409]
[42.520229, -83.043409]
[42.520229, -83.043409]
[42.520229, -83.043409]
[42.520229, -83.043409]
[42.520229, -83.043409]
[42.520229, -83.043409]
[42.520229, -83.043409]
[42.520229, -83.043409]
[42.520230, -83.043409]
[42.520230, -83.043409]
[42.520230, -83.043409]
[42.520230, -83.043409]
[42.520230, -83.043409]
[42.520230, -83.043409]
[42.520230, -83.043409]
[42.520230, -83.043409]
[42.520230, -83.043409]
[42.520230, -83.043409]
[42.520230, -83.043409]
[42.520230, -83.043409]
[42.520230, -83.043409]
[42.520230, -83.043409]
[42.520230, -83.043409]
[42.520230, -83.043409]
[42.520230, -83.043409]
[42.520230, -83.043409]
[42.520230, -83.043409]
[42.520230, -83.043409]
[42.520230, -83.043408]
[42.520230, -83.043408]
[42.520230, -83.043408]
[42.520230, -83.043408]
[42.520230, -83.043408]
[42.520230, -83.043408]
[42.520230, -83.043408]
[42.520230, -83.043408]
[42.520230, -83.043408]
[42.520230, -83.043408]
[42.520230, -83.043408]
[42.520230, -83.043408]
[42.520230, -83.043408]
[42.520230, -83.043408]
[42.520230, -83.043408]
[42.520230, -83.043408]
[42.520230, -83.043408]
[42.520230, -83.043408]
[42.520230, -83.043408]
[42.520231, -83.043408]
[42.520231, -83.043408]
[42.520231, -83.043408]
[42.520231, -83.043408]
[42.520231, -83.043408]
[42.520231, -83.043408]
[42.520231, -83.043408]
[42.520231, -83.043408]
[42.520231, -83.043408]
[42.520231, -83.043408]
[42.520231, -83.043408]
[42.520231, -83.043408]
[42.520231, -83.043408]
[42.520231, -83.043408]
[42.520231, -83.043408]
[42.520231, -83.043408]
[42.520231, -83.043408]
[42.520231, -83.043408]
[42.520231, -83.043408]
[42.520231, -83.043408]
[42.520231, -83.043408]
[42.520231, -83.043408]
[42.520231, -83.043408]
[42.520231, -83.043408]
[42.520231, -83.043408]
[42.520231, -83.043408]
[42.520231, -83.043408]
[42.520231, -83.043408]
[42.520231, -83.043408]
[42.520231, -83.043408]
[42.520231, -83.043408]
[42.520231, -83.043408]
[42.520231, -83.043408]
[42.520231, -83.043408]
[42.520231, -83.043408]
[42.520231, -83.043408]
[42.520231, -83.043408]
[42.520231, -83.043408]
[42.520231, -83.043408]
[42.520231, -83.043408]
[42.520231, -83.043408]
[42.520231, -83.043408]
[42.520231, -83.043408]
[42.520231, -83.043408]
[42.520231, -83.043408]
[42.520231, -83.043408]
[42.520231, -83.043408]
[42.520231, -83.043408]
[42.520231, -83.043408]
[42.520231, -83.043408]
[42.520231, -83.043408]
[42.520231, -83.043408]
[42.520231, -83.043408]
[42.520231, -83.043408]
[42.520231, -83.043408]
[42.520231, -83.043408]
[42.520231, -83.043408]
[42.520231, -83.043408]
[42.520231, -83.043408]
[42.520231, -83.043408]
[42.520231, -83.043408]
[42.520231, -83.043408]
[42.520231, -83.043408]
[42.520231, -83.043408]
[42.520231, -83.043408]
[42.520231, -83.043408]
[42.520231, -83.043408]
[42.520231, -83.043408]
[42.520231, -83.043408]
[42.520231, -83.043408]
[42.520231, -83.043408]
[42.520231, -83.043408]
[42.520231, -83.043408]
[42.520231, -83.043408]
[42.520231, -83.043408]
[42.520231, -83.043408]
[42.520231, -83.043408]
[42.520231, -83.043408]
[42.520231, -83.043408]
[42.520231, -83.043408]
[42.520231, -83.043408]
[42.520231, -83.043408]
[42.520231, -83.043407]
[42.520231, -83.043407]
[42.520231, -83.043407]
[42.520230, -83.043407]
[42.520230, -83.043407]
[42.520230, -83.043407]
[42.520230, -83.043407]
[42.520230, -83.043407]
[42.520230, -83.043407]
[42.520230, -83.043407]
[42.520230, -83.043407]
[42.520230, -83.043407]
[42.520230, -83.043407]
[42.520230, -83.043407]
[42.520230, -83.043407]
[42.520230, -83.043407]
[42.520230, -83.043407]
[42.520230, -83.043407]
[42.520230, -83.043407]
[42.520230, -83.043407]
[42.520230, -83.043407]
[42.520230, -83.043407]
[42.520230, -83.043407]
[42.520230, -83.043407]
[42.520230, -83.043407]
[42.520230, -83.043407]
[42.520230, -83.043407]
[42.520230, -83.043407]
[42.520230, -83.043406]
[42.520230, -83.043406]
[42.520230, -83.043406]
[42.520230, -83.043406]
[42.520230, -83.043406]
[42.520230, -83.043406]
[42.520230, -83.043406]
[42.520230, -83.043406]
[42.520230, -83.043406]
[42.520230, -83.043406]
[42.520230, -83.043406]
[42.520230, -83.043406]
[42.520230, -83.043406]
[42.520230, -83.043406]
[42.520230, -83.043407]
[42.520230, -83.043407]
[42.520230, -83.043407]
[42.520230, -83.043407]
[42.520230, -83.043407]
[42.520230, -83.043407]
[42.520230, -83.043407]
[42.520230, -83.043407]
[42.520230, -83.043407]
[42.520230, -83.043407]
[42.520230, -83.043407]
[42.520230, -83.043407]
[42.520230, -83.043407]
[42.520230, -83.043407]
[42.520230, -83.043407]
[42.520230, -83.043407]
[42.520230, -83.043406]
[42.520230, -83.043406]
[42.520230, -83.043406]
[42.520230, -83.043406]
[42.520230, -83.043406]
[42.520230, -83.043406]
[42.520230, -83.043406]
[42.520230, -83.043406]
[42.520230, -83.043406]
[42.520230, -83.043406]
[42.520230, -83.043406]
[42.520230, -83.043406]
[42.520230, -83.043406]
[42.520230, -83.043406]
[42.520230, -83.043406]
[42.520230, -83.043406]
[42.520230, -83.043406]
[42.520230, -83.043406]
[42.520230, -83.043406]
[42.520230, -83.043406]
[42.520230, -83.043406]
[42.520230, -83.043406]
[42.520230, -83.043406]
[42.520231, -83.043406]
[42.520231, -83.043406]
[42.520231, -83.043406]
[42.520231, -83.043406]
[42.520231, -83.043406]
[42.520231, -83.043406]
[42.520231, -83.043406]
[42.520231, -83.043406]
[42.520231, -83.043406]
[42.520231, -83.043406]
[42.520231, -83.043406]
[42.520231, -83.043406]
[42.520231, -83.043406]
[42.520231, -83.043406]
[42.520231, -83.043406]
[42.520231, -83.043406]
[42.520231, -83.043406]
[42.520231, -83.043406]
[42.520231, -83.043406]
[42.520231, -83.043406]
[42.520231, -83.043406]
[42.520231, -83.043406]
[42.520231, -83.043406]
[42.520231, -83.043406]
[42.520231, -83.043406]
[42.520231, -83.043406]
[42.520231, -83.043406]
[42.520231, -83.043406]
[42.520231, -83.043406]
[42.520231, -83.043406]
[42.520231, -83.043406]
[42.520231, -83.043406]
[42.520231, -83.043406]
[42.520231, -83.043406]
[42.520231, -83.043406]
[42.520231, -83.043406]
[42.520231, -83.043406]
[42.520231, -83.043406]
[42.520231, -83.043406]
[42.520231, -83.043406]
[42.520230, -83.043406]
[42.520230, -83.043406]
[42.520230, -83.043406]
[42.520230, -83.043406]
[42.520230, -83.043406]
[42.520230, -83.043406]
[42.520230, -83.043406]
[42.520230, -83.043406]
[42.520230, -83.043406]
[42.520230, -83.043406]
[42.520231, -83.043406]
[42.520231, -83.043406]
[42.520231, -83.043406]
[42.520231, -83.043406]
[42.520231, -83.043406]
[42.520231, -83.043406]
[42.520231, -83.043406]
[42.520231, -83.043406]
[42.520231, -83.043406]
[42.520231, -83.043406]
[42.520231, -83.043406]
[42.520231, -83.043406]
[42.520231, -83.043406]
[42.520231, -83.043406]
[42.520231, -83.043406]
[42.520231, -83.043406]
[42.520231, -83.043406]
[42.520231, -83.043406]
[42.520231, -83.043406]
[42.520231, -83.043406]
[42.520231, -83.043406]
[42.520230, -83.043406]
[42.520230, -83.043406]
[42.520230, -83.043406]
[42.520230, -83.043406]
[42.520230, -83.043406]
[42.520230, -83.043406]
[42.520230, -83.043406]
[42.520230, -83.043406]
[42.520230, -83.043406]
[42.520230, -83.043406]
[42.520230, -83.043405]
[42.520230, -83.043405]
[42.520230, -83.043406]
[42.520230, -83.043406]
[42.520230, -83.043405]
[42.520230, -83.043405]
[42.520230, -83.043405]
[42.520230, -83.043405]
[42.520230, -83.043405]
[42.520230, -83.043405]
[42.520230, -83.043405]
[42.520230, -83.043405]
[42.520230, -83.043405]
[42.520230, -83.043405]
[42.520230, -83.043405]
[42.520230, -83.043405]
[42.520230, -83.043405]
[42.520230, -83.043405]
[42.520230, -83.043405]
[42.520230, -83.043405]
[42.520230, -83.043405]
[42.520230, -83.043405]
[42.520230, -83.043405]
[42.520230, -83.043405]
[42.520230, -83.043405]
[42.520230, -83.043405]
[42.520230, -83.043405]
[42.520230, -83.043405]
[42.520230, -83.043405]
[42.520230, -83.043405]
[42.520230, -83.043405]
[42.520230, -83.043405]
[42.520230, -83.043405]
[42.520230, -83.043405]
[42.520230, -83.043405]
[42.520230, -83.043405]
[42.520230, -83.043405]
[42.520230, -83.043405]
[42.520230, -83.043405]
[42.520230, -83.043405]
[42.520230, -83.043405]
[42.520230, -83.043405]
[42.520230, -83.043405]
[42.520230, -83.043405]
[42.520230, -83.043405]
[42.520230, -83.043405]
[42.520230, -83.043405]
[42.520230, -83.043405]
[42.520230, -83.043405]
[42.520230, -83.043405]
[42.520230, -83.043405]
[42.520230, -83.043405]
[42.520230, -83.043405]
[42.520230, -83.043405]
[42.520230, -83.043405]
[42.520230, -83.043405]
[42.520230, -83.043405]
[42.520230, -83.043405]
[42.520230, -83.043405]
[42.520230, -83.043405]
[42.520231, -83.043405]
[42.520231, -83.043405]
[42.520231, -83.043405]
[42.520231, -83.043405]
[42.520231, -83.043405]
[42.520231, -83.043405]
[42.520231, -83.043405]
[42.520231, -83.043405]
[42.520231, -83.043405]
[42.520231, -83.043405]
[42.520231, -83.043405]
[42.520231, -83.043405]
[42.520231, -83.043405]
[42.520231, -83.043405]
[42.520231, -83.043405]
[42.520231, -83.043405]
[42.520231, -83.043405]
[42.520231, -83.043405]
[42.520231, -83.043405]
[42.520231, -83.043405]
[42.520231, -83.043405]
[42.520231, -83.043405]
[42.520231, -83.043405]
[42.520231, -83.043405]
[42.520231, -83.043405]
[42.520231, -83.043405]
[42.520231, -83.043405]
[42.520231, -83.043405]
[42.520231, -83.043405]
[42.520231, -83.043405]
[42.520231, -83.043405]
[42.520231, -83.043405]
[42.520231, -83.043405]
[42.520231, -83.043405]
[42.520231, -83.043405]
[42.520231, -83.043405]
[42.520231, -83.043405]
[42.520231, -83.043404]
[42.520231, -83.043404]
[42.520231, -83.043404]
[42.520231, -83.043404]
[42.520231, -83.043404]
[42.520231, -83.043404]
[42.520231, -83.043404]
[42.520231, -83.043404]
[42.520231, -83.043404]
[42.520232, -83.043404]
[42.520232, -83.043404]
[42.520232, -83.043404]
[42.520232, -83.043404]
[42.520232, -83.043404]
[42.520232, -83.043404]
[42.520232, -83.043404]
[42.520232, -83.043404]
[42.520232, -83.043404]
[42.520232, -83.043404]
[42.520232, -83.043404]
[42.520232, -83.043404]
[42.520232, -83.043404]
[42.520232, -83.043404]
[42.520232, -83.043404]
[42.520232, -83.043404]
[42.520232, -83.043404]
[42.520232, -83.043404]
[42.520232, -83.043404]
[42.520232, -83.043404]
[42.520232, -83.043404]
[42.520232, -83.043404]
[42.520232, -83.043404]
[42.520232, -83.043404]
[42.520231, -83.043404]
[42.520231, -83.043404]
[42.520231, -83.043404]
[42.520231, -83.043404]
[42.520231, -83.043404]
[42.520231, -83.043404]
[42.520231, -83.043404]
[42.520231, -83.043405]
[42.520231, -83.043405]
[42.520231, -83.043405]
[42.520231, -83.043405]
[42.520231, -83.043405]
[42.520231, -83.043405]
[42.520231, -83.043405]
[42.520231, -83.043405]
[42.520231, -83.043405]
[42.520231, -83.043405]
[42.520231, -83.043405]
[42.520231, -83.043405]
[42.520231, -83.043405]
[42.520231, -83.043405]
[42.520231, -83.043406]
[42.520231, -83.043406]
[42.520230, -83.043406]
[42.520230, -83.043406]
[42.520230, -83.043406]
[42.520230, -83.043406]
[42.520230, -83.043406]
[42.520230, -83.043406]
[42.520230, -83.043406]
[42.520230, -83.043406]
[42.520230, -83.043406]
[42.520230, -83.043406]
[42.520230, -83.043407]
[42.520230, -83.043407]
[42.520230, -83.043407]
[42.520230, -83.043407]
[42.520230, -83.043407]
[42.520230, -83.043407]
[42.520230, -83.043407]
[42.520230, -83.043407]
[42.520230, -83.043407]
[42.520230, -83.043407]
[42.520230, -83.043407]
[42.520230, -83.043407]
[42.520230, -83.043407]
[42.520230, -83.043407]
[42.520230, -83.043407]
[42.520230, -83.043408]
[42.520230, -83.043408]
[42.520230, -83.043408]
[42.520230, -83.043408]
[42.520230, -83.043408]
[42.520230, -83.043408]
[42.520231, -83.043408]
[42.520231, -83.043408]
[42.520231, -83.043408]
[42.520231, -83.043408]
[42.520231, -83.043408]
[42.520231, -83.043408]
[42.520231, -83.043408]
[42.520231, -83.043408]
[42.520231, -83.043408]
[42.520231, -83.043408]
[42.520231, -83.043408]
[42.520231, -83.043408]
[42.520231, -83.043408]
[42.520231, -83.043408]
[42.520231, -83.043408]
[42.520231, -83.043408]
[42.520231, -83.043408]
[42.520231, -83.043408]
[42.520231, -83.043408]
[42.520231, -83.043408]
[42.520230, -83.043408]
[42.520230, -83.043408]
[42.520230, -83.043408]
[42.520230, -83.043408]
[42.520230, -83.043408]
[42.520230, -83.043408]
[42.520230, -83.043408]
[42.520230, -83.043408]
[42.520231, -83.043408]
[42.520231, -83.043408]
[42.520231, -83.043408]
[42.520231, -83.043408]
[42.520231, -83.043408]
[42.520231, -83.043408]
[42.520231, -83.043408]
[42.520231, -83.043408]
[42.520231, -83.043408]
[42.520231, -83.043408]
[42.520231, -83.043408]
[42.520231, -83.043408]
[42.520231, -83.043408]
[42.520231, -83.043408]
[42.520231, -83.043408]
[42.520231, -83.043408]
[42.520231, -83.043408]
[42.520231, -83.043408]
[42.520231, -83.043408]
[42.520231, -83.043408]
[42.520231, -83.043408]
[42.520231, -83.043408]
[42.520231, -83.043408]
[42.520231, -83.043408]
[42.520231, -83.043408]
[42.520231, -83.043408]
[42.520231, -83.043408]
[42.520231, -83.043408]
[42.520231, -83.043408]
[42.520231, -83.043408]
[42.520231, -83.043408]
[42.520231, -83.043408]
[42.520231, -83.043408]
[42.520231, -83.043408]
[42.520231, -83.043408]
[42.520231, -83.043408]
[42.520231, -83.043408]
[42.520231, -83.043408]
[42.520231, -83.043408]
[42.520231, -83.043408]
[42.520231, -83.043408]
[42.520231, -83.043408]
[42.520231, -83.043408]
[42.520231, -83.043408]
[42.520231, -83.043408]
[42.520231, -83.043408]
[42.520231, -83.043408]
[42.520231, -83.043408]
[42.520231, -83.043408]
[42.520231, -83.043408]
[42.520231, -83.043409]
[42.520231, -83.043409]
[42.520231, -83.043409]
[42.520231, -83.043409]
[42.520231, -83.043409]
[42.520231, -83.043409]
[42.520231, -83.043409]
[42.520231, -83.043409]
[42.520231, -83.043409]
[42.520231, -83.043409]
[42.520231, -83.043409]
[42.520231, -83.043409]
[42.520231, -83.043409]
[42.520231, -83.043409]
[42.520231, -83.043409]
[42.520231, -83.043409]
[42.520231, -83.043409]
[42.520231, -83.043409]
[42.520231, -83.043409]
[42.520231, -83.043409]
[42.520231, -83.043409]
[42.520230, -83.043409]
[42.520230, -83.043409]
[42.520230, -83.043409]
[42.520230, -83.043409]
[42.520230, -83.043409]
[42.520230, -83.043410]
[42.520230, -83.043410]
[42.520230, -83.043410]
[42.520230, -83.043410]
[42.520230, -83.043410]
[42.520230, -83.043410]
[42.520230, -83.043410]
[42.520230, -83.043410]
[42.520230, -83.043410]
[42.520230, -83.043410]
[42.520230, -83.043410]
[42.520230, -83.043410]
[42.520230, -83.043410]
[42.520230, -83.043410]
[42.520230, -83.043410]
[42.520230, -83.043411]
[42.520230, -83.043411]
[42.520230, -83.043411]
[42.520230, -83.043411]
[42.520230, -83.043411]
[42.520230, -83.043411]
[42.520230, -83.043411]
[42.520230, -83.043411]
[42.520230, -83.043411]
[42.520230, -83.043411]
[42.520230, -83.043411]
[42.520230, -83.043411]
[42.520230, -83.043411]
[42.520230, -83.043411]
[42.520230, -83.043411]
[42.520230, -83.043412]
[42.520230, -83.043412]
[42.520230, -83.043412]
[42.520230, -83.043412]
[42.520230, -83.043412]
[42.520230, -83.043412]
[42.520230, -83.043412]
[42.520230, -83.043412]
[42.520230, -83.043412]
[42.520230, -83.043412]
[42.520230, -83.043412]
[42.520230, -83.043412]
[42.520230, -83.043412]
[42.520230, -83.043412]
[42.520230, -83.043412]
[42.520230, -83.043412]
[42.520230, -83.043412]
[42.520230, -83.043412]
[42.520230, -83.043412]
[42.520230, -83.043412]
[42.520230, -83.043412]
[42.520230, -83.043412]
[42.520230, -83.043412]
[42.520230, -83.043412]
[42.520230, -83.043412]
[42.520230, -83.043412]
[42.520230, -83.043412]
[42.520230, -83.043412]
[42.520230, -83.043412]
[42.520230, -83.043412]
[42.520230, -83.043412]
[42.520230, -83.043412]
[42.520230, -83.043412]
[42.520230, -83.043412]
[42.520230, -83.043412]
[42.520230, -83.043412]
[42.520230, -83.043412]
[42.520230, -83.043412]
[42.520230, -83.043411]
[42.520230, -83.043411]
[42.520230, -83.043411]
[42.520230, -83.043411]
[42.520230, -83.043411]
[42.520230, -83.043411]
[42.520230, -83.043411]
[42.520230, -83.043411]
[42.520230, -83.043411]
[42.520230, -83.043411]
[42.520230, -83.043411]
[42.520230, -83.043411]
[42.520230, -83.043411]
[42.520230, -83.043411]
[42.520230, -83.043411]
[42.520230, -83.043411]
[42.520230, -83.043411]
[42.520230, -83.043410]
[42.520231, -83.043410]
[42.520231, -83.043410]
[42.520231, -83.043410]
[42.520231, -83.043410]
[42.520231, -83.043410]
[42.520231, -83.043410]
[42.520231, -83.043410]
[42.520231, -83.043410]
[42.520231, -83.043410]
[42.520231, -83.043410]
[42.520231, -83.043410]
[42.520231, -83.043410]
[42.520231, -83.043410]
[42.520231, -83.043410]
[42.520231, -83.043410]
[42.520231, -83.043410]
[42.520231, -83.043410]
[42.520231, -83.043410]
[42.520231, -83.043410]
[42.520231, -83.043410]
[42.520231, -83.043410]
[42.520231, -83.043410]
[42.520231, -83.043410]
[42.520231, -83.043410]
[42.520231, -83.043410]
[42.520231, -83.043410]
[42.520231, -83.043410]
[42.520231, -83.043410]
[42.520231, -83.043410]
[42.520231, -83.043410]
[42.520231, -83.043410]
[42.520231, -83.043410]
[42.520231, -83.043410]
[42.520231, -83.043410]
[42.520231, -83.043410]
[42.520231, -83.043410]
[42.520231, -83.043410]
[42.520231, -83.043410]
[42.520231, -83.043410]
[42.520231, -83.043410]
[42.520231, -83.043410]
[42.520231, -83.043410]
[42.520231, -83.043410]
[42.520231, -83.043410]
[42.520231, -83.043410]
[42.520231, -83.043410]
[42.520231, -83.043410]
[42.520231, -83.043410]
[42.520231, -83.043410]
[42.520231, -83.043409]
[42.520231, -83.043409]
[42.520231, -83.043409]
[42.520231, -83.043409]
[42.520231, -83.043409]
[42.520231, -83.043409]
[42.520231, -83.043409]
[42.520231, -83.043409]
[42.520231, -83.043409]
[42.520231, -83.043409]
[42.520231, -83.043409]
[42.520231, -83.043409]
[42.520231, -83.043409]
[42.520231, -83.043409]
[42.520231, -83.043409]
[42.520231, -83.043409]
[42.520231, -83.043409]
[42.520231, -83.043409]
[42.520231, -83.043409]
[42.520231, -83.043409]
[42.520231, -83.043409]
[42.520231, -83.043409]
[42.520231, -83.043409]
[42.520231, -83.043409]
[42.520231, -83.043409]
[42.520231, -83.043409]
[42.520231, -83.043409]
[42.520231, -83.043409]
[42.520231, -83.043409]
[42.520231, -83.043409]
[42.520231, -83.043409]
[42.520231, -83.043409]
[42.520231, -83.043409]
[42.520231, -83.043409]
[42.520231, -83.043409]
[42.520231, -83.043409]
[42.520231, -83.043409]
[42.520231, -83.043409]
[42.520231, -83.043409]
[42.520231, -83.043409]
[42.520231, -83.043409]
[42.520231, -83.043409]
[42.520231, -83.043409]
[42.520231, -83.043409]
[42.520231, -83.043409]
[42.520231, -83.043409]
[42.520231, -83.043409]
[42.520231, -83.043409]
[42.520231, -83.043409]
[42.520231, -83.043409]
[42.520231, -83.043409]
[42.520231, -83.043409]
[42.520231, -83.043409]
[42.520231, -83.043409]
[42.520231, -83.043409]
[42.520231, -83.043409]
[42.520231, -83.043409]
[42.520231, -83.043409]
[42.520230, -83.043409]
[42.520230, -83.043409]
[42.520230, -83.043409]
[42.520230, -83.043409]
[42.520230, -83.043409]
[42.520230, -83.043409]
[42.520230, -83.043409]
[42.520230, -83.043409]
[42.520230, -83.043409]
[42.520230, -83.043409]
[42.520230, -83.043409]
[42.520230, -83.043409]
[42.520230, -83.043409]
[42.520230, -83.043409]
[42.520230, -83.043409]
[42.520230, -83.043409]
[42.520230, -83.043409]
[42.520230, -83.043409]
[42.520230, -83.043409]
[42.520230, -83.043409]
[42.520230, -83.043409]
[42.520230, -83.043409]
[42.520230, -83.043409]
[42.520230, -83.043409]
[42.520230, -83.043410]
[42.520230, -83.043410]
[42.520230, -83.043410]
[42.520230, -83.043409]
[42.520230, -83.043409]
[42.520230, -83.043409]
[42.520230, -83.043409]
[42.520230, -83.043409]
[42.520230, -83.043409]
[42.520230, -83.043409]
[42.520230, -83.043409]
[42.520230, -83.043409]
[42.520230, -83.043409]
[42.520230, -83.043409]
[42.520230, -83.043409]
[42.520230, -83.043409]
[42.520230, -83.043409]
[42.520230, -83.043409]
[42.520230, -83.043409]
[42.520230, -83.043409]
[42.520230, -83.043409]
[42.520230, -83.043409]
[42.520230, -83.043409]
[42.520230, -83.043409]
[42.520230, -83.043409]
[42.520230, -83.043409]
[42.520231, -83.043409]
[42.520231, -83.043409]
[42.520231, -83.043409]
[42.520231, -83.043409]
[42.520231, -83.043409]
[42.520231, -83.043409]
[42.520231, -83.043409]
[42.520231, -83.043409]
[42.520231, -83.043409]
[42.520231, -83.043409]
[42.520231, -83.043409]
[42.520230, -83.043409]
[42.520230, -83.043409]
[42.520230, -83.043409]
[42.520230, -83.043409]
[42.520230, -83.043409]
[42.520230, -83.043410]
[42.520230, -83.043410]
[42.520231, -83.043410]
[42.520231, -83.043410]
[42.520231, -83.043410]
[42.520231, -83.043410]
[42.520231, -83.043410]
[42.520231, -83.043410]
[42.520231, -83.043410]
[42.520231, -83.043410]
[42.520231, -83.043410]
[42.520231, -83.043410]
[42.520231, -83.043410]
[42.520231, -83.043410]
[42.520231, -83.043410]
[42.520231, -83.043410]
[42.520231, -83.043410]
[42.520231, -83.043410]
[42.520231, -83.043410]
[42.520231, -83.043410]
[42.520231, -83.043410]
[42.520231, -83.043410]
[42.520231, -83.043410]
[42.520231, -83.043410]
[42.520231, -83.043410]
[42.520231, -83.043410]
[42.520231, -83.043410]
[42.520231, -83.043410]
[42.520231, -83.043410]
[42.520231, -83.043410]
[42.520231, -83.043410]
[42.520231, -83.043410]
[42.520231, -83.043410]
[42.520231, -83.043410]
[42.520231, -83.043410]
[42.520231, -83.043410]
[42.520231, -83.043410]
[42.520231, -83.043410]
[42.520231, -83.043410]
[42.520232, -83.043410]
[42.520232, -83.043410]
[42.520232, -83.043410]
[42.520232, -83.043410]
[42.520232, -83.043410]
[42.520232, -83.043410]
[42.520232, -83.043410]
[42.520232, -83.043410]
[42.520232, -83.043410]
[42.520232, -83.043410]
[42.520232, -83.043410]
[42.520232, -83.043410]
[42.520232, -83.043410]
[42.520232, -83.043410]
[42.520232, -83.043410]
[42.520232, -83.043410]
[42.520232, -83.043410]
[42.520232, -83.043410]
[42.520232, -83.043410]
[42.520232, -83.043410]
[42.520232, -83.043410]
[42.520232, -83.043410]
[42.520232, -83.043410]
[42.520232, -83.043410]
[42.520232, -83.043410]
[42.520232, -83.043410]
[42.520232, -83.043410]
[42.520232, -83.043410]
[42.520232, -83.043410]
[42.520232, -83.043411]
[42.520232, -83.043411]
[42.520232, -83.043411]
[42.520232, -83.043411]
[42.520232, -83.043411]
[42.520232, -83.043411]
[42.520232, -83.043411]
[42.520232, -83.043411]
[42.520232, -83.043411]
[42.520232, -83.043411]
[42.520232, -83.043411]
[42.520232, -83.043411]
[42.520232, -83.043411]
[42.520232, -83.043411]
[42.520232, -83.043411]
[42.520232, -83.043411]
[42.520232, -83.043411]
[42.520232, -83.043411]
[42.520232, -83.043411]
[42.520232, -83.043411]
[42.520232, -83.043411]
[42.520231, -83.043411]
[42.520231, -83.043411]
[42.520231, -83.043411]
[42.520231, -83.043411]
[42.520231, -83.043411]
[42.520231, -83.043411]
[42.520231, -83.043411]
[42.520231, -83.043411]
[42.520231, -83.043411]
[42.520231, -83.043411]
[42.520231, -83.043411]
[42.520231, -83.043411]
[42.520231, -83.043411]
[42.520231, -83.043411]
[42.520231, -83.043411]
[42.520231, -83.043411]
[42.520231, -83.043411]
[42.520231, -83.043411]
[42.520231, -83.043411]
[42.520231, -83.043411]
[42.520231, -83.043411]
[42.520231, -83.043411]
[42.520231, -83.043411]
[42.520231, -83.043411]
[42.520231, -83.043411]
[42.520231, -83.043411]
[42.520231, -83.043411]
[42.520231, -83.043411]
[42.520231, -83.043411]
[42.520231, -83.043411]
[42.520231, -83.043411]
[42.520231, -83.043411]
[42.520231, -83.043411]
[42.520231, -83.043411]
[42.520231, -83.043411]
[42.520231, -83.043411]
[42.520231, -83.043411]
[42.520231, -83.043411]
[42.520231, -83.043411]
[42.520231, -83.043411]
[42.520231, -83.043411]
[42.520231, -83.043411]
[42.520231, -83.043411]
[42.520231, -83.043411]
[42.520231, -83.043411]
[42.520231, -83.043411]
[42.520231, -83.043411]
[42.520231, -83.043411]
[42.520231, -83.043411]
[42.520231, -83.043412]
[42.520231, -83.043412]
[42.520231, -83.043412]
[42.520231, -83.043412]
[42.520231, -83.043412]
[42.520231, -83.043412]
[42.520231, -83.043412]
[42.520231, -83.043412]
[42.520231, -83.043412]
[42.520231, -83.043412]
[42.520231, -83.043412]
[42.520231, -83.043412]
[42.520231, -83.043412]
[42.520231, -83.043412]
[42.520231, -83.043412]
[42.520231, -83.043412]
[42.520231, -83.043412]
[42.520230, -83.043412]
[42.520230, -83.043412]
[42.520230, -83.043412]
[42.520230, -83.043412]
[42.520230, -83.043412]
[42.520230, -83.043412]
[42.520230, -83.043412]
[42.520230, -83.043412]
[42.520230, -83.043412]
[42.520230, -83.043412]
[42.520230, -83.043412]
[42.520230, -83.043412]
[42.520230, -83.043412]
[42.520230, -83.043413]
[42.520230, -83.043413]
[42.520230, -83.043413]
[42.520230, -83.043413]
[42.520230, -83.043413]
[42.520229, -83.043413]
